date,close
2010-11-30,9.331710815429688
2010-12-01,9.489168167114258
2010-12-02,9.541651725769043
2010-12-03,9.520356178283691
2010-12-06,9.601634979248047
2010-12-07,9.543448448181152
2010-12-08,9.62742805480957
2010-12-09,9.589941024780273
2010-12-10,9.613927841186523
2010-12-13,9.647218704223633
2010-12-14,9.605831146240234
2010-12-15,9.607930183410645
2010-12-16,9.634622573852539
2010-12-17,9.615427017211914
2010-12-20,9.66341495513916
2010-12-21,9.72309398651123
2010-12-22,9.751885414123535
2010-12-23,9.705102920532227
2010-12-27,9.737488746643066
2010-12-28,9.761184692382812
2010-12-29,9.755785942077637
2010-12-30,9.70689868927002
2010-12-31,9.673913955688477
2011-01-03,9.884150505065918
2011-01-04,9.935731887817383
2011-01-05,10.017007827758789
2011-01-06,10.00891399383545
2011-01-07,10.080591201782227
2011-01-10,10.270429611206055
2011-01-11,10.246140480041504
2011-01-12,10.32951545715332
2011-01-13,10.367300033569336
2011-01-14,10.451278686523438
2011-01-18,10.21644401550293
2011-01-19,10.162168502807617
2011-01-20,9.97741985321045
2011-01-21,9.798673629760742
2011-01-24,10.120477676391602
2011-01-25,10.23894214630127
2011-01-26,10.312419891357422
2011-01-27,10.293224334716797
2011-01-28,10.079988479614258
2011-01-31,10.176559448242188
2011-02-01,10.347808837890625
2011-02-02,10.32651424407959
2011-02-03,10.300125122070312
2011-02-04,10.391897201538086
2011-02-07,10.55324935913086
2011-02-08,10.652816772460938
2011-02-09,10.74159049987793
2011-02-10,10.633023262023926
2011-02-11,10.702303886413574
2011-02-14,10.772183418273926
2011-02-15,10.793776512145996
2011-02-16,10.890645027160645
2011-02-17,10.745794296264648
2011-02-18,10.513659477233887
2011-02-22,10.155268669128418
2011-02-23,10.275533676147461
2011-02-24,10.283327102661133
2011-02-25,10.441680908203125
2011-02-28,10.593134880065918
2011-03-01,10.476170539855957
2011-03-02,10.560442924499512
2011-03-03,10.783580780029297
2011-03-04,10.796775817871094
2011-03-07,10.657618522644043
2011-03-08,10.669614791870117
2011-03-09,10.570943832397461
2011-03-10,10.39699649810791
2011-03-11,10.556546211242676
2011-03-14,10.603631973266602
2011-03-15,10.359806060791016
2011-03-16,9.897339820861816
2011-03-17,10.036205291748047
2011-03-18,9.91713809967041
2011-03-21,10.175960540771484
2011-03-22,10.232940673828125
2011-03-23,10.172662734985352
2011-03-24,10.346013069152832
2011-03-25,10.543050765991211
2011-03-28,10.51006031036377
2011-03-29,10.525653839111328
2011-03-30,10.455778121948242
2011-03-31,10.452177047729492
2011-04-01,10.33371639251709
2011-04-04,10.232645034790039
2011-04-05,10.163665771484375
2011-04-06,10.138169288635254
2011-04-07,10.13937759399414
2011-04-08,10.048799514770508
2011-04-11,9.921038627624512
2011-04-12,9.969022750854492
2011-04-13,10.080888748168945
2011-04-14,9.969624519348145
2011-04-15,9.820871353149414
2011-04-18,9.95252513885498
2011-04-19,10.132776260375977
2011-04-20,10.269231796264648
2011-04-21,10.517860412597656
2011-04-25,10.587140083312988
2011-04-26,10.50946044921875
2011-04-27,10.501363754272461
2011-04-28,10.399394035339355
2011-04-29,10.500762939453125
2011-05-02,10.385300636291504
2011-05-03,10.442879676818848
2011-05-04,10.483965873718262
2011-05-05,10.399394035339355
2011-05-06,10.396693229675293
2011-05-09,10.424886703491211
2011-05-10,10.480369567871094
2011-05-11,10.413786888122559
2011-05-12,10.39399528503418
2011-05-13,10.211952209472656
2011-05-16,9.996017456054688
2011-05-17,10.08119010925293
2011-05-18,10.1930570602417
2011-05-19,10.212850570678711
2011-05-20,10.053597450256348
2011-05-23,10.02900505065918
2011-05-24,9.962724685668945
2011-05-25,10.100379943847656
2011-05-26,10.047001838684082
2011-05-27,10.119277000427246
2011-05-31,10.431784629821777
2011-06-01,10.362205505371094
2011-06-02,10.379899024963379
2011-06-03,10.300125122070312
2011-06-06,10.138169288635254
2011-06-07,9.958229064941406
2011-06-08,9.964225769042969
2011-06-09,9.941734313964844
2011-06-10,9.774077415466309
2011-06-13,9.795071601867676
2011-06-14,9.970223426818848
2011-06-15,9.799572944641113
2011-06-16,9.751885414123535
2011-06-17,9.604930877685547
2011-06-20,9.456775665283203
2011-06-21,9.756085395812988
2011-06-22,9.675407409667969
2011-06-23,9.93393325805664
2011-06-24,9.787578582763672
2011-06-27,9.958229064941406
2011-06-28,10.054794311523438
2011-06-29,10.018207550048828
2011-06-30,10.067092895507812
2011-07-01,10.29472827911377
2011-07-05,10.479769706726074
2011-07-06,10.549647331237793
2011-07-07,10.712800025939941
2011-07-08,10.788078308105469
2011-07-11,10.616827011108398
2011-07-12,10.609329223632812
2011-07-13,10.737394332885742
2011-07-14,10.729900360107422
2011-07-15,10.94433307647705
2011-07-18,11.210652351379395
2011-07-19,11.3021240234375
2011-07-20,11.603536605834961
2011-07-21,11.615234375
2011-07-22,11.7954740524292
2011-07-25,11.951430320739746
2011-07-26,12.098690032958984
2011-07-27,11.774185180664062
2011-07-28,11.751091957092285
2011-07-29,11.710901260375977
2011-08-01,11.898944854736328
2011-08-02,11.663816452026367
2011-08-03,11.773584365844727
2011-08-04,11.317719459533691
2011-08-05,11.205253601074219
2011-08-08,10.593134880065918
2011-08-09,11.216947555541992
2011-08-10,10.90744400024414
2011-08-11,11.20765209197998
2011-08-12,11.306324005126953
2011-08-15,11.49886417388916
2011-08-16,11.410990715026855
2011-08-17,11.40979290008545
2011-08-18,10.978222846984863
2011-08-19,10.677711486816406
2011-08-22,10.690008163452148
2011-08-23,11.204656600952148
2011-08-24,11.282032012939453
2011-08-25,11.208251953125
2011-08-26,11.5039644241333
2011-08-29,11.695605278015137
2011-08-30,11.696205139160156
2011-08-31,11.541450500488281
2011-09-01,11.427489280700684
2011-09-02,11.218148231506348
2011-09-06,11.388800621032715
2011-09-07,11.5144624710083
2011-09-08,11.520757675170898
2011-09-09,11.321019172668457
2011-09-12,11.394793510437012
2011-09-13,11.535157203674316
2011-09-14,11.675511360168457
2011-09-15,11.7852783203125
2011-09-16,12.011414527893066
2011-09-19,12.34521484375
2011-09-20,12.399795532226562
2011-09-21,12.360509872436523
2011-09-22,12.051000595092773
2011-09-23,12.125381469726562
2011-09-26,12.091490745544434
2011-09-27,11.974224090576172
2011-09-28,11.906744956970215
2011-09-29,11.713604927062988
2011-09-30,11.436184883117676
2011-10-03,11.234646797180176
2011-10-04,11.171662330627441
2011-10-05,11.34411334991455
2011-10-06,11.317719459533691
2011-10-07,11.090688705444336
2011-10-10,11.660819053649902
2011-10-11,12.005115509033203
2011-10-12,12.062098503112793
2011-10-13,12.24924087524414
2011-10-14,12.656222343444824
2011-10-17,12.595938682556152
2011-10-18,12.66341781616211
2011-10-19,11.955033302307129
2011-10-20,11.85576057434082
2011-10-21,11.782577514648438
2011-10-24,12.169468879699707
2011-10-25,11.929535865783691
2011-10-26,12.014413833618164
2011-10-27,12.137075424194336
2011-10-28,12.144874572753906
2011-10-31,12.139776229858398
2011-11-01,11.891743659973145
2011-11-02,11.918740272521973
2011-11-03,12.088491439819336
2011-11-04,12.003613471984863
2011-11-07,11.988317489624023
2011-11-08,12.183259963989258
2011-11-09,11.854860305786133
2011-11-10,11.553150177001953
2011-11-11,11.535157203674316
2011-11-14,11.374402046203613
2011-11-15,11.661417961120605
2011-11-16,11.539651870727539
2011-11-17,11.318921089172363
2011-11-18,11.244839668273926
2011-11-21,11.066998481750488
2011-11-22,11.291926383972168
2011-11-23,11.006414413452148
2011-11-25,10.90384292602539
2011-11-28,11.280229568481445
2011-11-29,11.192658424377441
2011-11-30,11.462574005126953
2011-12-01,11.634429931640625
2011-12-02,11.687511444091797
2011-12-05,11.78677749633789
2011-12-06,11.724998474121094
2011-12-07,11.66921615600586
2011-12-08,11.716300964355469
2011-12-09,11.805076599121094
2011-12-12,11.751688957214355
2011-12-13,11.660819053649902
2011-12-14,11.40229606628418
2011-12-15,11.364806175231934
2011-12-16,11.427186012268066
2011-12-19,11.462876319885254
2011-12-20,11.874954223632812
2011-12-21,11.889946937561035
2011-12-22,11.95293140411377
2011-12-23,12.096283912658691
2011-12-27,12.1922607421875
2011-12-28,12.075593948364258
2011-12-29,12.149972915649414
2011-12-30,12.146371841430664
2012-01-03,12.33321762084961
2012-01-04,12.399497985839844
2012-01-05,12.537158012390137
2012-01-06,12.668216705322266
2012-01-09,12.648122787475586
2012-01-10,12.69340991973877
2012-01-11,12.672718048095703
2012-01-12,12.63792610168457
2012-01-13,12.590536117553711
2012-01-17,12.73719596862793
2012-01-18,12.869458198547363
2012-01-19,12.828666687011719
2012-01-20,12.605232238769531
2012-01-23,12.818472862243652
2012-01-24,12.608532905578613
2012-01-25,13.395800590515137
2012-01-26,13.334919929504395
2012-01-27,13.41439437866211
2012-01-30,13.5862398147583
2012-01-31,13.69031047821045
2012-02-01,13.681614875793457
2012-02-02,13.649523735046387
2012-02-03,13.786279678344727
2012-02-06,13.91494369506836
2012-02-07,14.060702323913574
2012-02-08,14.296133041381836
2012-02-09,14.790678024291992
2012-02-10,14.798181533813477
2012-02-13,15.07349681854248
2012-02-14,15.279232025146484
2012-02-15,14.925637245178223
2012-02-16,15.061802864074707
2012-02-17,15.059107780456543
2012-02-21,15.440885543823242
2012-02-22,15.386603355407715
2012-02-23,15.48707389831543
2012-02-24,15.667620658874512
2012-02-27,15.768087387084961
2012-02-28,16.057506561279297
2012-02-29,16.268346786499023
2012-03-01,16.3292236328125
2012-03-02,16.35051727294922
2012-03-05,15.99002742767334
2012-03-06,15.903048515319824
2012-03-07,15.915947914123535
2012-03-08,16.254850387573242
2012-03-09,16.350217819213867
2012-03-12,16.5550594329834
2012-03-13,17.037914276123047
2012-03-14,17.682113647460938
2012-03-15,17.561552047729492
2012-03-16,17.56185531616211
2012-03-19,18.027618408203125
2012-03-20,18.17337417602539
2012-03-21,18.06960105895996
2012-03-22,17.974836349487305
2012-03-23,17.876155853271484
2012-03-26,18.203962326049805
2012-03-27,18.428892135620117
2012-03-28,18.52305793762207
2012-03-29,18.290342330932617
2012-03-30,17.981130599975586
2012-04-02,18.55336570739746
2012-04-03,18.873960494995117
2012-04-04,18.72370719909668
2012-04-05,19.004730224609375
2012-04-09,19.08119010925293
2012-04-10,18.847564697265625
2012-04-11,18.7803897857666
2012-04-12,18.677515029907227
2012-04-13,18.151479721069336
2012-04-16,17.398700714111328
2012-04-17,18.285541534423828
2012-04-18,18.244747161865234
2012-04-19,17.617929458618164
2012-04-20,17.18426513671875
2012-04-23,17.145883560180664
2012-04-24,16.803382873535156
2012-04-25,18.294536590576172
2012-04-26,18.22555160522461
2012-04-27,18.0845947265625
2012-04-30,17.514163970947266
2012-05-01,17.458690643310547
2012-05-02,17.57415199279785
2012-05-03,17.44938850402832
2012-05-04,16.952438354492188
2012-05-07,17.079299926757812
2012-05-08,17.040306091308594
2012-05-09,17.070295333862305
2012-05-10,17.110488891601562
2012-05-11,16.99622344970703
2012-05-14,16.741600036621094
2012-05-15,16.590147018432617
2012-05-16,16.37751579284668
2012-05-17,15.898859024047852
2012-05-18,15.906647682189941
2012-05-21,16.833372116088867
2012-05-22,16.70410919189453
2012-05-23,17.111692428588867
2012-05-24,16.954532623291016
2012-05-25,16.863662719726562
2012-05-29,17.16297721862793
2012-05-30,17.369915008544922
2012-05-31,17.326723098754883
2012-06-01,16.82466697692871
2012-06-04,16.923643112182617
2012-06-05,16.879858016967773
2012-06-06,17.13868522644043
2012-06-07,17.146484375
2012-06-08,17.40440559387207
2012-06-11,17.129987716674805
2012-06-12,17.27963638305664
2012-06-13,17.159677505493164
2012-06-14,17.140779495239258
2012-06-15,17.218753814697266
2012-06-18,17.568151473999023
2012-06-19,17.617046356201172
2012-06-20,17.566953659057617
2012-06-21,17.324928283691406
2012-06-22,17.457786560058594
2012-06-25,17.117984771728516
2012-06-26,17.155778884887695
2012-06-27,17.22985076904297
2012-06-28,17.066404342651367
2012-06-29,17.514768600463867
2012-07-02,17.770294189453125
2012-07-03,17.976932525634766
2012-07-05,18.2927303314209
2012-07-06,18.170974731445312
2012-07-09,18.411209106445312
2012-07-10,18.240854263305664
2012-07-11,18.127492904663086
2012-07-12,17.96163558959961
2012-07-13,18.1436824798584
2012-07-16,18.20186424255371
2012-07-17,18.202760696411133
2012-07-18,18.182371139526367
2012-07-19,18.424089431762695
2012-07-20,18.123586654663086
2012-07-23,18.109498977661133
2012-07-24,18.022226333618164
2012-07-25,17.24395179748535
2012-07-26,17.241252899169922
2012-07-27,17.549556732177734
2012-07-30,17.845571517944336
2012-07-31,18.31732177734375
2012-08-01,18.198863983154297
2012-08-02,18.228252410888672
2012-08-03,18.46548080444336
2012-08-06,18.670923233032227
2012-08-07,18.62174415588379
2012-08-08,18.59025001525879
2012-08-09,18.69626808166504
2012-08-10,18.725488662719727
2012-08-13,18.975479125976562
2012-08-14,19.02638053894043
2012-08-15,19.000478744506836
2012-08-16,19.166440963745117
2012-08-17,19.52094268798828
2012-08-20,20.03420066833496
2012-08-21,19.760398864746094
2012-08-22,20.146240234375
2012-08-23,19.958288192749023
2012-08-24,19.976058959960938
2012-08-27,20.35135269165039
2012-08-28,20.324840545654297
2012-08-29,20.284791946411133
2012-08-30,19.995634078979492
2012-08-31,20.036907196044922
2012-09-04,20.329965591430664
2012-09-05,20.18720054626465
2012-09-06,20.369121551513672
2012-09-07,20.49472427368164
2012-09-10,19.961606979370117
2012-09-11,19.8968505859375
2012-09-12,20.17394256591797
2012-09-13,20.57123374938965
2012-09-14,20.821212768554688
2012-09-17,21.077245712280273
2012-09-18,21.141393661499023
2012-09-19,21.147117614746094
2012-09-20,21.044715881347656
2012-09-21,21.08658218383789
2012-09-24,20.806459426879883
2012-09-25,20.286897659301758
2012-09-26,20.035099029541016
2012-09-27,20.521223068237305
2012-09-28,20.09292221069336
2012-10-01,19.860702514648438
2012-10-02,19.91853141784668
2012-10-03,20.22394561767578
2012-10-04,20.08388900756836
2012-10-05,19.6558895111084
2012-10-08,19.221567153930664
2012-10-09,19.151681900024414
2012-10-10,19.304092407226562
2012-10-11,18.91824722290039
2012-10-12,18.966753005981445
2012-10-15,19.118850708007812
2012-10-16,19.571550369262695
2012-10-17,19.4155216217041
2012-10-18,19.055002212524414
2012-10-19,18.368267059326172
2012-10-22,19.096860885620117
2012-10-23,18.474285125732422
2012-10-24,18.57880401611328
2012-10-25,18.359228134155273
2012-10-26,18.192367553710938
2012-10-31,17.93092918395996
2012-11-01,17.967666625976562
2012-11-02,17.373104095458984
2012-11-05,17.608640670776367
2012-11-06,17.555335998535156
2012-11-07,16.883615493774414
2012-11-08,16.270906448364258
2012-11-09,16.5526065826416
2012-11-12,16.424612045288086
2012-11-13,16.426727294921875
2012-11-14,16.244585037231445
2012-11-15,15.903884887695312
2012-11-16,15.966211318969727
2012-11-19,17.117507934570312
2012-11-20,16.971668243408203
2012-11-21,16.995573043823242
2012-11-23,17.292095184326172
2012-11-26,17.837636947631836
2012-11-27,17.693910598754883
2012-11-28,17.638235092163086
2012-11-29,17.832489013671875
2012-11-30,17.70903205871582
2012-12-03,17.7365665435791
2012-12-04,17.423707962036133
2012-12-05,16.30237579345703
2012-12-06,16.55805206298828
2012-12-07,16.134746551513672
2012-12-10,16.030961990356445
2012-12-11,16.381044387817383
2012-12-12,16.308727264404297
2012-12-13,16.027034759521484
2012-12-14,15.424910545349121
2012-12-17,15.698437690734863
2012-12-18,16.154417037963867
2012-12-19,15.924768447875977
2012-12-20,15.78618049621582
2012-12-21,15.713563919067383
2012-12-24,15.73897647857666
2012-12-26,15.52203369140625
2012-12-27,15.58436107635498
2012-12-28,15.418848037719727
2012-12-31,16.102067947387695
2013-01-02,16.612205505371094
2013-01-03,16.40252113342285
2013-01-04,15.945640563964844
2013-01-07,15.851849555969238
2013-01-08,15.894505500793457
2013-01-09,15.646090507507324
2013-01-10,15.840042114257812
2013-01-11,15.742911338806152
2013-01-14,15.181644439697266
2013-01-15,14.702664375305176
2013-01-16,15.312955856323242
2013-01-17,15.209783554077148
2013-01-18,15.128684043884277
2013-01-22,15.273022651672363
2013-01-23,15.552597045898438
2013-01-24,13.630952835083008
2013-01-25,13.309617042541504
2013-01-28,13.610678672790527
2013-01-29,13.866049766540527
2013-01-30,13.822481155395508
2013-01-31,13.78193473815918
2013-02-01,13.725350379943848
2013-02-04,13.383444786071777
2013-02-05,13.853039741516113
2013-02-06,13.838213920593262
2013-02-07,14.249678611755371
2013-02-08,14.45540714263916
2013-02-11,14.606058120727539
2013-02-12,14.239936828613281
2013-02-13,14.21285629272461
2013-02-14,14.200069427490234
2013-02-15,14.004382133483887
2013-02-19,13.999201774597168
2013-02-20,13.660176277160645
2013-02-21,13.575260162353516
2013-02-22,13.719826698303223
2013-02-25,13.476051330566406
2013-02-26,13.66382884979248
2013-02-27,13.52991771697998
2013-02-28,13.433444023132324
2013-03-01,13.100805282592773
2013-03-04,12.783686637878418
2013-03-05,13.121193885803223
2013-03-06,12.954418182373047
2013-03-07,13.10415267944336
2013-03-08,13.138846397399902
2013-03-11,13.326014518737793
2013-03-12,13.038719177246094
2013-03-13,13.036285400390625
2013-03-14,13.162586212158203
2013-03-15,13.50222396850586
2013-03-18,13.869256019592285
2013-03-19,13.831825256347656
2013-03-20,13.758475303649902
2013-03-21,13.778257369995117
2013-03-22,14.057639122009277
2013-03-25,14.108464241027832
2013-03-26,14.03420639038086
2013-03-27,13.758475303649902
2013-03-28,13.471794128417969
2013-04-01,13.053329467773438
2013-04-02,13.080110549926758
2013-04-03,13.147064208984375
2013-04-04,13.017106056213379
2013-04-05,12.87955093383789
2013-04-08,12.97115707397461
2013-04-09,12.994589805603027
2013-04-10,13.259666442871094
2013-04-11,13.218277931213379
2013-04-12,13.080413818359375
2013-04-15,12.777597427368164
2013-04-16,12.97206974029541
2013-04-17,12.25870132446289
2013-04-18,11.931544303894043
2013-04-19,11.885282516479492
2013-04-22,12.13300895690918
2013-04-23,12.360052108764648
2013-04-24,12.339655876159668
2013-04-25,12.428525924682617
2013-04-26,12.696946144104004
2013-04-29,13.0901517868042
2013-04-30,13.475444793701172
2013-05-01,13.369227409362793
2013-05-02,13.558831214904785
2013-05-03,13.694565773010254
2013-05-06,14.02112102508545
2013-05-07,13.958733558654785
2013-05-08,14.116374969482422
2013-05-09,13.993220329284668
2013-05-10,13.876810073852539
2013-05-13,13.93103313446045
2013-05-14,13.597723007202148
2013-05-15,13.137887001037598
2013-05-16,13.313431739807129
2013-05-17,13.272989273071289
2013-05-20,13.569236755371094
2013-05-21,13.46905517578125
2013-05-22,13.520832061767578
2013-05-23,13.545032501220703
2013-05-24,13.63724422454834
2013-05-28,13.523587226867676
2013-05-29,13.631117820739746
2013-05-30,13.834228515625
2013-05-31,13.777551651000977
2013-06-03,13.807880401611328
2013-06-04,13.76468563079834
2013-06-05,13.636019706726074
2013-06-06,13.432294845581055
2013-06-07,13.534919738769531
2013-06-10,13.445467948913574
2013-06-11,13.405943870544434
2013-06-12,13.240211486816406
2013-06-13,13.355706214904785
2013-06-14,13.174653053283691
2013-06-17,13.234389305114746
2013-06-18,13.227343559265137
2013-06-19,12.958675384521484
2013-06-20,12.769964218139648
2013-06-21,12.667635917663574
2013-06-24,12.331878662109375
2013-06-25,12.334639549255371
2013-06-26,12.19494342803955
2013-06-27,12.063515663146973
2013-06-28,12.147761344909668
2013-07-01,12.536518096923828
2013-07-02,12.82050609588623
2013-07-03,12.891276359558105
2013-07-05,12.78773307800293
2013-07-08,12.715126037597656
2013-07-09,12.938766479492188
2013-07-10,12.889130592346191
2013-07-11,13.090096473693848
2013-07-12,13.066206932067871
2013-07-15,13.094695091247559
2013-07-16,13.179247856140137
2013-07-17,13.1826171875
2013-07-18,13.22704029083252
2013-07-19,13.018412590026855
2013-07-22,13.060076713562012
2013-07-23,12.83582878112793
2013-07-24,13.495095252990723
2013-07-25,13.433521270751953
2013-07-26,13.509804725646973
2013-07-29,13.718121528625488
2013-07-30,13.887532234191895
2013-07-31,13.863334655761719
2013-08-01,13.990469932556152
2013-08-02,14.169988632202148
2013-08-05,14.381681442260742
2013-08-06,14.253005981445312
2013-08-07,14.244736671447754
2013-08-08,14.2163724899292
2013-08-09,14.01407241821289
2013-08-12,14.412187576293945
2013-08-13,15.097092628479004
2013-08-14,15.372467994689941
2013-08-15,15.35427474975586
2013-08-16,15.490567207336426
2013-08-19,15.657404899597168
2013-08-20,15.4517183303833
2013-08-21,15.491495132446289
2013-08-22,15.509997367858887
2013-08-23,15.450172424316406
2013-08-26,15.510310173034668
2013-08-27,15.066871643066406
2013-08-28,15.13809871673584
2013-08-29,15.162771224975586
2013-08-30,15.024616241455078
2013-09-03,15.066556930541992
2013-09-04,15.378324508666992
2013-09-05,15.272862434387207
2013-09-06,15.363826751708984
2013-09-09,15.608978271484375
2013-09-10,15.253429412841797
2013-09-11,14.422985076904297
2013-09-12,14.57654857635498
2013-09-13,14.336325645446777
2013-09-16,13.880550384521484
2013-09-17,14.040905952453613
2013-09-18,14.329540252685547
2013-09-19,14.564522743225098
2013-09-20,14.41373062133789
2013-09-23,15.130084991455078
2013-09-24,15.08259391784668
2013-09-25,14.849152565002441
2013-09-26,14.99378490447998
2013-09-27,14.886772155761719
2013-09-30,14.701749801635742
2013-10-01,15.047443389892578
2013-10-02,15.096778869628906
2013-10-03,14.90713119506836
2013-10-04,14.89541244506836
2013-10-07,15.040960311889648
2013-10-08,14.830962181091309
2013-10-09,15.005189895629883
2013-10-10,15.09924602508545
2013-10-11,15.196999549865723
2013-10-14,15.296603202819824
2013-10-15,15.378012657165527
2013-10-16,15.452953338623047
2013-10-17,15.557490348815918
2013-10-18,15.692862510681152
2013-10-21,16.077409744262695
2013-10-22,16.03145980834961
2013-10-23,16.18842124938965
2013-10-24,16.40273666381836
2013-10-25,16.21926498413086
2013-10-28,16.340147018432617
2013-10-29,15.933086395263672
2013-10-30,16.186574935913086
2013-10-31,16.118724822998047
2013-11-01,16.036394119262695
2013-11-04,16.24362564086914
2013-11-05,16.203533172607422
2013-11-06,16.157629013061523
2013-11-07,15.896147727966309
2013-11-08,16.14645767211914
2013-11-11,16.09961700439453
2013-11-12,16.1294002532959
2013-11-13,16.148632049560547
2013-11-14,16.38219451904297
2013-11-15,16.28387451171875
2013-11-18,16.08660125732422
2013-11-19,16.115137100219727
2013-11-20,15.974004745483398
2013-11-21,16.164445877075195
2013-11-22,16.122888565063477
2013-11-25,16.245100021362305
2013-11-26,16.54472541809082
2013-11-27,16.934307098388672
2013-11-29,17.247886657714844
2013-12-02,17.09776496887207
2013-12-03,17.56582260131836
2013-12-04,17.52487564086914
2013-12-05,17.614837646484375
2013-12-06,17.37041664123535
2013-12-09,17.569229125976562
2013-12-10,17.54193687438965
2013-12-11,17.41197395324707
2013-12-12,17.38654136657715
2013-12-13,17.197021484375
2013-12-16,17.2922420501709
2013-12-17,17.214397430419922
2013-12-18,17.083492279052734
2013-12-19,16.88778305053711
2013-12-20,17.029218673706055
2013-12-23,17.682762145996094
2013-12-24,17.607696533203125
2013-12-26,17.490760803222656
2013-12-27,17.372581481933594
2013-12-30,17.199813842773438
2013-12-31,17.40143394470215
2014-01-02,17.156702041625977
2014-01-03,16.77983856201172
2014-01-06,16.871339797973633
2014-01-07,16.750680923461914
2014-01-08,16.856760025024414
2014-01-09,16.641502380371094
2014-01-10,16.530454635620117
2014-01-13,16.61699867248535
2014-01-14,16.947641372680664
2014-01-15,17.287904739379883
2014-01-16,17.191444396972656
2014-01-17,16.770231246948242
2014-01-21,17.030776977539062
2014-01-22,17.10645294189453
2014-01-23,17.251306533813477
2014-01-24,16.93771743774414
2014-01-27,17.075124740600586
2014-01-28,15.710355758666992
2014-01-29,15.532005310058594
2014-01-30,15.501920700073242
2014-01-31,15.527351379394531
2014-02-03,15.556203842163086
2014-02-04,15.781384468078613
2014-02-05,15.899255752563477
2014-02-06,15.991927146911621
2014-02-07,16.215654373168945
2014-02-10,16.506155014038086
2014-02-11,16.723644256591797
2014-02-12,16.722389221191406
2014-02-13,16.987937927246094
2014-02-14,16.97420310974121
2014-02-18,17.03660774230957
2014-02-19,16.767642974853516
2014-02-20,16.57355499267578
2014-02-21,16.389455795288086
2014-02-24,16.461214065551758
2014-02-25,16.2899169921875
2014-02-26,16.1429500579834
2014-02-27,16.464967727661133
2014-02-28,16.42034339904785
2014-03-03,16.4677734375
2014-03-04,16.57636260986328
2014-03-05,16.611312866210938
2014-03-06,16.56107521057129
2014-03-07,16.5513973236084
2014-03-10,16.566375732421875
2014-03-11,16.72770118713379
2014-03-12,16.74392318725586
2014-03-13,16.557947158813477
2014-03-14,16.371984481811523
2014-03-17,16.435951232910156
2014-03-18,16.58135414123535
2014-03-19,16.576984405517578
2014-03-20,16.497106552124023
2014-03-21,16.627222061157227
2014-03-24,16.82442283630371
2014-03-25,17.005399703979492
2014-03-26,16.842832565307617
2014-03-27,16.770435333251953
2014-03-28,16.751726150512695
2014-03-31,16.74797821044922
2014-04-01,16.901182174682617
2014-04-02,16.929269790649414
2014-04-03,16.811948776245117
2014-04-04,16.594453811645508
2014-04-07,16.33391761779785
2014-04-08,16.332975387573242
2014-04-09,16.547649383544922
2014-04-10,16.3342227935791
2014-04-11,16.213470458984375
2014-04-14,16.278060913085938
2014-04-15,16.161991119384766
2014-04-16,16.194746017456055
2014-04-17,16.379783630371094
2014-04-21,16.574174880981445
2014-04-22,16.590707778930664
2014-04-23,16.373849868774414
2014-04-24,17.716215133666992
2014-04-25,17.846328735351562
2014-04-28,18.53748321533203
2014-04-29,18.482566833496094
2014-04-30,18.412668228149414
2014-05-01,18.456035614013672
2014-05-02,18.490360260009766
2014-05-05,18.751846313476562
2014-05-06,18.547468185424805
2014-05-07,18.482566833496094
2014-05-08,18.44961929321289
2014-05-09,18.37274932861328
2014-05-12,18.601484298706055
2014-05-13,18.63066291809082
2014-05-14,18.634111404418945
2014-05-15,18.475664138793945
2014-05-16,18.748329162597656
2014-05-19,18.970481872558594
2014-05-20,18.97425079345703
2014-05-21,19.024452209472656
2014-05-22,19.0545711517334
2014-05-23,19.26982307434082
2014-05-27,19.630664825439453
2014-05-28,19.579832077026367
2014-05-29,19.936588287353516
2014-05-30,19.861915588378906
2014-06-02,19.725427627563477
2014-06-03,20.00436019897461
2014-06-04,20.232797622680664
2014-06-05,20.312179565429688
2014-06-06,20.25632667541504
2014-06-09,20.5804500579834
2014-06-10,20.701255798339844
2014-06-11,20.615602493286133
2014-06-12,20.270761489868164
2014-06-13,20.04892921447754
2014-06-16,20.250999450683594
2014-06-17,20.224641799926758
2014-06-18,20.24660301208496
2014-06-19,20.176313400268555
2014-06-20,19.967655181884766
2014-06-23,19.950084686279297
2014-06-24,19.82927703857422
2014-06-25,19.846853256225586
2014-06-26,19.965457916259766
2014-06-27,20.202672958374023
2014-06-30,20.41132926940918
2014-07-01,20.54092025756836
2014-07-02,20.532135009765625
2014-07-03,20.652936935424805
2014-07-07,21.07904052734375
2014-07-08,20.942869186401367
2014-07-09,20.951650619506836
2014-07-10,20.87477684020996
2014-07-11,20.914321899414062
2014-07-14,21.184473037719727
2014-07-15,20.936275482177734
2014-07-16,20.817670822143555
2014-07-17,20.44647789001465
2014-07-18,20.74079704284668
2014-07-21,20.63317108154297
2014-07-22,20.804494857788086
2014-07-23,21.347007751464844
2014-07-24,21.31186294555664
2014-07-25,21.45243263244629
2014-07-28,21.748952865600586
2014-07-29,21.60838508605957
2014-07-30,21.557857513427734
2014-07-31,20.997772216796875
2014-08-01,21.11418342590332
2014-08-04,20.995582580566406
2014-08-05,20.892349243164062
2014-08-06,20.85720443725586
2014-08-07,20.855003356933594
2014-08-08,20.912389755249023
2014-08-11,21.18830680847168
2014-08-12,21.183889389038086
2014-08-13,21.4642276763916
2014-08-14,21.521615982055664
2014-08-15,21.6275691986084
2014-08-18,21.888038635253906
2014-08-19,22.190446853637695
2014-08-20,22.199270248413086
2014-08-21,22.201486587524414
2014-08-22,22.36482048034668
2014-08-25,22.41338539123535
2014-08-26,22.26991081237793
2014-08-27,22.54361343383789
2014-08-28,22.570100784301758
2014-08-29,22.625288009643555
2014-09-02,22.801877975463867
2014-09-03,21.8394775390625
2014-09-04,21.658475875854492
2014-09-05,21.84609603881836
2014-09-08,21.711444854736328
2014-09-09,21.629776000976562
2014-09-10,22.294193267822266
2014-09-11,22.389095306396484
2014-09-12,22.439870834350586
2014-09-15,22.433252334594727
2014-09-16,22.263282775878906
2014-09-17,22.422204971313477
2014-09-18,22.46857261657715
2014-09-19,22.285362243652344
2014-09-22,22.30743408203125
2014-09-23,22.65618896484375
2014-09-24,22.45974349975586
2014-09-25,21.603288650512695
2014-09-26,22.239002227783203
2014-09-29,22.097732543945312
2014-09-30,22.239002227783203
2014-10-01,21.8924503326416
2014-10-02,22.051380157470703
2014-10-03,21.989572525024414
2014-10-06,21.989572525024414
2014-10-07,21.79753303527832
2014-10-08,22.250038146972656
2014-10-09,22.298599243164062
2014-10-10,22.234588623046875
2014-10-13,22.031509399414062
2014-10-14,21.79753303527832
2014-10-15,21.530439376831055
2014-10-16,21.247905731201172
2014-10-17,21.559139251708984
2014-10-20,22.020483016967773
2014-10-21,22.618669509887695
2014-10-22,22.73344612121582
2014-10-23,23.13960075378418
2014-10-24,23.22568130493164
2014-10-27,23.2014102935791
2014-10-28,23.56120491027832
2014-10-29,23.693639755249023
2014-10-30,23.614177703857422
2014-10-31,23.83932876586914
2014-11-03,24.148357391357422
2014-11-04,23.971771240234375
2014-11-05,24.029163360595703
2014-11-06,24.097883224487305
2014-11-07,24.166606903076172
2014-11-10,24.126708984375
2014-11-11,24.3195743560791
2014-11-12,24.663196563720703
2014-11-13,25.011253356933594
2014-11-14,25.31275177001953
2014-11-17,25.2706298828125
2014-11-18,25.598739624023438
2014-11-19,25.421384811401367
2014-11-20,25.784961700439453
2014-11-21,25.82042694091797
2014-11-24,26.299283981323242
2014-11-25,26.070941925048828
2014-11-26,26.381311416625977
2014-11-28,26.365795135498047
2014-12-01,25.51006507873535
2014-12-02,25.41251564025879
2014-12-03,25.700716018676758
2014-12-04,25.60317611694336
2014-12-05,25.494543075561523
2014-12-08,24.91814422607422
2014-12-09,25.29945182800293
2014-12-10,24.81839370727539
2014-12-11,24.745220184326172
2014-12-12,24.32622718811035
2014-12-15,23.99369239807129
2014-12-16,23.66559410095215
2014-12-17,24.25528907775879
2014-12-18,24.97356414794922
2014-12-19,24.78069305419922
2014-12-22,25.037857055664062
2014-12-23,24.949186325073242
2014-12-24,24.831680297851562
2014-12-26,25.2706298828125
2014-12-29,25.25290298461914
2014-12-30,24.94474220275879
2014-12-31,24.47032928466797
2015-01-02,24.237550735473633
2015-01-05,23.55474090576172
2015-01-06,23.556955337524414
2015-01-07,23.887285232543945
2015-01-08,24.805086135864258
2015-01-09,24.831680297851562
2015-01-12,24.219818115234375
2015-01-13,24.434852600097656
2015-01-14,24.341751098632812
2015-01-15,23.68110466003418
2015-01-16,23.497100830078125
2015-01-20,24.10232162475586
2015-01-21,24.28632354736328
2015-01-22,24.91814422607422
2015-01-23,25.046728134155273
2015-01-26,25.07332992553711
2015-01-27,24.195430755615234
2015-01-28,25.563270568847656
2015-01-29,26.359142303466797
2015-01-30,25.97339630126953
2015-02-02,26.299283981323242
2015-02-03,26.303714752197266
2015-02-04,26.50546646118164
2015-02-05,26.694637298583984
2015-02-06,26.469850540161133
2015-02-09,26.645675659179688
2015-02-10,27.157575607299805
2015-02-11,27.794116973876953
2015-02-12,28.14577293395996
2015-02-13,28.283769607543945
2015-02-17,28.45069122314453
2015-02-18,28.648773193359375
2015-02-19,28.58867835998535
2015-02-20,28.82237434387207
2015-02-23,29.601348876953125
2015-02-24,29.416629791259766
2015-02-25,28.664350509643555
2015-02-26,29.02713966369629
2015-02-27,28.59090232849121
2015-03-02,28.73111915588379
2015-03-03,28.791215896606445
2015-03-04,28.608713150024414
2015-03-05,28.1346492767334
2015-03-06,28.176925659179688
2015-03-09,28.297121047973633
2015-03-10,27.71177101135254
2015-03-11,27.206546783447266
2015-03-12,27.69841194152832
2015-03-13,27.507003784179688
2015-03-16,27.80970001220703
2015-03-17,28.27486228942871
2015-03-18,28.59313201904297
2015-03-19,28.377246856689453
2015-03-20,28.02113914489746
2015-03-23,28.312694549560547
2015-03-24,28.196962356567383
2015-03-25,27.460264205932617
2015-03-26,27.65167236328125
2015-03-27,27.431339263916016
2015-03-30,28.125743865966797
2015-03-31,27.693958282470703
2015-04-01,27.65390968322754
2015-04-02,27.89204978942871
2015-04-06,28.343856811523438
2015-04-07,28.04561424255371
2015-04-08,27.954370498657227
2015-04-09,28.16802978515625
2015-04-10,28.288211822509766
2015-04-13,28.232576370239258
2015-04-14,28.110158920288086
2015-04-15,28.21699333190918
2015-04-16,28.081228256225586
2015-04-17,27.765186309814453
2015-04-20,28.39950180053711
2015-04-21,28.24593162536621
2015-04-22,28.626514434814453
2015-04-23,28.860218048095703
2015-04-24,28.9959774017334
2015-04-27,29.523452758789062
2015-04-28,29.05829620361328
2015-04-29,28.630970001220703
2015-04-30,27.854209899902344
2015-05-01,28.699968338012695
2015-05-04,28.644319534301758
2015-05-05,27.998882293701172
2015-05-06,27.823047637939453
2015-05-07,27.99514389038086
2015-05-08,28.52259635925293
2015-05-11,28.2320556640625
2015-05-12,28.1314754486084
2015-05-13,28.162763595581055
2015-05-14,28.81984519958496
2015-05-15,28.77961540222168
2015-05-18,29.096988677978516
2015-05-19,29.07016372680664
2015-05-20,29.067928314208984
2015-05-21,29.365169525146484
2015-05-22,29.622194290161133
2015-05-26,28.96959114074707
2015-05-27,29.510448455810547
2015-05-28,29.452342987060547
2015-05-29,29.11710548400879
2015-06-01,29.175193786621094
2015-06-02,29.04557991027832
2015-06-03,29.081340789794922
2015-06-04,28.91147804260254
2015-06-05,28.7528018951416
2015-06-08,28.56281852722168
2015-06-09,28.47789764404297
2015-06-10,28.804201126098633
2015-06-11,28.73938751220703
2015-06-12,28.42201805114746
2015-06-15,28.36614990234375
2015-06-16,28.518123626708984
2015-06-17,28.451074600219727
2015-06-18,28.580705642700195
2015-06-19,28.294628143310547
2015-06-22,28.520360946655273
2015-06-23,28.390737533569336
2015-06-24,28.632102966308594
2015-06-25,28.49577522277832
2015-06-26,28.32815933227539
2015-06-29,27.83199119567871
2015-06-30,28.03314208984375
2015-07-01,28.294628143310547
2015-07-02,28.25886344909668
2015-07-06,28.160531997680664
2015-07-07,28.091251373291016
2015-07-08,27.393939971923828
2015-07-09,26.835201263427734
2015-07-10,27.552623748779297
2015-07-13,28.08454132080078
2015-07-14,28.0733699798584
2015-07-15,28.34380531311035
2015-07-16,28.72150421142578
2015-07-17,28.96959114074707
2015-07-20,29.517152786254883
2015-07-21,29.222131729125977
2015-07-22,27.986209869384766
2015-07-23,27.972797393798828
2015-07-24,27.825288772583008
2015-07-27,27.438636779785156
2015-07-28,27.574968338012695
2015-07-29,27.487810134887695
2015-07-30,27.349241256713867
2015-07-31,27.1101016998291
2015-08-03,26.470897674560547
2015-08-04,25.621620178222656
2015-08-05,25.791465759277344
2015-08-06,25.84759521484375
2015-08-07,25.93515968322754
2015-08-10,26.878089904785156
2015-08-11,25.479402542114258
2015-08-12,25.872297286987305
2015-08-13,25.852087020874023
2015-08-14,26.0339412689209
2015-08-17,26.30335235595703
2015-08-18,26.155170440673828
2015-08-19,25.82065773010254
2015-08-20,25.290821075439453
2015-08-21,23.743959426879883
2015-08-24,23.151256561279297
2015-08-25,23.290451049804688
2015-08-26,24.62627410888672
2015-08-27,25.35143280029297
2015-08-28,25.43450355529785
2015-08-31,25.315515518188477
2015-09-01,24.183996200561523
2015-09-02,25.221216201782227
2015-09-03,24.77894401550293
2015-09-04,24.5319881439209
2015-09-08,25.214488983154297
2015-09-09,24.72954750061035
2015-09-10,25.272851943969727
2015-09-11,25.64105224609375
2015-09-14,25.888011932373047
2015-09-15,26.105783462524414
2015-09-16,26.134967803955078
2015-09-17,25.5759334564209
2015-09-18,25.47042465209961
2015-09-21,25.865556716918945
2015-09-22,25.459192276000977
2015-09-23,25.665748596191406
2015-09-24,25.818408966064453
2015-09-25,25.7533016204834
2015-09-28,25.24367332458496
2015-09-29,24.484838485717773
2015-09-30,24.763225555419922
2015-10-01,24.60158348083496
2015-10-02,24.78118133544922
2015-10-05,24.870994567871094
2015-10-06,24.989978790283203
2015-10-07,24.870994567871094
2015-10-08,24.58361053466797
2015-10-09,25.171823501586914
2015-10-12,25.05508041381836
2015-10-13,25.097745895385742
2015-10-14,24.74301528930664
2015-10-15,25.113454818725586
2015-10-16,24.92936134338379
2015-10-19,25.084274291992188
2015-10-20,25.542268753051758
2015-10-21,25.540023803710938
2015-10-22,25.93067169189453
2015-10-23,26.734399795532227
2015-10-26,25.88127326965332
2015-10-27,25.717390060424805
2015-10-28,26.77705955505371
2015-10-29,27.059940338134766
2015-10-30,26.82869529724121
2015-11-02,27.205873489379883
2015-11-03,27.517932891845703
2015-11-04,27.38996124267578
2015-11-05,27.263704299926758
2015-11-06,27.295269012451172
2015-11-09,27.18479347229004
2015-11-10,26.3280029296875
2015-11-11,26.17919921875
2015-11-12,26.091262817382812
2015-11-13,25.329177856445312
2015-11-16,25.74403953552246
2015-11-17,25.63356590270996
2015-11-18,26.445253372192383
2015-11-19,26.781198501586914
2015-11-20,26.89844512939453
2015-11-23,26.548969268798828
2015-11-24,26.80374526977539
2015-11-25,26.61210060119629
2015-11-27,26.562496185302734
2015-11-30,26.6729736328125
2015-12-01,26.456525802612305
2015-12-02,26.217529296875
2015-12-03,25.97402000427246
2015-12-04,26.837566375732422
2015-12-07,26.668466567993164
2015-12-08,26.657190322875977
2015-12-09,26.06871795654297
2015-12-10,26.192729949951172
2015-12-11,25.518583297729492
2015-12-14,25.360750198364258
2015-12-15,24.91205596923828
2015-12-16,25.103713989257812
2015-12-17,24.57160758972168
2015-12-18,23.906476974487305
2015-12-21,24.199583053588867
2015-12-22,24.177032470703125
2015-12-23,24.488189697265625
2015-12-24,24.357410430908203
2015-12-28,24.084590911865234
2015-12-29,24.517484664916992
2015-12-30,24.197330474853516
2015-12-31,23.73286247253418
2016-01-04,23.753149032592773
2016-01-05,23.157913208007812
2016-01-06,22.70471954345703
2016-01-07,21.746479034423828
2016-01-08,21.861461639404297
2016-01-11,22.2154541015625
2016-01-12,22.537874221801758
2016-01-13,21.95841407775879
2016-01-14,22.438671112060547
2016-01-15,21.89979362487793
2016-01-19,21.793827056884766
2016-01-20,21.823139190673828
2016-01-21,21.712657928466797
2016-01-22,22.8670654296875
2016-01-25,22.420629501342773
2016-01-26,22.54464340209961
2016-01-27,21.063302993774414
2016-01-28,21.214370727539062
2016-01-29,21.9471435546875
2016-02-01,21.741966247558594
2016-02-02,21.302310943603516
2016-02-03,21.723936080932617
2016-02-04,21.898483276367188
2016-02-05,21.31361961364746
2016-02-08,21.538042068481445
2016-02-09,21.533510208129883
2016-02-10,21.370285034179688
2016-02-11,21.241071701049805
2016-02-12,21.306814193725586
2016-02-16,21.907548904418945
2016-02-17,22.24306297302246
2016-02-18,21.82140350341797
2016-02-19,21.77153778076172
2016-02-22,21.96195411682129
2016-02-23,21.465499877929688
2016-02-24,21.78513526916504
2016-02-25,21.934755325317383
2016-02-26,21.968765258789062
2016-02-29,21.918895721435547
2016-03-01,22.789382934570312
2016-03-02,22.839252471923828
2016-03-03,23.00927734375
2016-03-04,23.351581573486328
2016-03-07,23.09315299987793
2016-03-08,22.902732849121094
2016-03-09,22.923133850097656
2016-03-10,22.934467315673828
2016-03-11,23.181560516357422
2016-03-14,23.240503311157227
2016-03-15,23.707489013671875
2016-03-16,24.022594451904297
2016-03-17,23.984058380126953
2016-03-18,24.011259078979492
2016-03-21,24.008991241455078
2016-03-22,24.19261360168457
2016-03-23,24.058862686157227
2016-03-24,23.95458984375
2016-03-28,23.845775604248047
2016-03-29,24.410232543945312
2016-03-30,24.8364200592041
2016-03-31,24.707204818725586
2016-04-01,24.933895111083984
2016-04-04,25.190059661865234
2016-04-05,24.89308738708496
2016-04-06,25.153785705566406
2016-04-07,24.605186462402344
2016-04-08,24.63239860534668
2016-04-11,24.714000701904297
2016-04-12,25.035905838012695
2016-04-13,25.39861488342285
2016-04-14,25.41221809387207
2016-04-15,24.90215492248535
2016-04-18,24.364898681640625
2016-04-19,24.235685348510742
2016-04-20,24.285552978515625
2016-04-21,24.022594451904297
2016-04-22,23.956846237182617
2016-04-25,23.820844650268555
2016-04-26,23.655349731445312
2016-04-27,22.1750431060791
2016-04-28,21.49724578857422
2016-04-29,21.250150680541992
2016-05-02,21.227474212646484
2016-05-03,21.57657814025879
2016-05-04,21.352157592773438
2016-05-05,21.265487670898438
2016-05-06,21.146892547607422
2016-05-09,21.162858963012695
2016-05-10,21.306543350219727
2016-05-11,21.098995208740234
2016-05-12,20.60407066345215
2016-05-13,20.645126342773438
2016-05-16,21.411449432373047
2016-05-17,21.3225040435791
2016-05-18,21.566547393798828
2016-05-19,21.48444175720215
2016-05-20,21.717079162597656
2016-05-23,21.993040084838867
2016-05-24,22.328306198120117
2016-05-25,22.7205867767334
2016-05-26,22.900772094726562
2016-05-27,22.887088775634766
2016-05-31,22.775325775146484
2016-06-01,22.456022262573242
2016-06-02,22.287256240844727
2016-06-03,22.332868576049805
2016-06-06,22.494792938232422
2016-06-07,22.586027145385742
2016-06-08,22.565502166748047
2016-06-09,22.727428436279297
2016-06-10,22.540416717529297
2016-06-13,22.200586318969727
2016-06-14,22.227951049804688
2016-06-15,22.154970169067383
2016-06-16,22.24848747253418
2016-06-17,21.742158889770508
2016-06-20,21.689695358276367
2016-06-21,21.87444305419922
2016-06-22,21.792339324951172
2016-06-23,21.917774200439453
2016-06-24,21.301977157592773
2016-06-27,20.991796493530273
2016-06-28,21.345312118530273
2016-06-29,21.53005027770996
2016-06-30,21.803739547729492
2016-07-01,21.869876861572266
2016-07-05,21.664615631103516
2016-07-06,21.787776947021484
2016-07-07,21.88128089904785
2016-07-08,22.050060272216797
2016-07-11,22.118480682373047
2016-07-12,22.21883201599121
2016-07-13,22.093395233154297
2016-07-14,22.531286239624023
2016-07-15,22.52901268005371
2016-07-18,22.768484115600586
2016-07-19,22.77761459350586
2016-07-20,22.79813575744629
2016-07-21,22.677261352539062
2016-07-22,22.50164794921875
2016-07-25,22.200586318969727
2016-07-26,22.04777717590332
2016-07-27,23.480070114135742
2016-07-28,23.797100067138672
2016-07-29,23.76744270324707
2016-08-01,24.187105178833008
2016-08-02,23.829025268554688
2016-08-03,24.127798080444336
2016-08-04,24.276853561401367
2016-08-05,24.646038055419922
2016-08-08,24.85011863708496
2016-08-09,24.951013565063477
2016-08-10,24.765277862548828
2016-08-11,24.749229431152344
2016-08-12,24.806554794311523
2016-08-15,25.10464859008789
2016-08-16,25.08172035217285
2016-08-17,25.04503059387207
2016-08-18,25.012928009033203
2016-08-19,25.07713508605957
2016-08-22,24.88221549987793
2016-08-23,24.960189819335938
2016-08-24,24.772157669067383
2016-08-25,24.66667366027832
2016-08-26,24.52220916748047
2016-08-29,24.494688034057617
2016-08-30,24.306663513183594
2016-08-31,24.329586029052734
2016-09-01,24.474058151245117
2016-09-02,24.703365325927734
2016-09-06,24.69647979736328
2016-09-07,24.847829818725586
2016-09-08,24.19658851623535
2016-09-09,23.648542404174805
2016-09-12,24.178245544433594
2016-09-13,24.75381088256836
2016-09-14,25.6297607421875
2016-09-15,26.50113296508789
2016-09-16,26.352087020874023
2016-09-19,26.044818878173828
2016-09-20,26.042518615722656
2016-09-21,26.037940979003906
2016-09-22,26.283296585083008
2016-09-23,25.84531593322754
2016-09-26,25.884296417236328
2016-09-27,25.932453155517578
2016-09-28,26.12965965270996
2016-09-29,25.723779678344727
2016-09-30,25.923280715942383
2016-10-03,25.80175018310547
2016-10-04,25.911819458007812
2016-10-05,25.923280715942383
2016-10-06,26.11590003967285
2016-10-07,26.15488052368164
2016-10-10,26.6112060546875
2016-10-11,26.668537139892578
2016-10-12,26.907014846801758
2016-10-13,26.824462890625
2016-10-14,26.9735050201416
2016-10-17,26.955169677734375
2016-10-18,26.936819076538086
2016-10-19,26.8565616607666
2016-10-20,26.84280776977539
2016-10-21,26.737323760986328
2016-10-24,26.97810173034668
2016-10-25,27.115686416625977
2016-10-26,26.50572967529297
2016-10-27,26.251190185546875
2016-10-28,26.07691764831543
2016-10-31,26.03564453125
2016-11-01,25.56555938720703
2016-11-02,25.58849334716797
2016-11-03,25.314218521118164
2016-11-04,25.086030960083008
2016-11-07,25.447904586791992
2016-11-08,25.597707748413086
2016-11-09,25.55622100830078
2016-11-10,24.844026565551758
2016-11-11,24.991533279418945
2016-11-14,24.3646183013916
2016-11-15,24.687294006347656
2016-11-16,25.351091384887695
2016-11-17,25.341867446899414
2016-11-18,25.36722755432129
2016-11-21,25.752140045166016
2016-11-22,25.76827049255371
2016-11-23,25.63688850402832
2016-11-25,25.765968322753906
2016-11-28,25.715255737304688
2016-11-29,25.689903259277344
2016-11-30,25.473247528076172
2016-12-01,25.235849380493164
2016-12-02,25.330350875854492
2016-12-05,25.148265838623047
2016-12-06,25.341867446899414
2016-12-07,25.590797424316406
2016-12-08,25.84202766418457
2016-12-09,26.26381492614746
2016-12-12,26.113998413085938
2016-12-13,26.549617767333984
2016-12-14,26.549617767333984
2016-12-15,26.69481658935547
2016-12-16,26.729393005371094
2016-12-19,26.88382339477539
2016-12-20,26.95527458190918
2016-12-21,26.980623245239258
2016-12-22,26.803159713745117
2016-12-23,26.85616111755371
2016-12-27,27.026714324951172
2016-12-28,26.911481857299805
2016-12-29,26.90456199645996
2016-12-30,26.69481658935547
2017-01-03,26.77088165283203
2017-01-04,26.740917205810547
2017-01-05,26.876909255981445
2017-01-06,27.176538467407227
2017-01-09,27.425460815429688
2017-01-10,27.453115463256836
2017-01-11,27.600624084472656
2017-01-12,27.485383987426758
2017-01-13,27.436986923217773
2017-01-17,27.658246994018555
2017-01-18,27.655942916870117
2017-01-19,27.6075439453125
2017-01-20,27.658246994018555
2017-01-23,27.67669105529785
2017-01-24,27.651334762573242
2017-01-25,28.091564178466797
2017-01-26,28.10539436340332
2017-01-27,28.107696533203125
2017-01-30,28.0339412689209
2017-01-31,27.96940803527832
2017-02-01,29.67500114440918
2017-02-02,29.624292373657227
2017-02-03,29.751056671142578
2017-02-06,30.029943466186523
2017-02-07,30.315750122070312
2017-02-08,30.433292388916016
2017-02-09,30.653202056884766
2017-02-10,30.583765029907227
2017-02-13,30.85460090637207
2017-02-14,31.25507164001465
2017-02-15,31.36849594116211
2017-02-16,31.33145523071289
2017-02-17,31.417098999023438
2017-02-21,31.643957138061523
2017-02-22,31.73887062072754
2017-02-23,31.604610443115234
2017-02-24,31.634706497192383
2017-02-27,31.69720458984375
2017-02-28,31.711091995239258
2017-03-01,32.359256744384766
2017-03-02,32.1671142578125
2017-03-03,32.356929779052734
2017-03-06,32.25508499145508
2017-03-07,32.296749114990234
2017-03-08,32.17637252807617
2017-03-09,32.102291107177734
2017-03-10,32.20878601074219
2017-03-13,32.22267150878906
2017-03-14,32.1740608215332
2017-03-15,32.51435852050781
2017-03-16,32.56757736206055
2017-03-17,32.40555191040039
2017-03-20,32.745826721191406
2017-03-21,32.37082290649414
2017-03-22,32.73657989501953
2017-03-23,32.620826721191406
2017-03-24,32.55600357055664
2017-03-27,32.61156463623047
2017-03-28,33.28750991821289
2017-03-29,33.36157989501953
2017-03-30,33.317604064941406
2017-03-31,33.25510787963867
2017-04-03,33.26435089111328
2017-04-04,33.51204299926758
2017-04-05,33.338436126708984
2017-04-06,33.25510787963867
2017-04-07,33.18101501464844
2017-04-10,33.141666412353516
2017-04-11,32.78518295288086
2017-04-12,32.82454299926758
2017-04-13,32.65092086791992
2017-04-17,32.83146667480469
2017-04-18,32.685638427734375
2017-04-19,32.565269470214844
2017-04-20,32.97269058227539
2017-04-21,32.933326721191406
2017-04-24,33.25047302246094
2017-04-25,33.456485748291016
2017-04-26,33.25973129272461
2017-04-27,33.285186767578125
2017-04-28,33.25278091430664
2017-05-01,33.93101501464844
2017-05-02,34.14631271362305
2017-05-03,34.04214096069336
2017-05-04,33.91946029663086
2017-05-05,34.48196792602539
2017-05-08,35.41947555541992
2017-05-09,35.646331787109375
2017-05-10,35.47734069824219
2017-05-11,35.78417205810547
2017-05-12,36.28392028808594
2017-05-15,36.19094467163086
2017-05-16,36.13747024536133
2017-05-17,34.92414474487305
2017-05-18,35.45643615722656
2017-05-19,35.577293395996094
2017-05-22,35.79346466064453
2017-05-23,35.749305725097656
2017-05-24,35.642372131347656
2017-05-25,35.76557540893555
2017-05-26,35.705135345458984
2017-05-30,35.719085693359375
2017-05-31,35.50755310058594
2017-06-01,35.605194091796875
2017-06-02,36.1328239440918
2017-06-05,35.779518127441406
2017-06-06,35.900390625
2017-06-07,36.114219665527344
2017-06-08,36.025909423828125
2017-06-09,34.628944396972656
2017-06-12,33.80145263671875
2017-06-13,34.07341766357422
2017-06-14,33.741024017333984
2017-06-15,33.538787841796875
2017-06-16,33.069271087646484
2017-06-19,34.01529312133789
2017-06-20,33.706153869628906
2017-06-21,33.90604782104492
2017-06-22,33.85026931762695
2017-06-23,34.001338958740234
2017-06-26,33.894439697265625
2017-06-27,33.40863800048828
2017-06-28,33.89675521850586
2017-06-29,33.39700698852539
2017-06-30,33.47603988647461
2017-07-03,33.355167388916016
2017-07-05,33.492313385009766
2017-07-06,33.17620086669922
2017-07-07,33.513221740722656
2017-07-10,33.7177734375
2017-07-11,33.82701873779297
2017-07-12,33.87583541870117
2017-07-13,34.34769058227539
2017-07-14,34.64288330078125
2017-07-17,34.76375961303711
2017-07-18,34.884613037109375
2017-07-19,35.10312271118164
2017-07-20,34.94506072998047
2017-07-21,34.92879867553711
2017-07-24,35.351829528808594
2017-07-25,35.50292205810547
2017-07-26,35.67026901245117
2017-07-27,34.99620056152344
2017-07-28,34.74981689453125
2017-07-31,34.57082748413086
2017-08-01,34.877647399902344
2017-08-02,36.52565002441406
2017-08-03,36.16071701049805
2017-08-04,36.351322174072266
2017-08-07,36.91383361816406
2017-08-08,37.20903778076172
2017-08-09,37.43681716918945
2017-08-10,36.244388580322266
2017-08-11,36.7484245300293
2017-08-14,37.30146026611328
2017-08-15,37.70983123779297
2017-08-16,37.55816650390625
2017-08-17,36.837100982666016
2017-08-18,36.75309753417969
2017-08-21,36.68543243408203
2017-08-22,37.28514099121094
2017-08-23,37.33180618286133
2017-08-24,37.16611862182617
2017-08-25,37.303802490234375
2017-08-28,37.67950439453125
2017-08-29,38.015541076660156
2017-08-30,38.11820983886719
2017-08-31,38.269893646240234
2017-09-01,38.281551361083984
2017-09-05,37.821861267089844
2017-09-06,37.78217315673828
2017-09-07,37.63050079345703
2017-09-08,37.016788482666016
2017-09-11,37.6865119934082
2017-09-12,37.53716278076172
2017-09-13,37.25479507446289
2017-09-14,36.93511199951172
2017-09-15,37.3084716796875
2017-09-18,37.02610778808594
2017-09-19,37.040122985839844
2017-09-20,36.419410705566406
2017-09-21,35.79401779174805
2017-09-22,35.44398880004883
2017-09-25,35.131290435791016
2017-09-26,35.73567199707031
2017-09-27,35.99003982543945
2017-09-28,35.76834487915039
2017-09-29,35.964351654052734
2017-10-02,35.892024993896484
2017-10-03,36.048362731933594
2017-10-04,35.81501388549805
2017-10-05,36.26072692871094
2017-10-06,36.239715576171875
2017-10-09,36.3657341003418
2017-10-10,36.379730224609375
2017-10-11,36.531410217285156
2017-10-12,36.40306854248047
2017-10-13,36.63408660888672
2017-10-16,37.3084716796875
2017-10-17,37.44615173339844
2017-10-18,37.28047561645508
2017-10-19,36.398406982421875
2017-10-20,36.461402893066406
2017-10-23,36.4427375793457
2017-10-24,36.659751892089844
2017-10-25,36.49872589111328
2017-10-26,36.73208999633789
2017-10-27,38.048194885253906
2017-10-30,38.90461349487305
2017-10-31,39.44599151611328
2017-11-01,38.944271087646484
2017-11-02,39.22896957397461
2017-11-03,40.253387451171875
2017-11-06,40.6617546081543
2017-11-07,40.792442321777344
2017-11-08,41.126129150390625
2017-11-09,41.04212951660156
2017-11-10,40.90629196166992
2017-11-13,40.74236297607422
2017-11-14,40.12644958496094
2017-11-15,39.5971565246582
2017-11-16,40.070220947265625
2017-11-17,39.847740173339844
2017-11-20,39.807926177978516
2017-11-21,40.54798126220703
2017-11-22,40.97420883178711
2017-11-24,40.97654342651367
2017-11-27,40.77046203613281
2017-11-28,40.53158187866211
2017-11-29,39.690826416015625
2017-11-30,40.24586868286133
2017-12-01,40.05851364135742
2017-12-04,39.76577377319336
2017-12-05,39.72831344604492
2017-12-06,39.58075714111328
2017-12-07,39.65336990356445
2017-12-08,39.665069580078125
2017-12-11,40.437904357910156
2017-12-12,40.210750579833984
2017-12-13,40.344234466552734
2017-12-14,40.332523345947266
2017-12-15,40.74236297607422
2017-12-18,41.316123962402344
2017-12-19,40.8758544921875
2017-12-20,40.83134841918945
2017-12-21,40.98591613769531
2017-12-22,40.98591613769531
2017-12-26,39.946109771728516
2017-12-27,39.9531364440918
2017-12-28,40.06554412841797
2017-12-29,39.63228988647461
2018-01-02,40.34189224243164
2018-01-03,40.33486557006836
2018-01-04,40.52222442626953
2018-01-05,40.98356246948242
2018-01-08,40.83134841918945
2018-01-09,40.826656341552734
2018-01-10,40.817298889160156
2018-01-11,41.04914855957031
2018-01-12,41.4730339050293
2018-01-16,41.26226043701172
2018-01-17,41.943756103515625
2018-01-18,41.981224060058594
2018-01-19,41.79387283325195
2018-01-22,41.45195770263672
2018-01-23,41.461334228515625
2018-01-24,40.800907135009766
2018-01-25,40.07257080078125
2018-01-26,40.16624069213867
2018-01-29,39.334869384765625
2018-01-30,39.103023529052734
2018-01-31,39.21073532104492
2018-02-01,39.29271697998047
2018-02-02,37.587791442871094
2018-02-05,36.6486930847168
2018-02-06,38.180301666259766
2018-02-07,37.36296463012695
2018-02-08,36.33486557006836
2018-02-09,36.77928924560547
2018-02-12,38.26071548461914
2018-02-13,38.64401626586914
2018-02-14,39.35649108886719
2018-02-15,40.67802810668945
2018-02-16,40.54634094238281
2018-02-20,40.40995788574219
2018-02-21,40.226539611816406
2018-02-22,40.56280517578125
2018-02-23,41.26823043823242
2018-02-26,42.08420181274414
2018-02-27,41.94781494140625
2018-02-28,41.88433074951172
2018-03-01,41.150657653808594
2018-03-02,41.43519592285156
2018-03-05,41.57863235473633
2018-03-06,41.54336929321289
2018-03-07,41.15772247314453
2018-03-08,41.60686111450195
2018-03-09,42.321693420410156
2018-03-12,42.73086166381836
2018-03-13,42.3193473815918
2018-03-14,41.95957565307617
2018-03-15,42.00896453857422
2018-03-16,41.860801696777344
2018-03-19,41.221214294433594
2018-03-20,41.20711898803711
2018-03-21,40.2735710144043
2018-03-22,39.70452117919922
2018-03-23,38.785091400146484
2018-03-26,40.62629699707031
2018-03-27,39.5845832824707
2018-03-28,39.147216796875
2018-03-29,39.45291519165039
2018-04-02,39.194252014160156
2018-04-03,39.596343994140625
2018-04-04,40.353519439697266
2018-04-05,40.63335037231445
2018-04-06,39.593997955322266
2018-04-09,39.986690521240234
2018-04-10,40.739166259765625
2018-04-11,40.5486946105957
2018-04-12,40.94843673706055
2018-04-13,41.08717346191406
2018-04-16,41.343482971191406
2018-04-17,41.91254425048828
2018-04-18,41.8184928894043
2018-04-19,40.63335037231445
2018-04-20,38.968505859375
2018-04-23,38.85564422607422
2018-04-24,38.31480407714844
2018-04-25,38.481746673583984
2018-04-26,38.61578369140625
2018-04-27,38.16901397705078
2018-04-30,38.86032485961914
2018-05-01,39.7633056640625
2018-05-02,41.51984405517578
2018-05-03,41.5950927734375
2018-05-04,43.22702407836914
2018-05-07,43.539756774902344
2018-05-08,43.749046325683594
2018-05-09,44.05708312988281
2018-05-10,44.687278747558594
2018-05-11,44.51731872558594
2018-05-14,44.4134521484375
2018-05-15,44.00980758666992
2018-05-16,44.4205322265625
2018-05-17,44.1396369934082
2018-05-18,43.97911834716797
2018-05-21,44.290706634521484
2018-05-22,44.17976760864258
2018-05-23,44.46302032470703
2018-05-24,44.4134521484375
2018-05-25,44.51495361328125
2018-05-29,44.354434967041016
2018-05-30,44.2600212097168
2018-05-31,44.11130905151367
2018-06-01,44.90681076049805
2018-06-04,45.282135009765625
2018-06-05,45.631492614746094
2018-06-06,45.78964614868164
2018-06-07,45.666908264160156
2018-06-08,45.25143814086914
2018-06-11,45.140499114990234
2018-06-12,45.38835525512695
2018-06-13,45.0153923034668
2018-06-14,45.03899002075195
2018-06-15,44.576332092285156
2018-06-18,44.552730560302734
2018-06-19,43.83277130126953
2018-06-20,44.02396011352539
2018-06-21,43.77847671508789
2018-06-22,43.6509895324707
2018-06-25,43.00185012817383
2018-06-26,43.535343170166016
2018-06-27,43.471580505371094
2018-06-28,43.787906646728516
2018-06-29,43.69585037231445
2018-07-02,44.184478759765625
2018-07-03,43.41495132446289
2018-07-05,43.764305114746094
2018-07-06,44.37096405029297
2018-07-09,44.987064361572266
2018-07-10,44.932769775390625
2018-07-11,44.34972381591797
2018-07-12,45.09328079223633
2018-07-13,45.164100646972656
2018-07-16,45.064964294433594
2018-07-17,45.19242858886719
2018-07-18,44.94457244873047
2018-07-19,45.29392623901367
2018-07-20,45.1900749206543
2018-07-23,45.23019790649414
2018-07-24,45.55830764770508
2018-07-25,45.98793029785156
2018-07-26,45.843929290771484
2018-07-27,45.081485748291016
2018-07-30,44.828914642333984
2018-07-31,44.91860580444336
2018-08-01,47.56476974487305
2018-08-02,48.955116271972656
2018-08-03,49.09675216674805
2018-08-06,49.351680755615234
2018-08-07,48.88903045654297
2018-08-08,48.92207336425781
2018-08-09,49.306846618652344
2018-08-10,49.15996551513672
2018-08-13,49.4774055480957
2018-08-14,49.68586730957031
2018-08-15,49.801918029785156
2018-08-16,50.53151321411133
2018-08-17,51.54063415527344
2018-08-20,51.038455963134766
2018-08-21,50.93894958496094
2018-08-22,50.94132995605469
2018-08-23,51.04554748535156
2018-08-24,51.20425033569336
2018-08-27,51.62590789794922
2018-08-28,52.04281997680664
2018-08-29,52.81978988647461
2018-08-30,53.30539321899414
2018-08-31,53.921295166015625
2018-09-04,54.094207763671875
2018-09-05,53.74125671386719
2018-09-06,52.84822082519531
2018-09-07,52.42182922363281
2018-09-10,51.71829605102539
2018-09-11,53.02587890625
2018-09-12,52.36735916137695
2018-09-13,53.63228988647461
2018-09-14,53.023502349853516
2018-09-17,51.6117057800293
2018-09-18,51.69697189331055
2018-09-19,51.72776794433594
2018-09-20,52.12099075317383
2018-09-21,51.55958557128906
2018-09-24,52.30101776123047
2018-09-25,52.632652282714844
2018-09-26,52.21337890625
2018-09-27,53.28644561767578
2018-09-28,53.47358703613281
2018-10-01,53.833648681640625
2018-10-02,54.3121452331543
2018-10-03,54.97303009033203
2018-10-04,54.00657272338867
2018-10-05,53.130096435546875
2018-10-08,53.006935119628906
2018-10-09,53.74125671386719
2018-10-10,51.25164031982422
2018-10-11,50.79920196533203
2018-10-12,52.61370849609375
2018-10-15,51.488525390625
2018-10-16,52.62317657470703
2018-10-17,52.39577865600586
2018-10-18,51.171104431152344
2018-10-19,51.9504280090332
2018-10-22,52.267852783203125
2018-10-23,52.76056671142578
2018-10-24,50.9508056640625
2018-10-25,52.06651306152344
2018-10-26,51.2374267578125
2018-10-29,50.27568817138672
2018-10-30,50.52679443359375
2018-10-31,51.843841552734375
2018-11-01,52.639766693115234
2018-11-02,49.148128509521484
2018-11-05,47.752891540527344
2018-11-06,48.26929473876953
2018-11-07,49.73323059082031
2018-11-08,49.55970764160156
2018-11-09,48.6041259765625
2018-11-12,46.15571975708008
2018-11-13,45.694576263427734
2018-11-14,44.40381622314453
2018-11-15,45.499656677246094
2018-11-16,46.00360107421875
2018-11-19,44.18037033081055
2018-11-20,42.06953048706055
2018-11-21,42.02198028564453
2018-11-23,40.95468521118164
2018-11-26,41.508544921875
2018-11-27,41.418209075927734
2018-11-28,43.0108642578125
2018-11-29,42.6804313659668
2018-11-30,42.44987106323242
2018-12-03,43.93316650390625
2018-12-04,42.00058364868164
2018-12-06,41.53230667114258
2018-12-07,40.0513916015625
2018-12-10,40.315242767333984
2018-12-11,40.08466339111328
2018-12-12,40.19638442993164
2018-12-13,40.636146545410156
2018-12-14,39.33589172363281
2018-12-17,38.96982955932617
2018-12-18,39.476139068603516
2018-12-19,38.244808197021484
2018-12-20,37.27971649169922
2018-12-21,35.82969284057617
2018-12-24,34.90263748168945
2018-12-26,37.36054229736328
2018-12-27,37.11807632446289
2018-12-28,37.137088775634766
2018-12-31,37.49604034423828
2019-01-02,37.53882598876953
2019-01-03,33.7996711730957
2019-01-04,35.2425651550293
2019-01-07,35.164119720458984
2019-01-08,35.83445358276367
2019-01-09,36.442989349365234
2019-01-10,36.55946731567383
2019-01-11,36.20051956176758
2019-01-14,35.65616989135742
2019-01-15,36.38594436645508
2019-01-16,36.830448150634766
2019-01-17,37.04913330078125
2019-01-18,37.27735137939453
2019-01-22,36.44061279296875
2019-01-23,36.58798599243164
2019-01-24,36.29798126220703
2019-01-25,37.500789642333984
2019-01-28,37.153724670410156
2019-01-29,36.768646240234375
2019-01-30,39.281219482421875
2019-01-31,39.56409454345703
2019-02-01,39.58310317993164
2019-02-04,40.70747375488281
2019-02-05,41.403953552246094
2019-02-06,41.418209075927734
2019-02-07,40.63377380371094
2019-02-08,40.681522369384766
2019-02-11,40.44756317138672
2019-02-12,40.79610061645508
2019-02-13,40.626609802246094
2019-02-14,40.774620056152344
2019-02-15,40.68391418457031
2019-02-19,40.80565643310547
2019-02-20,41.06826400756836
2019-02-21,40.836700439453125
2019-02-22,41.292667388916016
2019-02-25,41.593448638916016
2019-02-26,41.617332458496094
2019-02-27,41.746238708496094
2019-02-28,41.335636138916016
2019-03-01,41.7701301574707
2019-03-04,41.980194091796875
2019-03-05,41.9037971496582
2019-03-06,41.66269302368164
2019-03-07,41.18045425415039
2019-03-08,41.27833557128906
2019-03-11,42.70830535888672
2019-03-12,43.18815994262695
2019-03-13,43.37913513183594
2019-03-14,43.861358642578125
2019-03-15,44.431922912597656
2019-03-18,44.88550567626953
2019-03-19,44.529808044433594
2019-03-20,44.91892623901367
2019-03-21,46.573307037353516
2019-03-22,45.60883712768555
2019-03-25,45.05739212036133
2019-03-26,44.59186935424805
2019-03-27,44.99292755126953
2019-03-28,45.05260467529297
2019-03-29,45.34624481201172
2019-04-01,45.654205322265625
2019-04-02,46.31787109375
2019-04-03,46.6353874206543
2019-04-04,46.716552734375
2019-04-05,47.02927780151367
2019-04-08,47.769325256347656
2019-04-09,47.626102447509766
2019-04-10,47.89347839355469
2019-04-11,47.494808197021484
2019-04-12,47.4757080078125
2019-04-15,47.561641693115234
2019-04-16,47.56642532348633
2019-04-17,48.492679595947266
2019-04-18,48.666954040527344
2019-04-22,48.826900482177734
2019-04-23,49.53113555908203
2019-04-24,49.45475387573242
2019-04-25,49.00593185424805
2019-04-26,48.77199172973633
2019-04-29,48.84599304199219
2019-04-30,47.90541458129883
2019-05-01,50.25687789916992
2019-05-02,49.92981719970703
2019-05-03,50.550506591796875
2019-05-06,49.769866943359375
2019-05-07,48.42822265625
2019-05-08,48.43775939941406
2019-05-09,47.9173469543457
2019-05-10,47.253517150878906
2019-05-13,44.507171630859375
2019-05-14,45.21174621582031
2019-05-15,45.75333023071289
2019-05-16,45.552032470703125
2019-05-17,45.29322052001953
2019-05-20,43.87689971923828
2019-05-21,44.718055725097656
2019-05-22,43.8026008605957
2019-05-23,43.0549201965332
2019-05-24,42.889564514160156
2019-05-28,42.71222686767578
2019-05-29,42.508514404296875
2019-05-30,42.729000091552734
2019-05-31,41.954933166503906
2019-06-03,41.53076934814453
2019-06-04,43.05012130737305
2019-06-05,43.745094299316406
2019-06-06,44.38734817504883
2019-06-07,45.568809509277344
2019-06-10,46.151145935058594
2019-06-11,46.685569763183594
2019-06-12,46.53697967529297
2019-06-13,46.52738571166992
2019-06-14,46.18949508666992
2019-06-17,46.46509552001953
2019-06-18,47.557865142822266
2019-06-19,47.41886520385742
2019-06-20,47.799922943115234
2019-06-21,47.636962890625
2019-06-24,47.58903503417969
2019-06-25,46.8676872253418
2019-06-26,47.88139343261719
2019-06-27,47.86701965332031
2019-06-28,47.430870056152344
2019-07-01,48.30078887939453
2019-07-02,48.58356475830078
2019-07-03,48.98617172241211
2019-07-05,48.94302749633789
2019-07-08,47.93413162231445
2019-07-09,48.22649002075195
2019-07-10,48.70338821411133
2019-07-11,48.348716735839844
2019-07-12,48.72016143798828
2019-07-15,49.177886962890625
2019-07-16,49.007728576660156
2019-07-17,48.732147216796875
2019-07-18,49.28573226928711
2019-07-19,48.55001449584961
2019-07-22,49.659576416015625
2019-07-23,50.04780197143555
2019-07-24,50.00706481933594
2019-07-25,49.61164093017578
2019-07-26,49.78418731689453
2019-07-29,50.24911117553711
2019-07-30,50.033424377441406
2019-07-31,51.054317474365234
2019-08-01,49.94955062866211
2019-08-02,48.892704010009766
2019-08-05,46.333274841308594
2019-08-06,47.21038818359375
2019-08-07,47.69926071166992
2019-08-08,48.751304626464844
2019-08-09,48.34959030151367
2019-08-12,48.22690200805664
2019-08-13,50.26922607421875
2019-08-14,48.77297592163086
2019-08-15,48.53001403808594
2019-08-16,49.6750602722168
2019-08-19,50.601200103759766
2019-08-20,50.603599548339844
2019-08-21,51.152069091796875
2019-08-22,51.10877227783203
2019-08-23,48.74650192260742
2019-08-26,49.672645568847656
2019-08-27,49.112144470214844
2019-08-28,49.44171905517578
2019-08-29,50.27885055541992
2019-08-30,50.21390151977539
2019-09-03,49.482608795166016
2019-09-04,50.322147369384766
2019-09-05,51.3060302734375
2019-09-06,51.30121612548828
2019-09-09,51.52012634277344
2019-09-10,52.12873840332031
2019-09-11,53.78617477416992
2019-09-12,53.665897369384766
2019-09-13,52.62187957763672
2019-09-16,52.89852523803711
2019-09-17,53.09096145629883
2019-09-18,53.58892059326172
2019-09-19,53.15351104736328
2019-09-20,52.37651443481445
2019-09-23,52.614662170410156
2019-09-24,52.364479064941406
2019-09-25,53.17035675048828
2019-09-26,52.896114349365234
2019-09-27,52.63871765136719
2019-09-30,53.87758255004883
2019-10-01,54.026729583740234
2019-10-02,52.672393798828125
2019-10-03,53.11983108520508
2019-10-04,54.60887908935547
2019-10-07,54.62090301513672
2019-10-08,53.981021881103516
2019-10-09,54.61370086669922
2019-10-10,55.34980392456055
2019-10-11,56.8220100402832
2019-10-14,56.740211486816406
2019-10-15,56.607906341552734
2019-10-16,56.37937927246094
2019-10-17,56.598289489746094
2019-10-18,56.8701286315918
2019-10-21,57.85639953613281
2019-10-22,57.7241096496582
2019-10-23,58.49869155883789
2019-10-24,58.59490966796875
2019-10-25,59.316593170166016
2019-10-28,59.910762786865234
2019-10-29,58.52515411376953
2019-10-30,58.51792907714844
2019-10-31,59.84099197387695
2019-11-01,61.53932571411133
2019-11-04,61.9434700012207
2019-11-05,61.85447692871094
2019-11-06,61.880924224853516
2019-11-07,62.595123291015625
2019-11-08,62.76641845703125
2019-11-11,63.263450622558594
2019-11-12,63.2055549621582
2019-11-13,63.811180114746094
2019-11-14,63.36962127685547
2019-11-15,64.12240600585938
2019-11-18,64.44571685791016
2019-11-19,64.25027465820312
2019-11-20,63.502323150634766
2019-11-21,63.21760177612305
2019-11-22,63.162105560302734
2019-11-25,64.26959228515625
2019-11-26,63.76774597167969
2019-11-27,64.624267578125
2019-11-29,64.48192596435547
2019-12-02,63.736385345458984
2019-12-03,62.59993362426758
2019-12-04,63.1524658203125
2019-12-05,64.07898712158203
2019-12-06,65.31673431396484
2019-12-09,64.40229034423828
2019-12-10,64.7787094116211
2019-12-11,65.33121490478516
2019-12-12,65.4977035522461
2019-12-13,66.38800048828125
2019-12-16,67.5244369506836
2019-12-17,67.65716552734375
2019-12-18,67.49549102783203
2019-12-19,67.56305694580078
2019-12-20,67.42311096191406
2019-12-23,68.52334594726562
2019-12-24,68.5884780883789
2019-12-26,69.94931030273438
2019-12-27,69.9227523803711
2019-12-30,70.33775329589844
2019-12-31,70.85169219970703
2020-01-02,72.46825408935547
2020-01-03,71.76371002197266
2020-01-06,72.33555603027344
2020-01-07,71.995361328125
2020-01-08,73.15350341796875
2020-01-09,74.70733642578125
2020-01-10,74.87622833251953
2020-01-13,76.47591400146484
2020-01-14,75.44324493408203
2020-01-15,75.11991882324219
2020-01-16,76.06092071533203
2020-01-17,76.90298461914062
2020-01-21,76.38180541992188
2020-01-22,76.65446472167969
2020-01-23,77.02361297607422
2020-01-24,76.80162811279297
2020-01-27,74.54324340820312
2020-01-28,76.65203857421875
2020-01-29,78.25655364990234
2020-01-30,78.14315795898438
2020-01-31,74.67837524414062
2020-02-03,74.4732894897461
2020-02-04,76.93194580078125
2020-02-05,77.55926513671875
2020-02-06,78.46646118164062
2020-02-07,77.39988708496094
2020-02-10,77.76750183105469
2020-02-11,77.29830169677734
2020-02-12,79.13397216796875
2020-02-13,78.5704574584961
2020-02-14,78.58980560302734
2020-02-18,77.15079498291016
2020-02-19,78.26812744140625
2020-02-20,77.46520233154297
2020-02-21,75.7117691040039
2020-02-24,72.11543273925781
2020-02-25,69.67272186279297
2020-02-26,70.77798461914062
2020-02-27,66.1513671875
2020-02-28,66.1126480102539
2020-03-02,72.26779174804688
2020-03-03,69.97262573242188
2020-03-04,73.21825408935547
2020-03-05,70.8432846069336
2020-03-06,69.90250396728516
2020-03-09,64.37374114990234
2020-03-10,69.01004028320312
2020-03-11,66.6133041381836
2020-03-12,60.03492736816406
2020-03-13,67.22760009765625
2020-03-16,58.5789794921875
2020-03-17,61.154701232910156
2020-03-18,59.657630920410156
2020-03-19,59.20054244995117
2020-03-20,55.44215393066406
2020-03-23,54.264339447021484
2020-03-24,59.70844268798828
2020-03-25,59.379512786865234
2020-03-26,62.50423049926758
2020-03-27,59.916419982910156
2020-03-30,61.62631607055664
2020-03-31,61.500553131103516
2020-04-01,58.264564514160156
2020-04-02,59.23681640625
2020-04-03,58.385498046875
2020-04-06,63.478885650634766
2020-04-07,62.743675231933594
2020-04-08,64.34956359863281
2020-04-09,64.81393432617188
2020-04-13,66.0860595703125
2020-04-14,69.42362976074219
2020-04-15,68.78996276855469
2020-04-16,69.33655548095703
2020-04-17,68.3957290649414
2020-04-20,66.97606658935547
2020-04-21,64.90583038330078
2020-04-22,66.77535247802734
2020-04-23,66.51657104492188
2020-04-24,68.43685150146484
2020-04-27,68.48523712158203
2020-04-28,67.37513732910156
2020-04-29,69.58808898925781
2020-04-30,71.05610656738281
2020-05-01,69.91215515136719
2020-05-04,70.90131378173828
2020-05-05,71.96549987792969
2020-05-06,72.70796203613281
2020-05-07,73.4601058959961
2020-05-08,75.2085952758789
2020-05-11,76.39203643798828
2020-05-12,75.51901245117188
2020-05-13,74.60717010498047
2020-05-14,75.0655288696289
2020-05-15,74.62174224853516
2020-05-18,76.3799057006836
2020-05-19,75.93855285644531
2020-05-20,77.41541290283203
2020-05-21,76.8382568359375
2020-05-22,77.33296966552734
2020-05-26,76.80915069580078
2020-05-27,77.143798828125
2020-05-28,77.17774200439453
2020-05-29,77.10257720947266
2020-06-01,78.05078887939453
2020-06-02,78.41212463378906
2020-06-03,78.8437728881836
2020-06-04,78.16475677490234
2020-06-05,80.3909683227539
2020-06-08,80.86628723144531
2020-06-09,83.41988372802734
2020-06-10,85.56607055664062
2020-06-11,81.4580078125
2020-06-12,82.16126251220703
2020-06-15,83.17736053466797
2020-06-16,85.38175964355469
2020-06-17,85.26293182373047
2020-06-18,85.2968978881836
2020-06-19,84.8094482421875
2020-06-22,87.02837371826172
2020-06-23,88.885986328125
2020-06-24,87.31696319580078
2020-06-25,88.47614288330078
2020-06-26,85.75765228271484
2020-06-29,87.73406982421875
2020-06-30,88.4664306640625
2020-07-01,88.29910278320312
2020-07-02,88.29910278320312
2020-07-06,90.66112518310547
2020-07-07,90.37981414794922
2020-07-08,92.4847640991211
2020-07-09,92.88247680664062
2020-07-10,93.04496765136719
2020-07-13,92.61573791503906
2020-07-14,94.14839172363281
2020-07-15,94.79586791992188
2020-07-16,93.62940979003906
2020-07-17,93.44025421142578
2020-07-20,95.40939331054688
2020-07-21,94.09259033203125
2020-07-22,94.35691833496094
2020-07-23,90.0621566772461
2020-07-24,89.83903503417969
2020-07-27,91.9682388305664
2020-07-28,90.45740509033203
2020-07-29,92.19135284423828
2020-07-30,93.3068618774414
2020-07-31,103.07504272460938
2020-08-03,105.67229461669922
2020-08-04,106.37799835205078
2020-08-05,106.76355743408203
2020-08-06,110.48846435546875
2020-08-07,107.97643280029297
2020-08-10,109.54586791992188
2020-08-11,106.28799438476562
2020-08-12,109.82036590576172
2020-08-13,111.76394653320312
2020-08-14,111.6643295288086
2020-08-17,111.3727798461914
2020-08-18,112.30083465576172
2020-08-19,112.4417495727539
2020-08-20,114.9367904663086
2020-08-21,120.85977172851562
2020-08-24,122.3052749633789
2020-08-25,121.30191040039062
2020-08-26,122.95149230957031
2020-08-27,121.48167419433594
2020-08-28,121.28489685058594
2020-08-31,125.3979263305664
2020-09-01,130.3928680419922
2020-09-02,127.69129180908203
2020-09-03,117.46824645996094
2020-09-04,117.54601287841797
2020-09-08,109.63572692871094
2020-09-09,114.00874328613281
2020-09-10,110.28681182861328
2020-09-11,108.8388900756836
2020-09-14,112.10403442382812
2020-09-15,112.27897644042969
2020-09-16,108.96522521972656
2020-09-17,107.22573852539062
2020-09-18,103.82453155517578
2020-09-21,106.97308349609375
2020-09-22,108.65425109863281
2020-09-23,104.09661102294922
2020-09-24,105.16555786132812
2020-09-25,109.11097717285156
2020-09-28,111.71533966064453
2020-09-29,110.86988067626953
2020-09-30,112.5413589477539
2020-10-01,113.49368286132812
2020-10-02,109.83009338378906
2020-10-05,113.21188354492188
2020-10-06,109.9661636352539
2020-10-07,111.83195495605469
2020-10-08,111.72508239746094
2020-10-09,113.66860961914062
2020-10-12,120.88890838623047
2020-10-13,117.68204498291016
2020-10-14,117.7695083618164
2020-10-15,117.30303192138672
2020-10-16,115.66075134277344
2020-10-19,112.70654296875
2020-10-20,114.19337463378906
2020-10-21,113.5714340209961
2020-10-22,112.4830551147461
2020-10-23,111.7930908203125
2020-10-26,111.80282592773438
2020-10-27,113.3090591430664
2020-10-28,108.06147003173828
2020-10-29,112.06517028808594
2020-10-30,105.78751373291016
2020-11-02,105.70005798339844
2020-11-03,107.32292175292969
2020-11-04,111.70561218261719
2020-11-05,115.67045593261719
2020-11-06,115.5390625
2020-11-09,113.23197937011719
2020-11-10,112.89127349853516
2020-11-11,116.31781768798828
2020-11-12,116.04522705078125
2020-11-13,116.09392547607422
2020-11-16,117.10633087158203
2020-11-17,116.22047424316406
2020-11-18,114.89657592773438
2020-11-19,115.49036407470703
2020-11-20,114.22489929199219
2020-11-23,110.82755279541016
2020-11-24,112.11251831054688
2020-11-25,112.94966125488281
2020-11-27,113.49478912353516
2020-11-30,115.88949584960938
2020-12-01,119.46206665039062
2020-12-02,119.81249237060547
2020-12-03,119.67623901367188
2020-12-04,119.00456237792969
2020-12-07,120.46470642089844
2020-12-08,121.0780029296875
2020-12-09,118.54701232910156
2020-12-10,119.96826171875
2020-12-11,119.16029357910156
2020-12-14,118.54701232910156
2020-12-15,124.48506927490234
2020-12-16,124.41691589355469
2020-12-17,125.2833251953125
2020-12-18,123.29747009277344
2020-12-21,124.82579040527344
2020-12-22,128.37890625
2020-12-23,127.48332214355469
2020-12-24,128.4665069580078
2020-12-28,133.0612030029297
2020-12-29,131.28948974609375
2020-12-30,130.1700439453125
2020-12-31,129.1674041748047
2021-01-04,125.97444152832031
2021-01-05,127.53199768066406
2021-01-06,123.23907470703125
2021-01-07,127.4443588256836
2021-01-08,128.5443878173828
2021-01-11,125.55587005615234
2021-01-12,125.38066864013672
2021-01-13,127.41511535644531
2021-01-14,125.48773193359375
2021-01-15,123.76471710205078
2021-01-19,124.4364242553711
2021-01-20,128.52488708496094
2021-01-21,133.2364044189453
2021-01-22,135.37802124023438
2021-01-25,139.12579345703125
2021-01-26,139.3594207763672
2021-01-27,138.28866577148438
2021-01-28,133.4505615234375
2021-01-29,128.456787109375
2021-02-01,130.5789031982422
2021-02-02,131.4063262939453
2021-02-03,130.38418579101562
2021-02-04,133.7426300048828
2021-02-05,133.32827758789062
2021-02-08,133.4745330810547
2021-02-09,132.59713745117188
2021-02-10,131.99266052246094
2021-02-11,131.7391815185547
2021-02-12,131.97314453125
2021-02-16,129.84783935546875
2021-02-17,127.55683898925781
2021-02-18,126.45516967773438
2021-02-19,126.61116027832031
2021-02-22,122.8382797241211
2021-02-23,122.7017822265625
2021-02-24,122.20459747314453
2021-02-25,117.95399475097656
2021-02-26,118.21721649169922
2021-03-01,124.5833511352539
2021-03-02,121.98036193847656
2021-03-03,118.99713134765625
2021-03-04,117.11555480957031
2021-03-05,118.37319946289062
2021-03-08,113.44017791748047
2021-03-09,118.05146026611328
2021-03-10,116.96935272216797
2021-03-11,118.8996353149414
2021-03-12,117.99298858642578
2021-03-15,120.87871551513672
2021-03-16,122.41907501220703
2021-03-17,121.62940216064453
2021-03-18,117.50554656982422
2021-03-19,116.97908020019531
2021-03-22,120.29378509521484
2021-03-23,119.46510314941406
2021-03-24,117.0765609741211
2021-03-25,117.56404113769531
2021-03-26,118.16844177246094
2021-03-29,118.34394836425781
2021-03-30,116.8913345336914
2021-03-31,119.08487701416016
2021-04-01,119.9135513305664
2021-04-05,122.74076843261719
2021-04-06,123.04299926757812
2021-04-07,124.69058990478516
2021-04-08,127.08885955810547
2021-04-09,129.6626434326172
2021-04-12,127.9468002319336
2021-04-13,131.05674743652344
2021-04-14,128.71693420410156
2021-04-15,131.125
2021-04-16,130.7935028076172
2021-04-19,131.45643615722656
2021-04-20,129.76988220214844
2021-04-21,130.15008544921875
2021-04-22,128.6292266845703
2021-04-23,130.94952392578125
2021-04-26,131.33946228027344
2021-04-27,131.0177459716797
2021-04-28,130.22804260253906
2021-04-29,130.13059997558594
2021-04-30,128.1612548828125
2021-05-03,129.21414184570312
2021-05-04,124.64183807373047
2021-05-05,124.88558959960938
2021-05-06,126.48442840576172
2021-05-07,127.15825653076172
2021-05-10,123.87699890136719
2021-05-11,122.95903778076172
2021-05-12,119.89260864257812
2021-05-13,122.04107666015625
2021-05-14,124.46295928955078
2021-05-17,123.31057739257812
2021-05-18,121.92387390136719
2021-05-19,121.76763916015625
2021-05-20,124.32622528076172
2021-05-21,122.49028015136719
2021-05-24,124.12112426757812
2021-05-25,123.92584228515625
2021-05-26,123.87699890136719
2021-05-27,122.34379577636719
2021-05-28,121.68950653076172
2021-06-01,121.36723327636719
2021-06-02,122.12895202636719
2021-06-03,120.64459228515625
2021-06-04,122.93950653076172
2021-06-07,122.94927215576172
2021-06-08,123.76959228515625
2021-06-09,124.15042114257812
2021-06-10,123.15433502197266
2021-06-11,124.36528015136719
2021-06-14,127.42192840576172
2021-06-15,126.60163116455078
2021-06-16,127.0996322631836
2021-06-17,128.70123291015625
2021-06-18,127.40239715576172
2021-06-21,129.1992950439453
2021-06-22,130.83987426757812
2021-06-23,130.56646728515625
2021-06-24,130.28326416015625
2021-06-25,129.9902801513672
2021-06-28,131.62112426757812
2021-06-29,133.1348114013672
2021-06-30,133.7500762939453
2021-07-01,134.0528106689453
2021-07-02,136.67974853515625
2021-07-06,138.6914825439453
2021-07-07,141.1817169189453
2021-07-08,139.8828582763672
2021-07-09,141.70904541015625
2021-07-12,141.1133270263672
2021-07-13,142.22662353515625
2021-07-14,145.6543426513672
2021-07-15,145.00006103515625
2021-07-16,142.9590301513672
2021-07-19,139.1113739013672
2021-07-20,142.7246551513672
2021-07-21,141.99224853515625
2021-07-22,143.35940551757812
2021-07-23,145.0782012939453
2021-07-26,145.4980926513672
2021-07-27,143.3301544189453
2021-07-28,141.58204650878906
2021-07-29,142.22662353515625
2021-07-30,142.44146728515625
2021-08-02,142.10940551757812
2021-08-03,143.90628051757812
2021-08-04,143.5059356689453
2021-08-05,143.61334228515625
2021-08-06,142.9287109375
2021-08-09,142.8798370361328
2021-08-10,142.40060424804688
2021-08-11,142.65487670898438
2021-08-12,145.6182861328125
2021-08-13,145.82366943359375
2021-08-16,147.79928588867188
2021-08-17,146.88973999023438
2021-08-18,143.1438751220703
2021-08-19,143.4764404296875
2021-08-20,144.93365478515625
2021-08-23,146.4202880859375
2021-08-24,146.33224487304688
2021-08-25,145.09991455078125
2021-08-26,144.29795837402344
2021-08-27,145.3346405029297
2021-08-30,149.7553253173828
2021-08-31,148.49368286132812
2021-09-01,149.1587371826172
2021-09-02,150.27371215820312
2021-09-03,150.90945434570312
2021-09-07,153.24693298339844
2021-09-08,151.70164489746094
2021-09-09,150.68446350097656
2021-09-10,145.69654846191406
2021-09-13,146.26377868652344
2021-09-14,144.86521911621094
2021-09-15,145.75523376464844
2021-09-16,145.52049255371094
2021-09-17,142.85047912597656
2021-09-20,139.79905700683594
2021-09-21,140.27828979492188
2021-09-22,142.64511108398438
2021-09-23,143.6035614013672
2021-09-24,143.6916046142578
2021-09-27,142.1756591796875
2021-09-28,138.7916717529297
2021-09-29,139.6914520263672
2021-09-30,138.3906707763672
2021-10-01,139.51539611816406
2021-10-04,136.0825653076172
2021-10-05,138.00921630859375
2021-10-06,138.87973022460938
2021-10-07,140.14137268066406
2021-10-08,139.75991821289062
2021-10-11,139.67190551757812
2021-10-12,138.40042114257812
2021-10-13,137.81365966796875
2021-10-14,140.6009979248047
2021-10-15,141.6572723388672
2021-10-18,143.3297119140625
2021-10-19,145.4911651611328
2021-10-20,145.9801483154297
2021-10-21,146.1953125
2021-10-22,145.42274475097656
2021-10-25,145.373779296875
2021-10-26,146.03883361816406
2021-10-27,145.57920837402344
2021-10-28,149.21746826171875
2021-10-29,146.50831604003906
2021-11-01,145.686767578125
2021-11-02,146.72348022460938
2021-11-03,148.16116333007812
2021-11-04,147.64280700683594
2021-11-05,148.17172241210938
2021-11-08,147.34898376464844
2021-11-09,147.7113494873047
2021-11-10,144.8807373046875
2021-11-11,144.831787109375
2021-11-12,146.908203125
2021-11-15,146.9180450439453
2021-11-16,147.89747619628906
2021-11-17,150.3363037109375
2021-11-18,154.6262664794922
2021-11-19,157.25123596191406
2021-11-22,157.7116241455078
2021-11-23,158.09356689453125
2021-11-24,158.61273193359375
2021-11-26,153.5880889892578
2021-11-29,156.94764709472656
2021-11-30,161.9036407470703
2021-12-01,161.3845672607422
2021-12-02,160.39527893066406
2021-12-03,158.51473999023438
2021-12-06,161.9232635498047
2021-12-07,167.66281127929688
2021-12-08,171.4827117919922
2021-12-09,170.973388671875
2021-12-10,175.76290893554688
2021-12-13,172.12913513183594
2021-12-14,170.74810791015625
2021-12-15,175.6160125732422
2021-12-16,168.72064208984375
2021-12-17,167.62368774414062
2021-12-20,166.26222229003906
2021-12-21,169.43563842773438
2021-12-22,172.0312042236328
2021-12-23,172.65805053710938
2021-12-27,176.62484741210938
2021-12-28,175.60623168945312
2021-12-29,175.69432067871094
2021-12-30,174.53863525390625
2021-12-31,173.9215545654297
2022-01-03,178.2703399658203
2022-01-04,176.0077667236328
2022-01-05,171.3260040283203
2022-01-06,168.4659881591797
2022-01-07,168.63253784179688
2022-01-10,168.65208435058594
2022-01-11,171.4827117919922
2022-01-12,171.9234619140625
2022-01-13,168.65208435058594
2022-01-14,169.5139923095703
2022-01-18,166.31117248535156
2022-01-19,162.81451416015625
2022-01-20,161.12986755371094
2022-01-21,159.0730438232422
2022-01-24,158.29925537109375
2022-01-25,156.49703979492188
2022-01-26,156.40892028808594
2022-01-27,155.9485626220703
2022-01-28,166.83029174804688
2022-01-31,171.18885803222656
2022-02-01,171.02239990234375
2022-02-02,172.22708129882812
2022-02-03,169.3474884033203
2022-02-04,169.0631103515625
2022-02-07,168.34722900390625
2022-02-08,171.45599365234375
2022-02-09,172.87803649902344
2022-02-10,168.79830932617188
2022-02-11,165.38546752929688
2022-02-14,165.62081909179688
2022-02-15,169.45538330078125
2022-02-16,169.22000122070312
2022-02-17,165.62081909179688
2022-02-18,164.07135009765625
2022-02-22,161.14883422851562
2022-02-23,156.98089599609375
2022-02-24,159.5992889404297
2022-02-25,161.66860961914062
2022-02-28,161.9334259033203
2022-03-01,160.0504608154297
2022-03-02,163.3456268310547
2022-03-03,163.02195739746094
2022-03-04,160.02102661132812
2022-03-07,156.22572326660156
2022-03-08,154.401611328125
2022-03-09,159.8052520751953
2022-03-10,155.46080017089844
2022-03-11,151.743896484375
2022-03-14,147.71319580078125
2022-03-15,152.09695434570312
2022-03-16,156.51010131835938
2022-03-17,157.52020263671875
2022-03-18,160.81541442871094
2022-03-21,162.1884002685547
2022-03-22,165.56201171875
2022-03-23,166.9251708984375
2022-03-24,170.71067810058594
2022-03-25,171.34815979003906
2022-03-28,172.2111358642578
2022-03-29,175.5063018798828
2022-03-30,174.3392791748047
2022-03-31,171.2402801513672
2022-04-01,170.94602966308594
2022-04-04,174.99636840820312
2022-04-05,171.68157958984375
2022-04-06,168.51390075683594
2022-04-07,168.81790161132812
2022-04-08,166.80747985839844
2022-04-11,162.55123901367188
2022-04-12,164.42437744140625
2022-04-13,167.11148071289062
2022-04-14,162.10008239746094
2022-04-18,161.88433837890625
2022-04-19,164.16941833496094
2022-04-20,164.00267028808594
2022-04-21,163.2082977294922
2022-04-22,158.66766357421875
2022-04-25,159.7366180419922
2022-04-26,153.7739715576172
2022-04-27,153.54843139648438
2022-04-28,160.4819793701172
2022-04-29,154.60755920410156
2022-05-02,154.9115753173828
2022-05-03,156.40225219726562
2022-05-04,162.81602478027344
2022-05-05,153.74456787109375
2022-05-06,154.47129821777344
2022-05-09,149.3445281982422
2022-05-10,151.75079345703125
2022-05-11,143.88381958007812
2022-05-12,140.01419067382812
2022-05-13,144.4829864501953
2022-05-16,142.94097900390625
2022-05-17,146.5748748779297
2022-05-18,138.3052520751953
2022-05-19,134.89723205566406
2022-05-20,135.13294982910156
2022-05-23,140.5543670654297
2022-05-24,137.85348510742188
2022-05-25,138.01063537597656
2022-05-26,141.21240234375
2022-05-27,146.96774291992188
2022-05-31,146.18203735351562
2022-06-01,146.0543670654297
2022-06-02,148.5097198486328
2022-06-03,142.78387451171875
2022-06-06,143.5302734375
2022-06-07,146.0543670654297
2022-06-08,145.31777954101562
2022-06-09,140.09275817871094
2022-06-10,134.6811981201172
2022-06-13,129.52493286132812
2022-06-14,130.38917541503906
2022-06-15,133.01150512695312
2022-06-16,127.7374038696289
2022-06-17,129.2106475830078
2022-06-21,133.44371032714844
2022-06-22,132.93296813964844
2022-06-23,135.80078125
2022-06-24,139.13027954101562
2022-06-27,139.13027954101562
2022-06-28,134.98562622070312
2022-06-29,136.74363708496094
2022-06-30,134.2785186767578
2022-07-01,136.4490203857422
2022-07-05,139.03204345703125
2022-07-06,140.3677520751953
2022-07-07,143.7365264892578
2022-07-08,144.41419982910156
2022-07-11,142.28289794921875
2022-07-12,143.25526428222656
2022-07-13,142.89190673828125
2022-07-14,145.81866455078125
2022-07-15,147.48829650878906
2022-07-18,144.4436798095703
2022-07-19,148.3035125732422
2022-07-20,150.3070068359375
2022-07-21,152.57582092285156
2022-07-22,151.33828735351562
2022-07-25,150.2186279296875
2022-07-26,148.89276123046875
2022-07-27,153.99008178710938
2022-07-28,154.54006958007812
2022-07-29,159.6079559326172
2022-08-01,158.6257781982422
2022-08-02,157.152587890625
2022-08-03,163.1632843017578
2022-08-04,162.8489990234375
2022-08-05,162.62283325195312
2022-08-08,162.15069580078125
2022-08-09,162.19989013671875
2022-08-10,166.44863891601562
2022-08-11,165.7110137939453
2022-08-12,169.26150512695312
2022-08-15,170.33349609375
2022-08-16,170.1761016845703
2022-08-17,171.67103576660156
2022-08-18,171.2776336669922
2022-08-19,168.69105529785156
2022-08-22,164.8061981201172
2022-08-23,164.47177124023438
2022-08-24,164.76681518554688
2022-08-25,167.22560119628906
2022-08-26,160.92132568359375
2022-08-29,158.71827697753906
2022-08-30,156.28903198242188
2022-08-31,154.62689208984375
2022-09-01,155.3546905517578
2022-09-02,153.24014282226562
2022-09-06,151.98123168945312
2022-09-07,153.3876495361328
2022-09-08,151.9124298095703
2022-09-09,154.77439880371094
2022-09-12,160.73443603515625
2022-09-13,151.30264282226562
2022-09-14,152.74839782714844
2022-09-15,149.85687255859375
2022-09-16,148.2144317626953
2022-09-19,151.9320831298828
2022-09-20,154.3121795654297
2022-09-21,151.1846160888672
2022-09-22,150.22079467773438
2022-09-23,147.94888305664062
2022-09-26,148.2832794189453
2022-09-27,149.25694274902344
2022-09-28,147.36859130859375
2022-09-29,140.1300048828125
2022-09-30,135.9205780029297
2022-10-03,140.10049438476562
2022-10-04,143.69032287597656
2022-10-05,143.98532104492188
2022-10-06,143.0313262939453
2022-10-07,137.7794189453125
2022-10-10,138.10397338867188
2022-10-11,136.687744140625
2022-10-12,136.05825805664062
2022-10-13,140.63157653808594
2022-10-14,136.09764099121094
2022-10-17,140.0611572265625
2022-10-18,141.3790740966797
2022-10-19,141.4872589111328
2022-10-20,141.02500915527344
2022-10-21,144.8410186767578
2022-10-24,146.9850311279297
2022-10-25,149.82737731933594
2022-10-26,146.88670349121094
2022-10-27,142.4117431640625
2022-10-28,153.1713104248047
2022-10-31,150.81088256835938
2022-11-01,148.16526794433594
2022-11-02,142.63795471191406
2022-11-03,136.58938598632812
2022-11-04,136.32342529296875
2022-11-07,136.85536193847656
2022-11-08,137.42677307128906
2022-11-09,132.86553955078125
2022-11-10,144.68722534179688
2022-11-11,147.4751434326172
2022-11-14,146.07623291015625
2022-11-15,147.81008911132812
2022-11-16,146.57867431640625
2022-11-17,148.47999572753906
2022-11-18,149.04153442382812
2022-11-21,145.81027221679688
2022-11-22,147.94801330566406
2022-11-23,148.82481384277344
2022-11-25,145.9087677001953
2022-11-28,142.0766143798828
2022-11-29,139.07192993164062
2022-11-30,145.82998657226562
2022-12-01,146.10577392578125
2022-12-02,145.61326599121094
2022-12-05,144.4508056640625
2022-12-06,140.7860565185547
2022-12-07,138.84532165527344
2022-12-08,140.52992248535156
2022-12-09,140.04721069335938
2022-12-12,142.3425750732422
2022-12-13,143.30804443359375
2022-12-14,141.08163452148438
2022-12-15,134.47129821777344
2022-12-16,132.5109100341797
2022-12-19,130.40272521972656
2022-12-20,130.333740234375
2022-12-21,133.43695068359375
2022-12-22,130.26480102539062
2022-12-23,129.9003143310547
2022-12-27,128.0974578857422
2022-12-28,124.16678619384766
2022-12-29,127.68372344970703
2022-12-30,127.99897766113281
2023-01-03,123.21119689941406
2023-01-04,124.4820327758789
2023-01-05,123.16194915771484
2023-01-06,127.69355773925781
2023-01-09,128.21568298339844
2023-01-10,128.78707885742188
2023-01-11,131.50608825683594
2023-01-12,131.42726135253906
2023-01-13,132.75717163085938
2023-01-17,133.91964721679688
2023-01-18,133.2005157470703
2023-01-19,133.25962829589844
2023-01-20,135.82095336914062
2023-01-23,139.01278686523438
2023-01-24,140.41172790527344
2023-01-25,139.7516632080078
2023-01-26,141.82044982910156
2023-01-27,143.76116943359375
2023-01-30,140.8747100830078
2023-01-31,142.1455535888672
2023-02-01,143.26858520507812
2023-02-02,148.57852172851562
2023-02-03,152.2037811279297
2023-02-06,149.4749755859375
2023-02-07,152.35159301757812
2023-02-08,149.6621856689453
2023-02-09,148.6277618408203
2023-02-10,148.99282836914062
2023-02-13,151.79489135742188
2023-02-14,151.153564453125
2023-02-15,153.25511169433594
2023-02-16,151.65675354003906
2023-02-17,150.51226806640625
2023-02-21,146.49661254882812
2023-02-22,146.9208526611328
2023-02-23,147.40431213378906
2023-02-24,144.75025939941406
2023-02-27,145.94410705566406
2023-02-28,145.44091796875
2023-03-01,143.36895751953125
2023-03-02,143.96096801757812
2023-03-03,149.01254272460938
2023-03-06,151.77513122558594
2023-03-07,149.574951171875
2023-03-08,150.82798767089844
2023-03-09,148.57843017578125
2023-03-10,146.516357421875
2023-03-13,148.4600372314453
2023-03-14,150.55172729492188
2023-03-15,150.94638061523438
2023-03-16,153.76817321777344
2023-03-17,152.92950439453125
2023-03-20,155.2974853515625
2023-03-21,157.15235900878906
2023-03-22,155.7217559814453
2023-03-23,156.80703735351562
2023-03-24,158.109375
2023-03-27,156.16571044921875
2023-03-28,155.54412841796875
2023-03-29,158.62246704101562
2023-03-30,160.1912078857422
2023-03-31,162.69728088378906
2023-04-03,163.95030212402344
2023-04-04,163.41754150390625
2023-04-05,161.572509765625
2023-04-06,162.4605255126953
2023-04-10,159.8656005859375
2023-04-11,158.65206909179688
2023-04-12,157.96141052246094
2023-04-13,163.34848022460938
2023-04-14,163.00315856933594
2023-04-17,163.02285766601562
2023-04-18,164.24635314941406
2023-04-19,165.3908233642578
2023-04-20,164.42391967773438
2023-04-21,162.81570434570312
2023-04-24,163.12152099609375
2023-04-25,161.58236694335938
2023-04-26,161.572509765625
2023-04-27,166.160400390625
2023-04-28,167.41343688964844
2023-05-01,167.3246307373047
2023-05-02,166.2886505126953
2023-05-03,165.21322631835938
2023-05-04,163.5753936767578
2023-05-05,171.25149536132812
2023-05-08,171.18240356445312
2023-05-09,169.47552490234375
2023-05-10,171.24160766601562
2023-05-11,171.42909240722656
2023-05-12,170.50033569335938
2023-05-15,170.00631713867188
2023-05-16,170.00631713867188
2023-05-17,170.61891174316406
2023-05-18,172.9505615234375
2023-05-19,173.0592803955078
2023-05-22,172.1107940673828
2023-05-23,169.50244140625
2023-05-24,169.77911376953125
2023-05-25,170.915283203125
2023-05-26,173.32603454589844
2023-05-30,175.1736297607422
2023-05-31,175.1242218017578
2023-06-01,177.93011474609375
2023-06-02,178.7798309326172
2023-06-05,177.42626953125
2023-06-06,177.06069946289062
2023-06-07,175.68739318847656
2023-06-08,178.4044189453125
2023-06-09,178.7897186279297
2023-06-12,181.5857696533203
2023-06-13,181.1115264892578
2023-06-14,181.74388122558594
2023-06-15,183.77914428710938
2023-06-16,182.7021942138672
2023-06-20,182.79112243652344
2023-06-21,181.75375366210938
2023-06-22,184.75726318359375
2023-06-23,184.4411163330078
2023-06-26,183.04803466796875
2023-06-27,185.80453491210938
2023-06-28,186.98031616210938
2023-06-29,187.31622314453125
2023-06-30,191.6436767578125
2023-07-03,190.1518096923828
2023-07-05,189.0353546142578
2023-07-06,189.5095672607422
2023-07-07,188.3931427001953
2023-07-10,186.34799194335938
2023-07-11,185.82435607910156
2023-07-12,187.49407958984375
2023-07-13,188.25482177734375
2023-07-14,188.4029998779297
2023-07-17,191.66346740722656
2023-07-18,191.40655517578125
2023-07-19,192.7601318359375
2023-07-20,190.8137664794922
2023-07-21,189.6380615234375
2023-07-24,190.43832397460938
2023-07-25,191.29788208007812
2023-07-26,192.16732788085938
2023-07-27,190.90264892578125
2023-07-28,193.4813690185547
2023-07-31,194.09393310546875
2023-08-01,193.2640380859375
2023-08-02,190.2703399658203
2023-08-03,188.8772735595703
2023-08-04,179.80738830566406
2023-08-07,176.7050323486328
2023-08-08,177.64361572265625
2023-08-09,176.0529327392578
2023-08-10,175.83558654785156
2023-08-11,175.8949432373047
2023-08-14,177.5471649169922
2023-08-15,175.5585479736328
2023-08-16,174.68795776367188
2023-08-17,172.1453399658203
2023-08-18,172.63009643554688
2023-08-21,173.96571350097656
2023-08-22,175.3408966064453
2023-08-23,179.18942260742188
2023-08-24,174.4999542236328
2023-08-25,176.70620727539062
2023-08-28,178.2693634033203
2023-08-29,182.15745544433594
2023-08-30,185.6498565673828
2023-08-31,185.86749267578125
2023-09-01,187.4405517578125
2023-09-05,187.677978515625
2023-09-06,180.96035766601562
2023-09-07,175.66737365722656
2023-09-08,176.28077697753906
2023-09-11,177.44821166992188
2023-09-12,174.4208221435547
2023-09-13,172.35311889648438
2023-09-14,173.8667755126953
2023-09-15,173.14456176757812
2023-09-18,176.07301330566406
2023-09-19,177.1613006591797
2023-09-20,173.61944580078125
2023-09-21,172.0760955810547
2023-09-22,172.9268798828125
2023-09-25,174.20315551757812
2023-09-26,170.1270751953125
2023-09-27,168.61338806152344
2023-09-28,168.87060546875
2023-09-29,169.38507080078125
2023-10-02,171.89801025390625
2023-10-03,170.56239318847656
2023-10-04,171.8089599609375
2023-10-05,173.04562377929688
2023-10-06,175.59812927246094
2023-10-09,177.08212280273438
2023-10-10,176.48855590820312
2023-10-11,177.88351440429688
2023-10-12,178.78382873535156
2023-10-13,176.9436492919922
2023-10-16,176.8150177001953
2023-10-17,175.26174926757812
2023-10-18,173.96571350097656
2023-10-19,173.58978271484375
2023-10-20,171.03729248046875
2023-10-23,171.15599060058594
2023-10-24,171.59132385253906
2023-10-25,169.27627563476562
2023-10-26,165.11111450195312
2023-10-27,166.42694091796875
2023-10-30,168.47486877441406
2023-10-31,168.94976806640625
2023-11-01,172.1156768798828
2023-11-02,175.6772918701172
2023-11-03,174.76708984375
2023-11-06,177.31956481933594
2023-11-07,179.88197326660156
2023-11-08,180.94058227539062
2023-11-09,180.46568298339844
2023-11-10,184.65611267089844
2023-11-13,183.0710906982422
2023-11-14,185.68638610839844
2023-11-15,186.25106811523438
2023-11-16,187.93516540527344
2023-11-17,187.9153289794922
2023-11-20,189.6588592529297
2023-11-21,188.85643005371094
2023-11-22,189.52015686035156
2023-11-24,188.19271850585938
2023-11-27,188.014404296875
2023-11-28,188.61868286132812
2023-11-29,187.59832763671875
2023-11-30,188.17291259765625
2023-12-01,189.4508056640625
2023-12-04,187.6577911376953
2023-12-05,191.61044311523438
2023-12-06,190.52073669433594
2023-12-07,192.45249938964844
2023-12-08,193.8790283203125
2023-12-11,191.3726806640625
2023-12-12,192.8883819580078
2023-12-13,196.1079559326172
2023-12-14,196.25656127929688
2023-12-15,195.7216339111328
2023-12-18,194.05731201171875
2023-12-19,195.09751892089844
2023-12-20,193.00726318359375
2023-12-21,192.858642578125
2023-12-22,191.78875732421875
2023-12-26,191.24392700195312
2023-12-27,191.34295654296875
2023-12-28,191.7689666748047
2023-12-29,190.728759765625
2024-01-02,183.90322875976562
2024-01-03,182.5262451171875
2024-01-04,180.20814514160156
2024-01-05,179.48492431640625
2024-01-08,183.823974609375
2024-01-09,183.4079132080078
2024-01-10,184.44808959960938
2024-01-11,183.85365295410156
2024-01-12,184.1805877685547
2024-01-16,181.9120330810547
2024-01-17,180.9709014892578
2024-01-18,186.86526489257812
2024-01-19,189.76783752441406
2024-01-22,192.0760498046875
2024-01-23,193.3539581298828
2024-01-24,192.68032836914062
2024-01-25,192.35340881347656
2024-01-26,190.6197967529297
2024-01-29,189.93624877929688
2024-01-30,186.28077697753906
2024-01-31,182.67481994628906
2024-02-01,185.11181640625
2024-02-02,184.1112518310547
2024-02-05,185.92413330078125
2024-02-06,187.52899169921875
2024-02-07,187.63796997070312
2024-02-08,186.55813598632812
2024-02-09,187.32192993164062
2024-02-12,185.63568115234375
2024-02-13,183.54273986816406
2024-02-14,182.65992736816406
2024-02-15,182.372314453125
2024-02-16,180.83480834960938
2024-02-20,180.0908966064453
2024-02-21,180.8447723388672
2024-02-22,182.87818908691406
2024-02-23,181.0431365966797
2024-02-26,179.6941375732422
2024-02-27,181.15223693847656
2024-02-28,179.95205688476562
2024-02-29,179.28746032714844
2024-03-01,178.206298828125
2024-03-04,173.6831817626953
2024-03-05,168.74346923828125
2024-03-06,167.75155639648438
2024-03-07,167.6325225830078
2024-03-08,169.34852600097656
2024-03-11,171.35220336914062
2024-03-12,171.8282928466797
2024-03-13,169.7453155517578
2024-03-14,171.60018920898438
2024-03-15,171.22323608398438
2024-03-18,172.31434631347656
2024-03-19,174.65525817871094
2024-03-20,177.2242889404297
2024-03-21,169.9833526611328
2024-03-22,170.88600158691406
2024-03-25,169.46755981445312
2024-03-26,168.33680725097656
2024-03-27,171.9076690673828
2024-03-28,170.09246826171875
2024-04-01,168.65419006347656
2024-04-02,167.4738311767578
2024-04-03,168.2772674560547
2024-04-04,167.45401000976562
2024-04-05,168.20785522460938
2024-04-08,167.0869903564453
2024-04-09,168.29713439941406
2024-04-10,166.4224090576172
2024-04-11,173.6236572265625
2024-04-12,175.12144470214844
2024-04-15,171.29266357421875
2024-04-16,168.00949096679688
2024-04-17,166.64064025878906
2024-04-18,165.68838500976562
2024-04-19,163.6649169921875
2024-04-22,164.49810791015625
2024-04-23,165.54953002929688
2024-04-24,167.6523895263672
2024-04-25,168.5153350830078
2024-04-26,167.93011474609375
2024-04-29,172.0961151123047
2024-04-30,168.9517822265625
2024-05-01,167.93011474609375
2024-05-02,171.62994384765625
2024-05-03,181.89617919921875
2024-05-06,180.23968505859375
2024-05-07,180.9241180419922
2024-05-08,181.26133728027344
2024-05-09,183.07656860351562
2024-05-10,181.81512451171875
2024-05-13,185.02330017089844
2024-05-14,186.1655731201172
2024-05-15,188.44012451171875
2024-05-16,188.55931091308594
2024-05-17,188.58909606933594
2024-05-20,189.751220703125
2024-05-21,191.05239868164062
2024-05-22,189.61215209960938
2024-05-23,185.61927795410156
2024-05-24,188.6983642578125
2024-05-28,188.7082977294922
2024-05-29,189.0062713623047
2024-05-30,189.99954223632812
2024-05-31,190.9530487060547
2024-06-03,192.72105407714844
2024-06-04,193.03887939453125
2024-06-05,194.5486297607422
2024-06-06,193.16802978515625
2024-06-07,195.56175231933594
2024-06-10,191.81716918945312
2024-06-11,205.75254821777344
2024-06-12,211.63262939453125
2024-06-13,212.7947235107422
2024-06-14,211.05650329589844
2024-06-17,215.20831298828125
2024-06-18,212.8443603515625
2024-06-20,208.26547241210938
2024-06-21,206.0902557373047
2024-06-24,206.7358856201172
2024-06-25,207.6595916748047
2024-06-26,211.81138610839844
2024-06-27,212.6556854248047
2024-06-28,209.1990966796875
2024-07-01,215.2877655029297
2024-07-02,218.78402709960938
2024-07-03,220.05540466308594
2024-07-05,224.81307983398438
2024-07-08,226.28311157226562
2024-07-09,227.13729858398438
2024-07-10,231.40829467773438
2024-07-11,226.03480529785156
2024-07-12,228.9847412109375
2024-07-15,232.81871032714844
2024-07-16,233.2358856201172
2024-07-17,227.3359375
2024-07-18,222.6676788330078
2024-07-19,222.79676818847656
2024-07-22,222.4491424560547
2024-07-23,223.49205017089844
2024-07-24,217.06570434570312
2024-07-25,216.02279663085938
2024-07-26,216.4896240234375
2024-07-29,216.76773071289062
2024-07-30,217.32395935058594
2024-07-31,220.58181762695312
2024-08-01,216.8869171142578
2024-08-02,218.37681579589844
2024-08-05,207.85824584960938
2024-08-06,205.83201599121094
2024-08-07,208.404541015625
2024-08-08,211.87098693847656
2024-08-09,214.78123474121094
2024-08-12,216.31260681152344
2024-08-13,220.03167724609375
2024-08-14,220.47915649414062
2024-08-15,223.4623565673828
2024-08-16,224.78492736816406
2024-08-19,224.62582397460938
2024-08-20,225.2423553466797
2024-08-21,225.13294982910156
2024-08-22,223.2734375
2024-08-23,225.5705108642578
2024-08-26,225.90859985351562
2024-08-27,226.75384521484375
2024-08-28,225.2224578857422
2024-08-29,228.50399780273438
2024-08-30,227.7184295654297
2024-09-03,221.52328491210938
2024-09-04,219.61402893066406
2024-09-05,221.1354522705078
2024-09-06,219.58421325683594
2024-09-09,219.67367553710938
2024-09-10,218.878173828125
2024-09-11,221.4138946533203
2024-09-12,221.52328491210938
2024-09-13,221.2548065185547
2024-09-16,215.10939025878906
2024-09-17,215.5767364501953
2024-09-18,219.45492553710938
2024-09-19,227.5891571044922
2024-09-20,226.92288208007812
2024-09-23,225.20257568359375
2024-09-24,226.0975341796875
2024-09-25,225.10313415527344
2024-09-26,226.24668884277344
2024-09-27,226.51516723632812
2024-09-30,231.696044921875
2024-10-01,224.94403076171875
2024-10-02,225.51084899902344
2024-10-03,224.40704345703125
2024-10-04,225.53074645996094
2024-10-07,220.4493408203125
2024-10-08,224.50650024414062
2024-10-09,228.25538635253906
2024-10-10,227.75819396972656
2024-10-11,226.2765350341797
2024-10-14,230.00555419921875
2024-10-15,232.54127502441406
2024-10-16,230.48284912109375
2024-10-17,230.8507843017578
2024-10-18,233.68482971191406
2024-10-21,235.15655517578125
2024-10-22,234.5400390625
2024-10-23,229.46856689453125
2024-10-24,229.27964782714844
2024-10-25,230.11492919921875
2024-10-28,232.09378051757812
2024-10-29,232.36228942871094
2024-10-30,228.812255859375
2024-10-31,224.6457061767578
2024-11-01,221.66249084472656
2024-11-04,220.7675323486328
2024-11-05,222.19947814941406
2024-11-06,221.4735565185547
2024-11-07,226.20692443847656
2024-11-08,225.93814086914062
2024-11-11,223.22042846679688
2024-11-12,223.22042846679688
2024-11-13,224.10643005371094
2024-11-14,227.19247436523438
2024-11-15,223.98695373535156
2024-11-18,226.99337768554688
2024-11-19,227.252197265625
2024-11-20,227.9689483642578
2024-11-21,227.49111938476562
2024-11-22,228.8350372314453
2024-11-25,231.821533203125
2024-11-26,234.0016632080078
2024-11-27,233.87225341796875
2024-11-29,236.26145935058594
2024-12-02,238.51126098632812
2024-12-03,241.5574951171875
2024-12-04,241.91587829589844
2024-12-05,241.94573974609375
2024-12-06,241.7466278076172
2024-12-09,245.6390380859375
2024-12-10,246.65444946289062
2024-12-11,245.38018798828125
2024-12-12,246.8435821533203
2024-12-13,247.0128173828125
2024-12-16,249.90969848632812
2024-12-17,252.33872985839844
2024-12-18,246.9331817626953
2024-12-19,248.66534423828125
2024-12-20,253.34420776367188
2024-12-23,254.1206817626953
2024-12-24,257.0375061035156
2024-12-26,257.8537902832031
2024-12-27,254.43923950195312
2024-12-30,251.06451416015625
2024-12-31,249.29251098632812
2025-01-02,242.75210571289062
2025-01-03,242.26429748535156
2025-01-06,243.8969268798828
2025-01-07,241.11947631835938
2025-01-08,241.6072540283203
2025-01-10,235.7836151123047
2025-01-13,233.34463500976562
2025-01-14,232.22967529296875
2025-01-15,236.79901123046875
2025-01-16,227.23226928710938
2025-01-17,228.94454956054688
2025-01-21,221.6375732421875
2025-01-22,222.8222198486328
2025-01-23,222.65301513671875
2025-01-24,221.77694702148438
2025-01-27,228.8250732421875
2025-01-28,237.187255859375
2025-01-29,238.28231811523438
2025-01-30,236.520263671875
2025-01-31,234.93743896484375
2025-02-03,226.98341369628906
2025-02-04,231.75184631347656
2025-02-05,231.42332458496094
2025-02-06,232.16995239257812
2025-02-07,226.60511779785156
2025-02-10,226.8741912841797
2025-02-11,231.82725524902344
2025-02-12,236.06277465820312
2025-02-13,240.70689392089844
2025-02-14,243.7664337158203
2025-02-18,243.6368865966797
2025-02-19,244.03550720214844
2025-02-20,244.99224853515625
2025-02-21,244.7132110595703
2025-02-24,246.25791931152344
2025-02-25,246.19810485839844
2025-02-26,239.5408935546875
2025-02-27,236.49131774902344
2025-02-28,241.01583862304688
2025-03-03,237.21881103515625
2025-03-04,235.1259765625
2025-03-05,234.93663024902344
2025-03-06,234.52801513671875
2025-03-07,238.25527954101562
2025-03-10,226.70477294921875
2025-03-11,220.08740234375
2025-03-12,216.24057006835938
2025-03-13,208.96543884277344
2025-03-14,212.76246643066406
2025-03-17,213.27072143554688
2025-03-18,211.96519470214844
2025-03-19,214.50650024414062
2025-03-20,213.37037658691406
2025-03-21,217.5261688232422
2025-03-24,219.977783203125
2025-03-25,222.98748779296875
2025-03-26,220.77503967285156
2025-03-27,223.08714294433594
2025-03-28,217.15740966796875
2025-03-31,221.37301635742188
2025-04-01,222.4293975830078
2025-04-02,223.12701416015625
2025-04-03,202.49757385253906
2025-04-04,187.738037109375
2025-04-07,180.84161376953125
2025-04-08,171.83242797851562
2025-04-09,198.17234802246094
2025-04-10,189.7710723876953
2025-04-11,197.47471618652344
2025-04-14,201.829833984375
2025-04-15,201.45114135742188
2025-04-16,193.6079559326172
2025-04-17,196.3087158203125
2025-04-21,192.50172424316406
2025-04-22,199.059326171875
2025-04-23,203.9027557373047
2025-04-24,207.65989685058594
2025-04-25,208.56680297851562
2025-04-28,209.4238739013672
2025-04-29,210.49021911621094
2025-04-30,211.77584838867188
2025-05-01,212.59304809570312
2025-05-02,204.65020751953125
2025-05-05,198.21221923828125
2025-05-06,197.83349609375
2025-05-07,195.58120727539062
2025-05-08,196.81698608398438
2025-05-09,197.8534393310547
2025-05-12,210.3471221923828
2025-05-13,212.48263549804688
2025-05-14,211.8839111328125
2025-05-15,211.00575256347656
2025-05-16,210.81614685058594
2025-05-19,208.3413543701172
2025-05-20,206.42539978027344
2025-05-21,201.66542053222656
2025-05-22,200.93695068359375
2025-05-23,194.8597412109375
2025-05-27,199.78936767578125
2025-05-28,199.99893188476562
2025-05-29,199.5299072265625
2025-05-30,200.4280242919922
2025-06-02,201.27622985839844
2025-06-03,202.8429412841797
2025-06-04,202.3938751220703
2025-06-05,200.20848083496094
2025-06-06,203.49156188964844
2025-06-09,201.02674865722656
2025-06-10,202.24420166015625
2025-06-11,198.36236572265625
2025-06-12,198.78147888183594
2025-06-13,196.03726196289062
2025-06-16,198.0031280517578
2025-06-17,195.2289581298828
2025-06-18,196.1669921875
2025-06-20,200.5777130126953
2025-06-23,201.07664489746094
2025-06-24,199.87918090820312
2025-06-25,201.1365203857422
2025-06-26,200.5777130126953
2025-06-27,200.6575469970703
2025-06-30,204.7389373779297
2025-07-01,207.3833770751953
2025-07-02,211.99366760253906
2025-07-03,213.10133361816406
2025-07-07,209.50889587402344
2025-07-08,209.5687713623047
2025-07-09,210.69639587402344
2025-07-10,211.9637451171875
2025-07-11,210.7163543701172
2025-07-14,208.1816864013672
2025-07-15,208.67066955566406
2025-07-16,209.7184600830078
2025-07-17,209.57875061035156
2025-07-18,210.73631286621094
2025-07-21,212.03358459472656
2025-07-22,213.9495391845703
2025-07-23,213.7000732421875
2025-07-24,213.31089782714844
2025-07-25,213.43064880371094
2025-07-28,213.6002960205078
2025-07-29,210.8261260986328
2025-07-30,208.6107940673828
2025-07-31,207.1339111328125
2025-08-01,201.95480346679688
2025-08-04,202.9227752685547
2025-08-05,202.49366760253906
2025-08-06,212.8019561767578
2025-08-07,219.56771850585938
2025-08-08,228.86813354492188
2025-08-11,226.95997619628906
2025-08-12,229.42758178710938
2025-08-13,233.10403442382812
2025-08-14,232.5545654296875
2025-08-15,231.36570739746094
2025-08-18,230.66639709472656
2025-08-19,230.3367156982422
2025-08-20,225.79110717773438
2025-08-21,224.68218994140625
2025-08-22,227.53941345214844
2025-08-25,226.94000244140625
2025-08-26,229.08792114257812
2025-08-27,230.26678466796875
2025-08-28,232.33477783203125
2025-08-29,231.91517639160156
2025-09-02,229.49752807617188
2025-09-03,238.2390594482422
2025-09-04,239.5477752685547
2025-09-05,239.45787048339844
2025-09-08,237.64962768554688
2025-09-09,234.123046875
2025-09-10,226.5703582763672
2025-09-11,229.80722045898438
2025-09-12,233.84332275390625
2025-09-15,236.47076416015625
2025-09-16,237.9193572998047
2025-09-17,238.75856018066406
2025-09-18,237.64962768554688
2025-09-19,245.26223754882812
2025-09-22,255.8319854736328
2025-09-23,254.18359375
2025-09-24,252.06564331054688
2025-09-25,256.6212158203125
2025-09-26,255.2126007080078
2025-09-29,254.18359375
2025-09-30,254.38340759277344
2025-10-01,255.20260620117188
2025-10-02,256.8809814453125
2025-10-03,257.7701110839844
2025-10-06,256.44140625
2025-10-07,256.23162841796875
2025-10-08,257.8100891113281
2025-10-09,253.79396057128906
2025-10-10,245.032470703125
2025-10-13,247.42015075683594
2025-10-14,247.53004455566406
2025-10-15,249.09852600097656
2025-10-16,247.21035766601562
2025-10-17,252.045654296875
2025-10-20,261.98602294921875
2025-10-21,262.5155029296875
2025-10-22,258.19970703125
2025-10-23,259.3285827636719
2025-10-24,262.56549072265625
2025-10-27,268.5496520996094
2025-10-28,268.7394714355469
2025-10-29,269.4388122558594
2025-10-30,271.13714599609375
2025-10-31,270.108154296875
2025-11-03,268.7894287109375
2025-11-04,269.7784729003906
2025-11-05,269.8783874511719
2025-11-06,269.50872802734375
2025-11-07,268.2099914550781
2025-11-10,269.42999267578125
2025-11-11,275.25
2025-11-12,273.4700012207031
2025-11-13,272.95001220703125
2025-11-14,272.4100036621094
2025-11-17,267.4599914550781
2025-11-18,267.44000244140625
2025-11-19,268.55999755859375
2025-11-20,266.25
2025-11-21,271.489990234375
2025-11-24,275.9200134277344
2025-11-25,276.9700012207031
