date,close
2010-12-09,14.700909614562988
2010-12-10,14.718554496765137
2010-12-13,14.778450965881348
2010-12-14,14.785659790039062
2010-12-15,14.671085357666016
2010-12-16,14.706128120422363
2010-12-17,14.683512687683105
2010-12-20,14.789386749267578
2010-12-21,14.98846435546875
2010-12-22,15.048609733581543
2010-12-23,15.017294883728027
2010-12-27,14.97131633758545
2010-12-28,14.885321617126465
2010-12-29,14.937019348144531
2010-12-30,14.883831977844238
2010-12-31,14.762296676635742
2011-01-03,15.020277976989746
2011-01-04,14.964853286743164
2011-01-05,15.137587547302246
2011-01-06,15.247689247131348
2011-01-07,15.320757865905762
2011-01-10,15.26533317565918
2011-01-11,15.31006908416748
2011-01-12,15.33144474029541
2011-01-13,15.326972007751465
2011-01-14,15.513124465942383
2011-01-18,15.897113800048828
2011-01-19,15.701266288757324
2011-01-20,15.577494621276855
2011-01-21,15.206183433532715
2011-01-24,15.187541961669922
2011-01-25,15.406999588012695
2011-01-26,15.322249412536621
2011-01-27,15.32945728302002
2011-01-28,14.93677043914795
2011-01-31,14.921113014221191
2011-02-01,15.18654727935791
2011-02-02,15.210408210754395
2011-02-03,15.164427757263184
2011-02-04,15.185056686401367
2011-02-07,15.26732349395752
2011-02-08,15.368974685668945
2011-02-09,15.322249412536621
2011-02-10,15.320757865905762
2011-02-11,15.521077156066895
2011-02-14,15.611794471740723
2011-02-15,15.512377738952637
2011-02-16,15.514120101928711
2011-02-17,15.539966583251953
2011-02-18,15.659762382507324
2011-02-22,15.165921211242676
2011-02-23,15.193507194519043
2011-02-24,15.131372451782227
2011-02-25,15.161694526672363
2011-02-28,15.245203971862793
2011-03-01,14.931053161621094
2011-03-02,14.93179988861084
2011-03-03,15.149765014648438
2011-03-04,14.92757511138916
2011-03-07,14.704885482788086
2011-03-08,14.721039772033691
2011-03-09,14.707619667053223
2011-03-10,14.422548294067383
2011-03-11,14.333325386047363
2011-03-14,14.166308403015137
2011-03-15,14.155621528625488
2011-03-16,13.84594440460205
2011-03-17,13.951820373535156
2011-03-18,13.944364547729492
2011-03-21,14.328104019165039
2011-03-22,14.34848403930664
2011-03-23,14.46877670288086
2011-03-24,14.586332321166992
2011-03-25,14.40863037109375
2011-03-28,14.299771308898926
2011-03-29,14.458088874816895
2011-03-30,14.460823059082031
2011-03-31,14.58310317993164
2011-04-01,14.708364486694336
2011-04-04,14.60596752166748
2011-04-05,14.143939971923828
2011-04-06,14.270444869995117
2011-04-07,14.415092468261719
2011-04-08,14.369359970092773
2011-04-11,14.349727630615234
2011-04-12,14.181715965270996
2011-04-13,14.322637557983398
2011-04-14,14.378059387207031
2011-04-15,13.189809799194336
2011-04-18,13.093873977661133
2011-04-19,12.961901664733887
2011-04-20,13.06628704071045
2011-04-21,13.050628662109375
2011-04-25,13.049386024475098
2011-04-26,13.242499351501465
2011-04-27,13.365274429321289
2011-04-28,13.370495796203613
2011-04-29,13.522847175598145
2011-05-02,13.38515853881836
2011-05-03,13.269091606140137
2011-05-04,13.316314697265625
2011-05-05,13.27853775024414
2011-05-06,13.304136276245117
2011-05-09,13.363286972045898
2011-05-10,13.487058639526367
2011-05-11,13.307863235473633
2011-05-12,13.297922134399414
2011-05-13,13.16122817993164
2011-05-16,12.88460636138916
2011-05-17,13.183843612670898
2011-05-18,13.16769027709961
2011-05-19,13.203479766845703
2011-05-20,13.02403450012207
2011-05-23,12.88386058807373
2011-05-24,12.880631446838379
2011-05-25,12.91567325592041
2011-05-26,12.877400398254395
2011-05-27,12.946244239807129
2011-05-31,13.14805793762207
2011-06-01,13.063055992126465
2011-06-02,13.124195098876953
2011-06-03,13.0004243850708
2011-06-06,12.95022201538086
2011-06-07,12.899767875671387
2011-06-08,12.90324592590332
2011-06-09,12.842604637145996
2011-06-10,12.663161277770996
2011-06-13,12.544361114501953
2011-06-14,12.6348295211792
2011-06-15,12.500121116638184
2011-06-16,12.43600082397461
2011-06-17,12.054497718811035
2011-06-20,12.043561935424805
2011-06-21,12.252827644348145
2011-06-22,12.103955268859863
2011-06-23,11.935198783874512
2011-06-24,11.802482604980469
2011-06-27,11.999320983886719
2011-06-28,12.268983840942383
2011-06-29,12.366409301757812
2011-06-30,12.585370063781738
2011-07-01,12.949475288391113
2011-07-05,13.233054161071777
2011-07-06,13.305625915527344
2011-07-07,13.584982872009277
2011-07-08,13.221869468688965
2011-07-11,13.10481071472168
2011-07-12,13.272075653076172
2011-07-13,13.377702713012695
2011-07-14,13.146066665649414
2011-07-15,14.853011131286621
2011-07-18,14.786404609680176
2011-07-19,14.975541114807129
2011-07-20,14.796595573425293
2011-07-21,15.08588981628418
2011-07-22,15.365245819091797
2011-07-25,15.383886337280273
2011-07-26,15.471868515014648
2011-07-27,15.091607093811035
2011-07-28,15.184063911437988
2011-07-29,15.003875732421875
2011-08-01,15.080422401428223
2011-08-02,14.72327709197998
2011-08-03,14.941244125366211
2011-08-04,14.353455543518066
2011-08-05,14.391231536865234
2011-08-08,13.570566177368164
2011-08-09,14.251307487487793
2011-08-10,13.644878387451172
2011-08-11,13.970958709716797
2011-08-12,14.01171875
2011-08-15,13.849176406860352
2011-08-16,13.39609432220459
2011-08-17,13.250699996948242
2011-08-18,12.548089981079102
2011-08-19,12.201131820678711
2011-08-22,12.381321907043457
2011-08-23,12.894547462463379
2011-08-24,13.005644798278809
2011-08-25,12.924869537353516
2011-08-26,13.09437084197998
2011-08-29,13.398082733154297
2011-08-30,13.438345909118652
2011-08-31,13.444807052612305
2011-09-01,13.234545707702637
2011-09-02,13.044166564941406
2011-09-06,12.978056907653809
2011-09-07,13.272570610046387
2011-09-08,13.295684814453125
2011-09-09,13.044415473937988
2011-09-12,13.175395011901855
2011-09-13,13.160483360290527
2011-09-14,13.223858833312988
2011-09-15,13.484572410583496
2011-09-16,13.586970329284668
2011-09-19,13.58672046661377
2011-09-20,13.58572769165039
2011-09-21,13.4010648727417
2011-09-22,12.940279960632324
2011-09-23,13.060818672180176
2011-09-26,13.21938419342041
2011-09-27,13.404545783996582
2011-09-28,13.14358139038086
2011-09-29,13.11027717590332
2011-09-30,12.8006010055542
2011-10-03,12.315459251403809
2011-10-04,12.47402572631836
2011-10-05,12.543615341186523
2011-10-06,12.792401313781738
2011-10-07,12.802590370178223
2011-10-10,13.35061264038086
2011-10-11,13.499981880187988
2011-10-12,13.6322021484375
2011-10-13,13.892918586730957
2011-10-14,14.705382347106934
2011-10-17,14.474989891052246
2011-10-18,14.676302909851074
2011-10-19,14.432490348815918
2011-10-20,14.506304740905762
2011-10-21,14.675806999206543
2011-10-24,14.823186874389648
2011-10-25,14.493627548217773
2011-10-26,14.571920394897461
2011-10-27,14.879109382629395
2011-10-28,14.915645599365234
2011-10-31,14.729241371154785
2011-11-01,14.381540298461914
2011-11-02,14.534886360168457
2011-11-03,14.850029945373535
2011-11-04,14.816228866577148
2011-11-07,15.119194030761719
2011-11-08,15.218856811523438
2011-11-09,14.935774803161621
2011-11-10,14.789884567260742
2011-11-11,15.119691848754883
2011-11-14,15.235262870788574
2011-11-15,15.323739051818848
2011-11-16,15.197234153747559
2011-11-17,14.933788299560547
2011-11-18,14.784913063049316
2011-11-21,14.438453674316406
2011-11-22,14.415092468261719
2011-11-23,14.169289588928223
2011-11-25,13.992582321166992
2011-11-28,14.618642807006836
2011-11-29,14.48791217803955
2011-11-30,14.897004127502441
2011-12-01,15.254398345947266
2011-12-02,15.418184280395508
2011-12-05,15.549659729003906
2011-12-06,15.502934455871582
2011-12-07,15.493490219116211
2011-12-08,15.311064720153809
2011-12-09,15.59365177154541
2011-12-12,15.543197631835938
2011-12-13,15.549162864685059
2011-12-14,15.361268997192383
2011-12-15,15.397802352905273
2011-12-16,15.557364463806152
2011-12-19,15.454718589782715
2011-12-20,15.666969299316406
2011-12-21,15.553885459899902
2011-12-22,15.650315284729004
2011-12-23,15.73581314086914
2011-12-27,15.912522315979004
2011-12-28,15.898852348327637
2011-12-29,15.965956687927246
2011-12-30,16.052946090698242
2012-01-03,16.537839889526367
2012-01-04,16.60917091369629
2012-01-05,16.378774642944336
2012-01-06,16.155344009399414
2012-01-09,15.470376968383789
2012-01-10,15.487276077270508
2012-01-11,15.557364463806152
2012-01-12,15.648825645446777
2012-01-13,15.533257484436035
2012-01-17,15.622481346130371
2012-01-18,15.730096817016602
2012-01-19,15.895621299743652
2012-01-20,14.56396484375
2012-01-23,14.55228328704834
2012-01-24,14.438207626342773
2012-01-25,14.153882026672363
2012-01-26,14.11933422088623
2012-01-27,14.414595603942871
2012-01-30,14.357682228088379
2012-01-31,14.417826652526855
2012-02-01,14.435720443725586
2012-02-02,14.542095184326172
2012-02-03,14.820951461791992
2012-02-06,15.138082504272461
2012-02-07,15.080422401428223
2012-02-08,15.156970977783203
2012-02-09,15.19698715209961
2012-02-10,15.059050559997559
2012-02-13,15.215378761291504
2012-02-14,15.154735565185547
2012-02-15,15.050350189208984
2012-02-16,15.074209213256836
2012-02-17,15.027484893798828
2012-02-21,15.260114669799805
2012-02-22,15.109501838684082
2012-02-23,15.064020156860352
2012-02-24,15.158215522766113
2012-02-27,15.14355182647705
2012-02-28,15.369221687316895
2012-02-29,15.365743637084961
2012-03-01,15.468884468078613
2012-03-02,15.440302848815918
2012-03-05,15.266327857971191
2012-03-06,15.035439491271973
2012-03-07,15.081169128417969
2012-03-08,15.089619636535645
2012-03-09,14.918375968933105
2012-03-12,15.0401611328125
2012-03-13,15.3540620803833
2012-03-14,15.309574127197266
2012-03-15,15.437320709228516
2012-03-16,15.53449821472168
2012-03-19,15.75669002532959
2012-03-20,15.744510650634766
2012-03-21,15.905813217163086
2012-03-22,16.056673049926758
2012-03-23,15.970680236816406
2012-03-26,16.13819122314453
2012-03-27,16.080781936645508
2012-03-28,16.298002243041992
2012-03-29,16.11532974243164
2012-03-30,15.937128067016602
2012-04-02,16.07829475402832
2012-04-03,15.971424102783203
2012-04-04,15.78576946258545
2012-04-05,15.715432167053223
2012-04-09,15.678650856018066
2012-04-10,15.579731941223145
2012-04-11,15.805900573730469
2012-04-12,16.179946899414062
2012-04-13,15.523563385009766
2012-04-16,15.06302547454834
2012-04-17,15.15001392364502
2012-04-18,15.09732437133789
2012-04-19,14.89476490020752
2012-04-20,14.814240455627441
2012-04-23,14.85251522064209
2012-04-24,14.94372844696045
2012-04-25,15.153739929199219
2012-04-26,15.296649932861328
2012-04-27,15.284470558166504
2012-04-30,15.032703399658203
2012-05-01,15.022265434265137
2012-05-02,15.092601776123047
2012-05-03,15.186050415039062
2012-05-04,14.836857795715332
2012-05-07,15.099809646606445
2012-05-08,15.23004150390625
2012-05-09,15.13957405090332
2012-05-10,15.251666069030762
2012-05-11,15.04214859008789
2012-05-14,15.011578559875488
2012-05-15,15.188287734985352
2012-05-16,15.63117790222168
2012-05-17,15.485039710998535
2012-05-18,14.922106742858887
2012-05-21,15.262847900390625
2012-05-22,14.932046890258789
2012-05-23,15.147278785705566
2012-05-24,15.003129959106445
2012-05-25,14.701654434204102
2012-05-29,14.771492958068848
2012-05-30,14.619637489318848
2012-05-31,14.4364652633667
2012-06-01,14.190913200378418
2012-06-04,14.380048751831055
2012-06-05,14.176745414733887
2012-06-06,14.429258346557617
2012-06-07,14.371100425720215
2012-06-08,14.426277160644531
2012-06-11,14.12927532196045
2012-06-12,14.04477310180664
2012-06-13,13.945110321044922
2012-06-14,13.894408226013184
2012-06-15,14.030108451843262
2012-06-18,14.187682151794434
2012-06-19,14.453119277954102
2012-06-20,14.353206634521484
2012-06-21,14.047506332397461
2012-06-22,14.203338623046875
2012-06-25,13.935419082641602
2012-06-26,14.034335136413574
2012-06-27,14.14915943145752
2012-06-28,14.025138854980469
2012-06-29,14.416831016540527
2012-07-02,14.42677116394043
2012-07-03,14.609695434570312
2012-07-05,14.810762405395508
2012-07-06,14.563716888427734
2012-07-09,14.56446361541748
2012-07-10,14.457343101501465
2012-07-11,14.196131706237793
2012-07-12,14.178484916687012
2012-07-13,14.328601837158203
2012-07-16,14.288835525512695
2012-07-17,14.333820343017578
2012-07-18,14.433980941772461
2012-07-19,14.739680290222168
2012-07-20,15.181079864501953
2012-07-23,15.297643661499023
2012-07-24,15.100306510925293
2012-07-25,15.11074447631836
2012-07-26,15.244208335876465
2012-07-27,15.781045913696289
2012-07-30,15.714936256408691
2012-07-31,15.731588363647461
2012-08-01,15.724381446838379
2012-08-02,15.62670612335205
2012-08-03,15.939364433288574
2012-08-06,15.976396560668945
2012-08-07,15.919730186462402
2012-08-08,15.961732864379883
2012-08-09,15.964715957641602
2012-08-10,15.956015586853027
2012-08-13,16.40363121032715
2012-08-14,16.618610382080078
2012-08-15,16.59078025817871
2012-08-16,16.723249435424805
2012-08-17,16.829370498657227
2012-08-20,16.78960418701172
2012-08-21,16.639741897583008
2012-08-22,16.830366134643555
2012-08-23,16.8209228515625
2012-08-24,16.866405487060547
2012-08-27,16.632532119750977
2012-08-28,16.83210563659668
2012-08-29,17.099529266357422
2012-08-30,16.94220542907715
2012-08-31,17.026958465576172
2012-09-04,16.926300048828125
2012-09-05,16.918346405029297
2012-09-06,17.382612228393555
2012-09-07,17.55037498474121
2012-09-10,17.416662216186523
2012-09-11,17.203418731689453
2012-09-12,17.170860290527344
2012-09-13,17.547639846801758
2012-09-14,17.63810920715332
2012-09-17,17.64556312561035
2012-09-18,17.85184669494629
2012-09-19,18.08099937438965
2012-09-20,18.09640884399414
2012-09-21,18.242300033569336
2012-09-24,18.624797821044922
2012-09-25,18.61932945251465
2012-09-26,18.7261962890625
2012-09-27,18.801755905151367
2012-09-28,18.752044677734375
2012-10-01,18.932981491088867
2012-10-02,18.81393051147461
2012-10-03,18.950876235961914
2012-10-04,19.08881378173828
2012-10-05,19.07887077331543
2012-10-08,18.83505630493164
2012-10-09,18.49332046508789
2012-10-10,18.505002975463867
2012-10-11,18.67698860168457
2012-10-12,18.509721755981445
2012-10-15,18.41602897644043
2012-10-16,18.508481979370117
2012-10-17,18.776655197143555
2012-10-18,17.273256301879883
2012-10-19,16.9449405670166
2012-10-22,16.86739730834961
2012-10-23,16.909151077270508
2012-10-24,16.833349227905273
2012-10-25,16.84477996826172
2012-10-26,16.779911041259766
2012-10-31,16.907909393310547
2012-11-01,17.089092254638672
2012-11-02,17.097293853759766
2012-11-05,16.97402000427246
2012-11-06,16.94320297241211
2012-11-07,16.58033561706543
2012-11-08,16.211759567260742
2012-11-09,16.478687286376953
2012-11-12,16.550016403198242
2012-11-13,16.379770278930664
2012-11-14,16.21822166442871
2012-11-15,16.086746215820312
2012-11-16,16.084758758544922
2012-11-19,16.60742950439453
2012-11-20,16.65117073059082
2012-11-21,16.549270629882812
2012-11-23,16.601463317871094
2012-11-26,16.431962966918945
2012-11-27,16.66956329345703
2012-11-28,16.99166488647461
2012-11-29,17.19596290588379
2012-11-30,17.35701560974121
2012-12-03,17.27947235107422
2012-12-04,17.174589157104492
2012-12-05,17.09480857849121
2012-12-06,17.177072525024414
2012-12-07,17.005084991455078
2012-12-10,17.035160064697266
2012-12-11,17.31998062133789
2012-12-12,17.336883544921875
2012-12-13,17.464630126953125
2012-12-14,17.446237564086914
2012-12-17,17.913984298706055
2012-12-18,17.92119026184082
2012-12-19,17.89733123779297
2012-12-20,17.9532527923584
2012-12-21,17.78598403930664
2012-12-24,17.63363265991211
2012-12-26,17.617977142333984
2012-12-27,17.553855895996094
2012-12-28,17.39777374267578
2012-12-31,17.580942153930664
2013-01-02,17.975370407104492
2013-01-03,17.985809326171875
2013-01-04,18.341217041015625
2013-01-07,18.261186599731445
2013-01-08,18.225149154663086
2013-01-09,18.344945907592773
2013-01-10,18.428451538085938
2013-01-11,18.391422271728516
2013-01-14,17.975370407104492
2013-01-15,18.01712417602539
2013-01-16,17.775053024291992
2013-01-17,17.67886734008789
2013-01-18,17.50961685180664
2013-01-22,17.468854904174805
2013-01-23,18.4289493560791
2013-01-24,18.744840621948242
2013-01-25,18.731416702270508
2013-01-28,18.65834617614746
2013-01-29,18.731666564941406
2013-01-30,18.735395431518555
2013-01-31,18.7816219329834
2013-02-01,19.276456832885742
2013-02-04,18.864383697509766
2013-02-05,19.031402587890625
2013-02-06,19.141504287719727
2013-02-07,19.235448837280273
2013-02-08,19.519277572631836
2013-02-11,19.44595718383789
2013-02-12,19.403209686279297
2013-02-13,19.45689582824707
2013-02-14,19.580169677734375
2013-02-15,19.706178665161133
2013-02-19,20.053131103515625
2013-02-20,19.69548988342285
2013-02-21,19.77178955078125
2013-02-22,19.87567710876465
2013-02-25,19.653486251831055
2013-02-26,19.6375789642334
2013-02-27,19.877418518066406
2013-02-28,19.91271209716797
2013-03-01,20.03672981262207
2013-03-04,20.417238235473633
2013-03-05,20.842233657836914
2013-03-06,20.66279411315918
2013-03-07,20.693117141723633
2013-03-08,20.66627311706543
2013-03-11,20.748287200927734
2013-03-12,20.569091796875
2013-03-13,20.511930465698242
2013-03-14,20.41823387145996
2013-03-15,20.238292694091797
2013-03-18,20.076496124267578
2013-03-19,20.164230346679688
2013-03-20,20.24848175048828
2013-03-21,20.162736892700195
2013-03-22,20.139127731323242
2013-03-25,20.122472763061523
2013-03-26,20.19156837463379
2013-03-27,19.94899559020996
2013-03-28,19.738483428955078
2013-04-01,19.91246223449707
2013-04-02,20.20697784423828
2013-04-03,20.03697967529297
2013-04-04,19.760356903076172
2013-04-05,19.46161651611328
2013-04-08,19.257816314697266
2013-04-09,19.327407836914062
2013-04-10,19.638824462890625
2013-04-11,19.64404296875
2013-04-12,19.63559341430664
2013-04-15,19.43378257751465
2013-04-16,19.71810531616211
2013-04-17,19.449440002441406
2013-04-18,19.035629272460938
2013-04-19,19.879657745361328
2013-04-22,19.885622024536133
2013-04-23,20.07923126220703
2013-04-24,20.217166900634766
2013-04-25,20.109054565429688
2013-04-26,19.91817855834961
2013-04-29,20.356595993041992
2013-04-30,20.493539810180664
2013-05-01,20.390642166137695
2013-05-02,20.61880111694336
2013-05-03,21.019193649291992
2013-05-06,21.412626266479492
2013-05-07,21.305259704589844
2013-05-08,21.71285629272461
2013-05-09,21.659420013427734
2013-05-10,21.87689208984375
2013-05-13,21.809785842895508
2013-05-14,22.047632217407227
2013-05-15,22.76317024230957
2013-05-16,22.46442985534668
2013-05-17,22.596403121948242
2013-05-20,22.58024787902832
2013-05-21,22.54147720336914
2013-05-22,22.10529327392578
2013-05-23,21.94051742553711
2013-05-24,21.70515251159668
2013-05-28,21.902740478515625
2013-05-29,21.58063316345215
2013-05-30,21.64152717590332
2013-05-31,21.6529598236084
2013-06-03,21.563732147216797
2013-06-04,21.351736068725586
2013-06-05,21.36664581298828
2013-06-06,21.489421844482422
2013-06-07,21.864463806152344
2013-06-10,22.12517738342285
2013-06-11,21.866453170776367
2013-06-12,21.67184829711914
2013-06-13,21.796613693237305
2013-06-14,21.747900009155273
2013-06-17,22.026508331298828
2013-06-18,22.383657455444336
2013-06-19,22.385147094726562
2013-06-20,21.98897933959961
2013-06-21,21.894289016723633
2013-06-24,21.617420196533203
2013-06-25,21.528196334838867
2013-06-26,21.713354110717773
2013-06-27,21.798355102539062
2013-06-28,21.880369186401367
2013-07-01,22.067020416259766
2013-07-02,21.9285831451416
2013-07-03,22.030982971191406
2013-07-05,22.206451416015625
2013-07-08,22.494752883911133
2013-07-09,22.49847984313965
2013-07-10,22.517118453979492
2013-07-11,22.87128257751465
2013-07-12,22.939882278442383
2013-07-15,22.98188018798828
2013-07-16,22.85562515258789
2013-07-17,22.829280853271484
2013-07-18,22.633684158325195
2013-07-19,22.283742904663086
2013-07-22,22.634180068969727
2013-07-23,22.462692260742188
2013-07-24,22.44032096862793
2013-07-25,22.062543869018555
2013-07-26,22.00414276123047
2013-07-29,21.927593231201172
2013-07-30,22.142576217651367
2013-07-31,22.06378936767578
2013-08-01,22.473127365112305
2013-08-02,22.53153419494629
2013-08-05,22.492515563964844
2013-08-06,22.28299903869629
2013-08-07,22.135868072509766
2013-08-08,22.185821533203125
2013-08-09,22.129901885986328
2013-08-12,22.00811767578125
2013-08-13,21.902240753173828
2013-08-14,21.617918014526367
2013-08-15,21.365652084350586
2013-08-16,21.297306060791016
2013-08-19,21.514524459838867
2013-08-20,21.50881004333496
2013-08-21,21.605985641479492
2013-08-22,21.71484375
2013-08-23,21.627857208251953
2013-08-26,21.532915115356445
2013-08-27,21.129291534423828
2013-08-28,21.089529037475586
2013-08-29,21.260522842407227
2013-08-30,21.048519134521484
2013-09-03,21.383544921875
2013-09-04,21.663150787353516
2013-09-05,21.860240936279297
2013-09-06,21.860734939575195
2013-09-09,22.071245193481445
2013-09-10,22.086654663085938
2013-09-11,22.2735538482666
2013-09-12,22.195764541625977
2013-09-13,22.096595764160156
2013-09-16,22.064037322998047
2013-09-17,22.023029327392578
2013-09-18,22.45075798034668
2013-09-19,22.328229904174805
2013-09-20,22.44554328918457
2013-09-23,22.0327205657959
2013-09-24,22.04117202758789
2013-09-25,21.802331924438477
2013-09-26,21.825695037841797
2013-09-27,21.781455993652344
2013-09-30,21.769521713256836
2013-10-01,22.045150756835938
2013-10-02,22.06975555419922
2013-10-03,21.773996353149414
2013-10-04,21.681045532226562
2013-10-07,21.516761779785156
2013-10-08,21.216777801513672
2013-10-09,21.27120590209961
2013-10-10,21.578895568847656
2013-10-11,21.672096252441406
2013-10-14,21.774492263793945
2013-10-15,21.92112922668457
2013-10-16,22.31928253173828
2013-10-17,22.08963966369629
2013-10-18,25.137187957763672
2013-10-21,24.935625076293945
2013-10-22,25.02758026123047
2013-10-23,25.634258270263672
2013-10-24,25.488615036010742
2013-10-25,25.231380462646484
2013-10-28,25.226411819458008
2013-10-29,25.754304885864258
2013-10-30,25.609651565551758
2013-10-31,25.613632202148438
2013-11-01,25.525650024414062
2013-11-04,25.502534866333008
2013-11-05,25.388456344604492
2013-11-06,25.41902732849121
2013-11-07,25.051193237304688
2013-11-08,25.252010345458984
2013-11-11,25.116804122924805
2013-11-12,25.14638328552246
2013-11-13,25.660602569580078
2013-11-14,25.72920036315918
2013-11-15,25.687692642211914
2013-11-18,25.637739181518555
2013-11-19,25.479921340942383
2013-11-20,25.408090591430664
2013-11-21,25.700368881225586
2013-11-22,25.646188735961914
2013-11-25,25.99513053894043
2013-11-26,26.30530548095703
2013-11-27,26.422117233276367
2013-11-29,26.334630966186523
2013-12-02,26.207630157470703
2013-12-03,26.17730712890625
2013-12-04,26.299589157104492
2013-12-05,26.278715133666992
2013-12-06,26.590129852294922
2013-12-09,26.79566764831543
2013-12-10,26.957714080810547
2013-12-11,26.77454376220703
2013-12-12,26.59236717224121
2013-12-13,26.36445426940918
2013-12-16,26.667423248291016
2013-12-17,26.589879989624023
2013-12-18,26.95995330810547
2013-12-19,26.996484756469727
2013-12-20,27.3543758392334
2013-12-23,27.714256286621094
2013-12-24,27.63323211669922
2013-12-26,27.772912979125977
2013-12-27,27.796274185180664
2013-12-30,27.574081420898438
2013-12-31,27.853687286376953
2014-01-02,27.66504669189453
2014-01-03,27.463237762451172
2014-01-06,27.769432067871094
2014-01-07,28.304780960083008
2014-01-08,28.36368179321289
2014-01-09,28.090539932250977
2014-01-10,28.08905029296875
2014-01-13,27.910106658935547
2014-01-14,28.566734313964844
2014-01-15,28.547351837158203
2014-01-16,28.736238479614258
2014-01-17,28.594818115234375
2014-01-21,28.92214584350586
2014-01-22,28.954952239990234
2014-01-23,28.832670211791992
2014-01-24,27.931228637695312
2014-01-27,27.369537353515625
2014-01-28,27.91084861755371
2014-01-29,27.510953903198242
2014-01-30,28.218538284301758
2014-01-31,29.351364135742188
2014-02-03,28.169824600219727
2014-02-04,28.28738021850586
2014-02-05,28.412639617919922
2014-02-06,28.829191207885742
2014-02-07,29.263629913330078
2014-02-10,29.15154266357422
2014-02-11,29.58026695251465
2014-02-12,29.493526458740234
2014-02-13,29.82184410095215
2014-02-14,29.893918991088867
2014-02-18,30.09473419189453
2014-02-19,29.882488250732422
2014-02-20,29.926477432250977
2014-02-21,29.91852378845215
2014-02-24,30.135250091552734
2014-02-25,30.321401596069336
2014-02-26,30.325624465942383
2014-02-27,30.301767349243164
2014-02-28,30.213289260864258
2014-03-03,29.891185760498047
2014-03-04,30.19489288330078
2014-03-05,30.278154373168945
2014-03-06,30.31170654296875
2014-03-07,30.191913604736328
2014-03-10,30.111886978149414
2014-03-11,29.824079513549805
2014-03-12,30.005762100219727
2014-03-13,29.55242919921875
2014-03-14,29.1483097076416
2014-03-17,29.627986907958984
2014-03-18,30.104177474975586
2014-03-19,29.805688858032227
2014-03-20,29.753742218017578
2014-03-21,29.40281105041504
2014-03-24,28.778738021850586
2014-03-25,28.798370361328125
2014-03-26,28.13353729248047
2014-03-27,27.693876266479492
2014-03-28,27.83976936340332
2014-03-31,27.69959259033203
2014-04-01,28.206111907958984
2014-04-02,28.211328506469727
2014-04-03,28.379268646240234
2014-04-04,27.075756072998047
2014-04-07,26.846336364746094
2014-04-08,27.684555053710938
2014-04-09,28.157791137695312
2014-04-10,27.147262573242188
2014-04-11,26.703819274902344
2014-04-14,27.073272705078125
2014-04-15,27.247072219848633
2014-04-16,28.001867294311523
2014-04-17,26.98090934753418
2014-04-21,26.783769607543945
2014-04-22,27.08816909790039
2014-04-23,26.69140625
2014-04-24,26.538959503173828
2014-04-25,25.975841522216797
2014-04-28,25.969884872436523
2014-04-29,26.632810592651367
2014-04-30,26.560808181762695
2014-05-01,26.742055892944336
2014-05-02,26.510652542114258
2014-05-05,26.583152770996094
2014-05-06,25.94952392578125
2014-05-07,25.72258949279785
2014-05-08,25.830347061157227
2014-05-09,26.150634765625
2014-05-12,26.737091064453125
2014-05-13,26.891525268554688
2014-05-14,26.5374698638916
2014-05-15,26.2747802734375
2014-05-16,26.23406219482422
2014-05-19,26.756954193115234
2014-05-20,26.834421157836914
2014-05-21,27.296733856201172
2014-05-22,27.582260131835938
2014-05-23,27.996902465820312
2014-05-27,28.54660987854004
2014-05-28,28.327125549316406
2014-05-29,28.33258819580078
2014-05-30,28.3867130279541
2014-06-02,28.023717880249023
2014-06-03,27.53558349609375
2014-06-04,27.498342514038086
2014-06-05,28.053016662597656
2014-06-06,28.10763931274414
2014-06-09,28.341032028198242
2014-06-10,28.22036361694336
2014-06-11,28.18063735961914
2014-06-12,27.783374786376953
2014-06-13,27.825586318969727
2014-06-16,27.42584228515625
2014-06-17,27.342416763305664
2014-06-18,27.840980529785156
2014-06-19,28.055994033813477
2014-06-20,28.131969451904297
2014-06-23,28.517812728881836
2014-06-24,28.430910110473633
2014-06-25,29.095823287963867
2014-06-26,29.03822135925293
2014-06-27,29.083906173706055
2014-06-30,29.033254623413086
2014-07-01,29.371919631958008
2014-07-02,29.336660385131836
2014-07-03,29.45087432861328
2014-07-07,29.335670471191406
2014-07-08,28.72190284729004
2014-07-09,28.968202590942383
2014-07-10,28.8033390045166
2014-07-11,29.131576538085938
2014-07-14,29.50946807861328
2014-07-15,29.449880599975586
2014-07-16,29.328718185424805
2014-07-17,28.842073440551758
2014-07-18,30.048255920410156
2014-07-21,29.717041015625
2014-07-22,29.971782684326172
2014-07-23,30.052228927612305
2014-07-24,29.943973541259766
2014-07-25,29.699161529541016
2014-07-28,29.745840072631836
2014-07-29,29.494077682495117
2014-07-30,29.568065643310547
2014-07-31,28.779010772705078
2014-08-01,28.48354721069336
2014-08-04,28.914077758789062
2014-08-05,28.460702896118164
2014-08-06,28.527742385864258
2014-08-07,28.3946590423584
2014-08-08,28.69905662536621
2014-08-11,28.664794921875
2014-08-12,28.410053253173828
2014-08-13,29.02779197692871
2014-08-14,29.03226089477539
2014-08-15,28.985580444335938
2014-08-18,29.432004928588867
2014-08-19,29.65099334716797
2014-08-20,29.566574096679688
2014-08-21,29.418100357055664
2014-08-22,29.424062728881836
2014-08-25,29.326234817504883
2014-08-26,29.204572677612305
2014-08-27,28.950328826904297
2014-08-28,28.817245483398438
2014-08-29,28.918546676635742
2014-09-02,29.229900360107422
2014-09-03,29.274093627929688
2014-09-04,29.453855514526367
2014-09-05,29.68426513671875
2014-09-08,29.875446319580078
2014-09-09,29.395753860473633
2014-09-10,29.467758178710938
2014-09-11,29.35304832458496
2014-09-12,29.044679641723633
2014-09-15,28.882793426513672
2014-09-16,29.23734474182129
2014-09-17,29.4613037109375
2014-09-18,29.658939361572266
2014-09-19,30.062654495239258
2014-09-22,29.658939361572266
2014-09-23,29.356525421142578
2014-09-24,29.71604347229004
2014-09-25,29.062055587768555
2014-09-26,29.193649291992188
2014-09-29,29.189176559448242
2014-09-30,29.218971252441406
2014-10-01,28.782983779907227
2014-10-02,28.84505271911621
2014-10-03,29.111713409423828
2014-10-06,29.18768882751465
2014-10-07,28.508377075195312
2014-10-08,28.98707389831543
2014-10-09,28.344999313354492
2014-10-10,27.569353103637695
2014-10-13,27.050928115844727
2014-10-14,27.246578216552734
2014-10-15,26.851303100585938
2014-10-16,26.662109375
2014-10-17,25.969385147094727
2014-10-20,26.436662673950195
2014-10-21,26.71722984313965
2014-10-22,26.94863510131836
2014-10-23,27.49287986755371
2014-10-24,27.25700569152832
2014-10-27,27.305667877197266
2014-10-28,27.75556755065918
2014-10-29,27.731233596801758
2014-10-30,27.821611404418945
2014-10-31,28.19900894165039
2014-11-03,27.99541473388672
2014-11-04,28.016267776489258
2014-11-05,27.607091903686523
2014-11-06,27.395549774169922
2014-11-07,27.40200424194336
2014-11-10,27.720308303833008
2014-11-11,27.872262954711914
2014-11-12,27.721303939819336
2014-11-13,27.631423950195312
2014-11-14,27.569353103637695
2014-11-17,27.1447811126709
2014-11-18,27.03900909423828
2014-11-19,27.172590255737305
2014-11-20,27.00176429748535
2014-11-21,27.10753631591797
2014-11-24,27.186492919921875
2014-11-25,27.273391723632812
2014-11-26,27.19890594482422
2014-11-28,27.26594352722168
2014-12-01,26.79767417907715
2014-12-02,26.745037078857422
2014-12-03,26.66459083557129
2014-12-04,26.943172454833984
2014-12-05,26.22313690185547
2014-12-08,26.35472869873047
2014-12-09,26.62188720703125
2014-12-10,26.22115135192871
2014-12-11,26.42325782775879
2014-12-12,25.896886825561523
2014-12-15,25.615327835083008
2014-12-16,24.737384796142578
2014-12-17,25.149045944213867
2014-12-18,25.554746627807617
2014-12-19,25.823890686035156
2014-12-22,26.43269157409668
2014-12-23,26.75397491455078
2014-12-24,26.662607192993164
2014-12-26,26.890533447265625
2014-12-29,26.681476593017578
2014-12-30,26.580671310424805
2014-12-31,26.351253509521484
2015-01-02,26.2961368560791
2015-01-05,25.795087814331055
2015-01-06,25.15848159790039
2015-01-07,25.084489822387695
2015-01-08,25.17188835144043
2015-01-09,24.864505767822266
2015-01-12,24.682762145996094
2015-01-13,24.918136596679688
2015-01-14,25.12322235107422
2015-01-15,25.027881622314453
2015-01-16,25.348169326782227
2015-01-20,25.32234764099121
2015-01-21,25.841270446777344
2015-01-22,26.680978775024414
2015-01-23,26.911884307861328
2015-01-26,26.652177810668945
2015-01-27,25.88099479675293
2015-01-28,25.445995330810547
2015-01-29,25.4857234954834
2015-01-30,26.693391799926758
2015-02-02,26.427724838256836
2015-02-03,26.482349395751953
2015-02-04,26.124813079833984
2015-02-05,26.31003761291504
2015-02-06,26.511150360107422
2015-02-09,26.28272819519043
2015-02-10,26.822998046875
2015-02-11,26.715740203857422
2015-02-12,27.113496780395508
2015-02-13,27.369234085083008
2015-02-17,27.063840866088867
2015-02-18,26.946645736694336
2015-02-19,27.135345458984375
2015-02-20,26.904436111450195
2015-02-23,26.5667667388916
2015-02-24,26.748016357421875
2015-02-25,27.179040908813477
2015-02-26,27.77294921875
2015-02-27,27.938804626464844
2015-03-02,28.554061889648438
2015-03-03,28.741270065307617
2015-03-04,28.718425750732422
2015-03-05,28.872365951538086
2015-03-06,28.44878578186035
2015-03-09,28.508377075195312
2015-03-10,27.800756454467773
2015-03-11,27.59418296813965
2015-03-12,27.866304397583008
2015-03-13,27.460601806640625
2015-03-16,27.889644622802734
2015-03-17,27.68952178955078
2015-03-18,28.11409568786621
2015-03-19,27.990447998046875
2015-03-20,28.054006576538086
2015-03-23,28.07486343383789
2015-03-24,28.679197311401367
2015-03-25,28.155807495117188
2015-03-26,27.98895835876465
2015-03-27,27.686542510986328
2015-03-30,27.86481285095215
2015-03-31,27.545021057128906
2015-04-01,27.286304473876953
2015-04-02,26.880104064941406
2015-04-06,27.011201858520508
2015-04-07,27.056386947631836
2015-04-08,27.254026412963867
2015-04-09,27.213306427001953
2015-04-10,27.2391300201416
2015-04-13,27.244094848632812
2015-04-14,26.80413055419922
2015-04-15,26.86669921875
2015-04-16,26.989850997924805
2015-04-17,26.454540252685547
2015-04-20,27.040000915527344
2015-04-21,26.96005630493164
2015-04-22,27.27090835571289
2015-04-23,27.68207359313965
2015-04-24,28.486526489257812
2015-04-27,28.112106323242188
2015-04-28,28.025209426879883
2015-04-29,27.877227783203125
2015-04-30,27.250551223754883
2015-05-01,27.369234085083008
2015-05-04,27.45265769958496
2015-05-05,26.966014862060547
2015-05-06,26.57073974609375
2015-05-07,26.916353225708008
2015-05-08,27.25948715209961
2015-05-11,27.102073669433594
2015-05-12,26.751991271972656
2015-05-13,26.789730072021484
2015-05-14,27.271902084350586
2015-05-15,27.1373291015625
2015-05-18,27.146268844604492
2015-05-19,27.275875091552734
2015-05-20,27.436269760131836
2015-05-21,27.649795532226562
2015-05-22,27.536081314086914
2015-05-26,27.17209243774414
2015-05-27,27.522672653198242
2015-05-28,27.519195556640625
2015-05-29,27.079235076904297
2015-06-01,27.272401809692383
2015-06-02,27.50777816772461
2015-06-03,27.574316024780273
2015-06-04,27.395549774169922
2015-06-05,27.288288116455078
2015-06-08,26.987863540649414
2015-06-09,26.922313690185547
2015-06-10,27.440736770629883
2015-06-11,27.313617706298828
2015-06-12,27.185997009277344
2015-06-15,26.964025497436523
2015-06-16,27.056884765625
2015-06-17,27.142793655395508
2015-06-18,27.618511199951172
2015-06-19,27.6850528717041
2015-06-22,27.792314529418945
2015-06-23,27.976545333862305
2015-06-24,27.737192153930664
2015-06-25,27.706405639648438
2015-06-26,27.463581085205078
2015-06-29,26.877124786376953
2015-06-30,26.817041397094727
2015-07-01,26.978925704956055
2015-07-02,27.179540634155273
2015-07-06,27.094127655029297
2015-07-07,27.3131160736084
2015-07-08,26.89946937561035
2015-07-09,27.045961380004883
2015-07-10,27.615034103393555
2015-07-13,28.390689849853516
2015-07-14,29.00891876220703
2015-07-15,28.997997283935547
2015-07-16,29.882892608642578
2015-07-17,34.74138259887695
2015-07-20,34.40470504760742
2015-07-21,34.52934646606445
2015-07-22,34.51693344116211
2015-07-23,33.505409240722656
2015-07-24,32.51424789428711
2015-07-27,32.68804931640625
2015-07-28,32.75707244873047
2015-07-29,32.844966888427734
2015-07-30,33.00039291381836
2015-07-31,32.64981460571289
2015-08-03,33.00833511352539
2015-08-04,32.83751678466797
2015-08-05,33.433902740478516
2015-08-06,33.27798080444336
2015-08-07,32.99195098876953
2015-08-10,32.92988204956055
2015-08-11,34.2785758972168
2015-08-12,34.33667755126953
2015-08-13,34.09037780761719
2015-08-14,34.23239517211914
2015-08-17,34.4677734375
2015-08-18,34.20061111450195
2015-08-19,34.46429443359375
2015-08-20,33.74128341674805
2015-08-21,31.980924606323242
2015-08-24,30.693801879882812
2015-08-25,30.413734436035156
2015-08-26,32.761043548583984
2015-08-27,33.16922378540039
2015-08-28,32.75856399536133
2015-08-31,32.16912841796875
2015-09-01,31.262378692626953
2015-09-02,32.02461624145508
2015-09-03,31.63431739807129
2015-09-04,31.232582092285156
2015-09-08,31.97347640991211
2015-09-09,31.950138092041016
2015-09-10,32.33101272583008
2015-09-11,32.540565490722656
2015-09-14,32.4000358581543
2015-09-15,33.025718688964844
2015-09-16,33.04806137084961
2015-09-17,33.353458404541016
2015-09-18,32.81964111328125
2015-09-21,33.12056350708008
2015-09-22,32.436283111572266
2015-09-23,32.44075393676758
2015-09-24,32.52119827270508
2015-09-25,31.788253784179688
2015-09-28,30.998701095581055
2015-09-29,30.91726303100586
2015-09-30,31.699861526489258
2015-10-01,31.880117416381836
2015-10-02,32.62448501586914
2015-10-05,33.35395812988281
2015-10-06,33.351966857910156
2015-10-07,33.27053451538086
2015-10-08,33.121559143066406
2015-10-09,33.33210372924805
2015-10-12,33.58982467651367
2015-10-13,33.924522399902344
2015-10-14,33.7874641418457
2015-10-15,34.41364288330078
2015-10-16,34.527854919433594
2015-10-19,34.75777053833008
2015-10-20,33.76710510253906
2015-10-21,33.35991668701172
2015-10-22,33.82371139526367
2015-10-23,35.72013473510742
2015-10-26,36.305599212646484
2015-10-27,36.3900146484375
2015-10-28,36.5936164855957
2015-10-29,36.987396240234375
2015-10-30,36.61695098876953
2015-11-02,37.13090515136719
2015-11-03,37.184532165527344
2015-11-04,37.506813049316406
2015-11-05,37.772979736328125
2015-11-06,37.81916046142578
2015-11-09,37.47999954223633
2015-11-10,37.65330123901367
2015-11-11,38.000404357910156
2015-11-12,37.5673942565918
2015-11-13,36.75003433227539
2015-11-16,37.26398468017578
2015-11-17,37.04351043701172
2015-11-18,37.740203857421875
2015-11-19,37.736724853515625
2015-11-20,38.583885192871094
2015-11-23,38.56898498535156
2015-11-24,38.21790313720703
2015-11-25,38.19953155517578
2015-11-27,38.334102630615234
2015-11-30,37.881229400634766
2015-12-01,38.92105484008789
2015-12-02,38.6260986328125
2015-12-03,38.14690017700195
2015-12-04,38.69362258911133
2015-12-07,38.384761810302734
2015-12-08,38.49152374267578
2015-12-09,37.866329193115234
2015-12-10,37.7416877746582
2015-12-11,37.26398468017578
2015-12-14,37.8658332824707
2015-12-15,37.744178771972656
2015-12-16,38.56352996826172
2015-12-17,38.22783660888672
2015-12-18,37.58328628540039
2015-12-21,37.7794303894043
2015-12-22,38.0937614440918
2015-12-23,38.162288665771484
2015-12-24,38.029701232910156
2015-12-28,38.84408950805664
2015-12-29,39.42607498168945
2015-12-30,39.244327545166016
2015-12-31,38.634037017822266
2016-01-04,37.71189498901367
2016-01-05,37.81568145751953
2016-01-06,37.70643615722656
2016-01-07,36.79621505737305
2016-01-08,36.295169830322266
2016-01-11,36.402427673339844
2016-01-12,37.011722564697266
2016-01-13,35.7320556640625
2016-01-14,36.31900405883789
2016-01-15,35.28116226196289
2016-01-19,35.70771408081055
2016-01-20,35.68190002441406
2016-01-21,36.08462142944336
2016-01-22,37.0176887512207
2016-01-25,36.42974090576172
2016-01-26,36.43818283081055
2016-01-27,35.63323974609375
2016-01-28,37.158714294433594
2016-01-29,37.80674362182617
2016-02-01,38.27451705932617
2016-02-02,38.778045654296875
2016-02-03,37.21234893798828
2016-02-04,36.251468658447266
2016-02-05,34.94696807861328
2016-02-08,34.966827392578125
2016-02-09,34.81090545654297
2016-02-10,35.100406646728516
2016-02-11,35.07607650756836
2016-02-12,35.102394104003906
2016-02-16,35.63621520996094
2016-02-17,36.34780502319336
2016-02-18,35.6297607421875
2016-02-19,35.858184814453125
2016-02-22,36.20280838012695
2016-02-23,35.61882781982422
2016-02-24,35.798095703125
2016-02-25,36.2062873840332
2016-02-26,35.99474334716797
2016-02-29,35.615352630615234
2016-03-01,36.854312896728516
2016-03-02,36.720733642578125
2016-03-03,36.32893753051758
2016-03-04,36.26090621948242
2016-03-07,35.395870208740234
2016-03-08,35.43212127685547
2016-03-09,36.02204895019531
2016-03-10,36.35773468017578
2016-03-11,36.98838806152344
2016-03-14,37.25505065917969
2016-03-15,37.27143478393555
2016-03-16,37.608612060546875
2016-03-17,37.66421890258789
2016-03-18,37.511775970458984
2016-03-21,37.84696578979492
2016-03-22,37.7421875
2016-03-23,37.61853790283203
2016-03-24,37.48347473144531
2016-03-28,37.406002044677734
2016-03-29,38.03218460083008
2016-03-30,38.15385055541992
2016-03-31,37.88371276855469
2016-04-01,38.21989822387695
2016-04-04,37.99395751953125
2016-04-05,37.668697357177734
2016-04-06,38.14044189453125
2016-04-07,37.745662689208984
2016-04-08,37.71338653564453
2016-04-11,37.61754608154297
2016-04-12,37.954227447509766
2016-04-13,38.33112335205078
2016-04-14,38.503936767578125
2016-04-15,38.73285675048828
2016-04-18,39.114227294921875
2016-04-19,38.5466423034668
2016-04-20,38.480594635009766
2016-04-21,38.73285675048828
2016-04-22,36.63581848144531
2016-04-25,36.856292724609375
2016-04-26,36.02006912231445
2016-04-27,35.82590866088867
2016-04-28,35.01152038574219
2016-04-29,35.15155029296875
2016-05-02,35.47582244873047
2016-05-03,35.17936706542969
2016-05-04,35.32486343383789
2016-05-05,35.490718841552734
2016-05-06,36.0106315612793
2016-05-09,36.20677947998047
2016-05-10,36.71577072143555
2016-05-11,36.27729034423828
2016-05-12,36.15414047241211
2016-05-13,35.99325180053711
2016-05-16,36.26487350463867
2016-05-17,35.762840270996094
2016-05-18,35.841796875
2016-05-19,35.52051544189453
2016-05-20,35.83832550048828
2016-05-23,35.616851806640625
2016-05-24,36.40044021606445
2016-05-25,36.65220260620117
2016-05-26,36.594112396240234
2016-05-27,37.12395095825195
2016-05-31,37.18602752685547
2016-06-01,37.166664123535156
2016-06-02,36.95859909057617
2016-06-03,36.54097366333008
2016-06-06,36.252960205078125
2016-06-07,36.30411148071289
2016-06-08,36.89205551147461
2016-06-09,36.8716926574707
2016-06-10,36.40838623046875
2016-06-13,36.34333801269531
2016-06-14,36.4113655090332
2016-06-15,36.358734130859375
2016-06-16,35.96445083618164
2016-06-17,34.9713020324707
2016-06-20,35.06465530395508
2016-06-21,35.201210021972656
2016-06-22,35.28017044067383
2016-06-23,35.498661041259766
2016-06-24,34.02532196044922
2016-06-27,33.82371139526367
2016-06-28,34.32624816894531
2016-06-29,34.52140426635742
2016-06-30,34.935543060302734
2016-07-01,35.269248962402344
2016-07-05,35.003074645996094
2016-07-06,35.2056884765625
2016-07-07,35.12077331542969
2016-07-08,35.64316940307617
2016-07-11,36.11094284057617
2016-07-12,36.37461853027344
2016-07-13,36.22415542602539
2016-07-14,36.53799819946289
2016-07-15,36.5295524597168
2016-07-18,37.402034759521484
2016-07-19,37.41246032714844
2016-07-20,37.594703674316406
2016-07-21,37.462120056152344
2016-07-22,37.70395278930664
2016-07-25,37.616554260253906
2016-07-26,37.623008728027344
2016-07-27,37.837528228759766
2016-07-28,38.029701232910156
2016-07-29,39.29597473144531
2016-08-01,39.77268600463867
2016-08-02,39.73196029663086
2016-08-03,39.67237091064453
2016-08-04,39.58945083618164
2016-08-05,40.07013702392578
2016-08-08,39.9857177734375
2016-08-09,40.097442626953125
2016-08-10,40.14759826660156
2016-08-11,40.133201599121094
2016-08-12,40.076087951660156
2016-08-15,40.0219612121582
2016-08-16,39.785099029541016
2016-08-17,39.99515151977539
2016-08-18,39.862571716308594
2016-08-19,39.70862579345703
2016-08-22,39.57455062866211
2016-08-23,39.556671142578125
2016-08-24,39.408199310302734
2016-08-25,39.29398727416992
2016-08-26,39.38932800292969
2016-08-29,39.51844024658203
2016-08-30,39.324771881103516
2016-08-31,39.221981048583984
2016-09-01,39.2989501953125
2016-09-02,39.57057571411133
2016-09-06,40.124263763427734
2016-09-07,40.12276840209961
2016-09-08,39.86703109741211
2016-09-09,39.153953552246094
2016-09-12,39.66741943359375
2016-09-13,39.165870666503906
2016-09-14,39.25226974487305
2016-09-15,39.78708267211914
2016-09-16,39.62519454956055
2016-09-19,39.49708557128906
2016-09-20,39.71508026123047
2016-09-21,39.97578048706055
2016-09-22,40.518043518066406
2016-09-23,40.46888732910156
2016-09-26,39.85759353637695
2016-09-27,40.25883102416992
2016-09-28,40.225555419921875
2016-09-29,39.85710144042969
2016-09-30,39.9276123046875
2016-10-03,39.744876861572266
2016-10-04,39.86454772949219
2016-10-05,39.78708267211914
2016-10-06,39.87895584106445
2016-10-07,39.761260986328125
2016-10-10,40.42965316772461
2016-10-11,40.201229095458984
2016-10-12,40.31047439575195
2016-10-13,39.928611755371094
2016-10-14,39.95443344116211
2016-10-17,40.0656623840332
2016-10-18,40.793148040771484
2016-10-19,41.058815002441406
2016-10-20,40.800106048583984
2016-10-21,40.92076110839844
2016-10-24,41.50076675415039
2016-10-25,41.143733978271484
2016-10-26,40.82343673706055
2016-10-27,40.58756637573242
2016-10-28,40.69730758666992
2016-10-31,40.217613220214844
2016-11-01,39.99813461303711
2016-11-02,39.15097427368164
2016-11-03,38.84160614013672
2016-11-04,38.787479400634766
2016-11-07,39.82680892944336
2016-11-08,40.320899963378906
2016-11-09,40.00358963012695
2016-11-10,38.74725341796875
2016-11-11,38.323177337646484
2016-11-14,37.40302276611328
2016-11-15,38.49250793457031
2016-11-16,38.73186492919922
2016-11-17,39.03874588012695
2016-11-18,38.53273391723633
2016-11-21,38.971214294433594
2016-11-22,38.98114013671875
2016-11-23,38.68320083618164
2016-11-25,38.74427795410156
2016-11-28,39.02037048339844
2016-11-29,39.20162582397461
2016-11-30,38.52826690673828
2016-12-01,37.95471954345703
2016-12-02,37.961181640625
2016-12-05,38.64446258544922
2016-12-06,38.54316329956055
2016-12-07,39.302433013916016
2016-12-08,39.48615646362305
2016-12-09,40.19526672363281
2016-12-12,40.1182975769043
2016-12-13,40.48774719238281
2016-12-14,40.6143798828125
2016-12-15,40.50314712524414
2016-12-16,40.214637756347656
2016-12-19,40.34672164916992
2016-12-20,40.480796813964844
2016-12-21,40.33183288574219
2016-12-22,40.206687927246094
2016-12-23,40.11333465576172
2016-12-27,40.2191047668457
2016-12-28,39.952938079833984
2016-12-29,39.869022369384766
2016-12-30,39.35109329223633
2017-01-03,40.12376403808594
2017-01-04,40.111846923828125
2017-01-05,40.3725471496582
2017-01-06,40.977874755859375
2017-01-09,41.0756950378418
2017-01-10,41.01759719848633
2017-01-11,41.20877456665039
2017-01-12,41.19239044189453
2017-01-13,41.262413024902344
2017-01-17,41.089599609375
2017-01-18,41.16706848144531
2017-01-19,40.936161041259766
2017-01-20,41.12485885620117
2017-01-23,41.93229293823242
2017-01-24,42.185543060302734
2017-01-25,42.62848663330078
2017-01-26,42.555484771728516
2017-01-27,41.96208572387695
2017-01-30,40.90935134887695
2017-01-31,40.72858810424805
2017-02-01,40.4827880859375
2017-02-02,40.632747650146484
2017-02-03,40.725608825683594
2017-02-06,40.79960632324219
2017-02-07,41.17749786376953
2017-02-08,41.209774017333984
2017-02-09,41.21870803833008
2017-02-10,41.456565856933594
2017-02-13,41.66066360473633
2017-02-14,41.71379470825195
2017-02-15,41.5792236328125
2017-02-16,41.820068359375
2017-02-17,42.03756332397461
2017-02-21,42.172630310058594
2017-02-22,42.27642059326172
2017-02-23,42.2585334777832
2017-02-24,42.100128173828125
2017-02-27,42.1924934387207
2017-02-28,41.957115173339844
2017-03-01,42.54407501220703
2017-03-02,42.20143127441406
2017-03-03,42.1631965637207
2017-03-06,42.07331466674805
2017-03-07,42.265987396240234
2017-03-08,42.3896369934082
2017-03-09,42.59819412231445
2017-03-10,42.77547073364258
2017-03-13,42.932884216308594
2017-03-14,42.99893569946289
2017-03-15,43.1220817565918
2017-03-16,43.20203399658203
2017-03-17,43.31971740722656
2017-03-20,43.09824752807617
2017-03-21,42.2158317565918
2017-03-22,42.19894790649414
2017-03-23,41.69491958618164
2017-03-24,41.47097396850586
2017-03-27,41.638309478759766
2017-03-28,41.74359130859375
2017-03-29,42.202423095703125
2017-03-30,42.18305969238281
2017-03-31,42.09963607788086
2017-04-03,42.54407501220703
2017-04-04,42.33650588989258
2017-04-05,42.15475082397461
2017-04-06,41.96556091308594
2017-04-07,41.81658935546875
2017-04-10,41.79672622680664
2017-04-11,41.70634460449219
2017-04-12,41.78480911254883
2017-04-13,41.72124099731445
2017-04-17,42.463623046875
2017-04-18,42.407012939453125
2017-04-19,42.53215026855469
2017-04-20,42.70943069458008
2017-04-21,42.653316497802734
2017-04-24,43.64547348022461
2017-04-25,44.13758087158203
2017-04-26,44.1524772644043
2017-04-27,44.26668930053711
2017-04-28,45.909358978271484
2017-05-01,46.32151412963867
2017-05-02,46.53355026245117
2017-05-03,47.0976676940918
2017-05-04,47.409019470214844
2017-05-05,47.188533782958984
2017-05-08,47.60615539550781
2017-05-09,47.50783157348633
2017-05-10,47.41497802734375
2017-05-11,47.46710968017578
2017-05-12,47.42987060546875
2017-05-15,47.63247299194336
2017-05-16,47.90013122558594
2017-05-17,46.78581237792969
2017-05-18,47.199462890625
2017-05-19,47.40553665161133
2017-05-22,47.87331008911133
2017-05-23,48.19508743286133
2017-05-24,48.54567337036133
2017-05-25,49.253292083740234
2017-05-26,49.32331466674805
2017-05-30,49.46731948852539
2017-05-31,49.01642990112305
2017-06-01,49.076019287109375
2017-06-02,49.46483612060547
2017-06-05,49.85018539428711
2017-06-06,49.49264907836914
2017-06-07,49.731990814208984
2017-06-08,49.87004852294922
2017-06-09,48.173744201660156
2017-06-12,47.761085510253906
2017-06-13,48.19261169433594
2017-06-14,48.06499481201172
2017-06-15,47.680145263671875
2017-06-16,47.60267639160156
2017-06-19,48.42699432373047
2017-06-20,48.11763000488281
2017-06-21,48.59434127807617
2017-06-22,48.49650955200195
2017-06-23,48.966773986816406
2017-06-26,48.27156448364258
2017-06-27,47.07978057861328
2017-06-28,47.72135543823242
2017-06-29,46.56979751586914
2017-06-30,46.165592193603516
2017-07-03,45.6580924987793
2017-07-05,46.29370880126953
2017-07-06,46.0667724609375
2017-07-07,46.7182731628418
2017-07-10,47.22428894042969
2017-07-11,47.34992218017578
2017-07-12,48.05158233642578
2017-07-13,48.110679626464844
2017-07-14,48.51091766357422
2017-07-17,48.463741302490234
2017-07-18,49.00947952270508
2017-07-19,49.29848098754883
2017-07-20,49.269676208496094
2017-07-21,49.35161590576172
2017-07-24,49.57358932495117
2017-07-25,48.11961364746094
2017-07-26,47.93489074707031
2017-07-27,47.29927444458008
2017-07-28,47.588279724121094
2017-07-31,46.951175689697266
2017-08-01,47.003807067871094
2017-08-02,47.057437896728516
2017-08-03,46.69295120239258
2017-08-04,46.965579986572266
2017-08-07,46.963584899902344
2017-08-08,46.88612747192383
2017-08-09,46.682029724121094
2017-08-10,45.86317825317383
2017-08-11,46.185951232910156
2017-08-14,46.62492370605469
2017-08-15,46.58271026611328
2017-08-16,46.890098571777344
2017-08-17,46.065284729003906
2017-08-18,45.991790771484375
2017-08-21,45.72810745239258
2017-08-22,46.69792556762695
2017-08-23,46.806175231933594
2017-08-24,46.52362060546875
2017-08-25,46.2063102722168
2017-08-28,46.088626861572266
2017-08-29,46.467010498046875
2017-08-30,46.85831069946289
2017-08-31,47.43484115600586
2017-09-01,47.27345275878906
2017-09-05,46.751548767089844
2017-09-06,46.77836227416992
2017-09-07,47.169166564941406
2017-09-08,46.748069763183594
2017-09-11,46.841426849365234
2017-09-12,47.00828170776367
2017-09-13,47.19648361206055
2017-09-14,46.68451690673828
2017-09-15,46.44416427612305
2017-09-18,46.1690673828125
2017-09-19,46.522132873535156
2017-09-20,47.05247116088867
2017-09-21,47.05297088623047
2017-09-22,46.83994674682617
2017-09-25,46.39401626586914
2017-09-26,46.55043411254883
2017-09-27,47.66624069213867
2017-09-28,47.91006088256836
2017-09-29,48.35251235961914
2017-10-02,48.042144775390625
2017-10-03,48.27106857299805
2017-10-04,48.00788497924805
2017-10-05,48.92207717895508
2017-10-06,49.34168243408203
2017-10-09,49.27564239501953
2017-10-10,49.05168533325195
2017-10-11,49.93807601928711
2017-10-12,49.93807601928711
2017-10-13,50.048316955566406
2017-10-16,50.12180709838867
2017-10-17,50.20374298095703
2017-10-18,50.29014205932617
2017-10-19,49.74887466430664
2017-10-20,49.90927505493164
2017-10-23,48.939456939697266
2017-10-24,49.0859489440918
2017-10-25,49.23343276977539
2017-10-26,49.2314453125
2017-10-27,51.32947540283203
2017-10-30,51.30265808105469
2017-10-31,51.29819107055664
2017-11-01,51.77292251586914
2017-11-02,51.79128646850586
2017-11-03,52.1398811340332
2017-11-06,51.77688980102539
2017-11-07,52.25905990600586
2017-11-08,52.55204772949219
2017-11-09,52.027164459228516
2017-11-10,51.849884033203125
2017-11-13,51.703399658203125
2017-11-14,51.72524642944336
2017-11-15,51.46554183959961
2017-11-16,52.06440353393555
2017-11-17,51.43971633911133
2017-11-20,51.37863540649414
2017-11-21,52.15528106689453
2017-11-22,52.235721588134766
2017-11-24,52.46414566040039
2017-11-27,53.23334503173828
2017-11-28,52.800331115722656
2017-11-29,51.513702392578125
2017-11-30,51.453617095947266
2017-12-01,50.902427673339844
2017-12-04,50.24694061279297
2017-12-05,50.630794525146484
2017-12-06,51.28229904174805
2017-12-07,51.87074279785156
2017-12-08,52.109596252441406
2017-12-11,52.23821258544922
2017-12-12,52.079307556152344
2017-12-13,52.20940399169922
2017-12-14,52.51132583618164
2017-12-15,53.23284912109375
2017-12-18,53.88286590576172
2017-12-19,53.61918258666992
2017-12-20,53.3103141784668
2017-12-21,53.17573928833008
2017-12-22,53.07692337036133
2017-12-26,52.927452087402344
2017-12-27,52.646888732910156
2017-12-28,52.43584442138672
2017-12-29,52.3092155456543
2018-01-02,53.292930603027344
2018-01-03,54.2021598815918
2018-01-04,54.4127082824707
2018-01-05,55.13423156738281
2018-01-08,55.32889175415039
2018-01-09,55.25837707519531
2018-01-10,55.12678146362305
2018-01-11,55.22163391113281
2018-01-12,56.145263671875
2018-01-16,56.147743225097656
2018-01-17,56.56486892700195
2018-01-18,56.40943908691406
2018-01-19,56.78335952758789
2018-01-22,57.80928039550781
2018-01-23,58.40566635131836
2018-01-24,58.16333770751953
2018-01-25,58.70212173461914
2018-01-26,58.97126770019531
2018-01-29,58.917640686035156
2018-01-30,58.46525955200195
2018-01-31,58.70609664916992
2018-02-01,58.6748161315918
2018-02-02,55.57667922973633
2018-02-05,52.755638122558594
2018-02-06,53.85009002685547
2018-02-07,52.40903091430664
2018-02-08,50.040367126464844
2018-02-09,51.95515823364258
2018-02-12,52.366825103759766
2018-02-13,52.34596633911133
2018-02-14,53.26760482788086
2018-02-15,54.194217681884766
2018-02-16,54.39979934692383
2018-02-20,54.80152893066406
2018-02-21,55.30604934692383
2018-02-22,55.114864349365234
2018-02-23,56.01813507080078
2018-02-26,56.79329299926758
2018-02-27,55.49276351928711
2018-02-28,54.81791687011719
2018-03-01,53.203548431396484
2018-03-02,53.835689544677734
2018-03-05,54.36305236816406
2018-03-06,54.667945861816406
2018-03-07,55.3701057434082
2018-03-08,56.08219909667969
2018-03-09,57.64441680908203
2018-03-12,57.89718246459961
2018-03-13,56.60508728027344
2018-03-14,57.0510139465332
2018-03-15,57.13642120361328
2018-03-16,56.33246612548828
2018-03-19,54.62673568725586
2018-03-20,54.414695739746094
2018-03-21,54.325313568115234
2018-03-22,52.29680252075195
2018-03-23,50.975914001464844
2018-03-26,52.343482971191406
2018-03-27,50.00213623046875
2018-03-28,49.914730072021484
2018-03-29,51.50178527832031
2018-04-02,50.2846794128418
2018-04-03,50.585105895996094
2018-04-04,51.13282775878906
2018-04-05,51.27832794189453
2018-04-06,50.15160369873047
2018-04-09,50.65513229370117
2018-04-10,51.470008850097656
2018-04-11,50.90192413330078
2018-04-12,51.50923538208008
2018-04-13,51.44715881347656
2018-04-16,51.94672393798828
2018-04-17,53.59832763671875
2018-04-18,53.401187896728516
2018-04-19,54.099369049072266
2018-04-20,53.49702453613281
2018-04-23,53.322723388671875
2018-04-24,50.78175354003906
2018-04-25,50.799129486083984
2018-04-26,51.808170318603516
2018-04-27,51.21923065185547
2018-04-30,50.58015060424805
2018-05-01,51.68104934692383
2018-05-02,50.95108413696289
2018-05-03,50.963497161865234
2018-05-04,52.19003677368164
2018-05-07,52.610137939453125
2018-05-08,52.56694030761719
2018-05-09,54.07454299926758
2018-05-10,54.8948860168457
2018-05-11,54.791099548339844
2018-05-14,54.95100021362305
2018-05-15,53.87194061279297
2018-05-16,53.83320617675781
2018-05-17,53.69267272949219
2018-05-18,53.11565399169922
2018-05-21,53.82923126220703
2018-05-22,53.397216796875
2018-05-23,53.92607116699219
2018-05-24,53.90074157714844
2018-05-25,53.832706451416016
2018-05-29,53.037696838378906
2018-05-30,53.50447463989258
2018-05-31,54.62325668334961
2018-06-01,56.36127471923828
2018-06-04,57.2570915222168
2018-06-05,57.15678024291992
2018-06-06,56.954673767089844
2018-06-07,56.33246612548828
2018-06-08,56.247554779052734
2018-06-11,56.65425109863281
2018-06-12,57.016258239746094
2018-06-13,56.81960678100586
2018-06-14,57.60817337036133
2018-06-15,57.566463470458984
2018-06-18,58.77363204956055
2018-06-19,58.53080368041992
2018-06-20,58.7979621887207
2018-06-21,58.071475982666016
2018-06-22,58.064022064208984
2018-06-25,56.57379913330078
2018-06-26,56.24308395385742
2018-06-27,55.46445846557617
2018-06-28,55.95309066772461
2018-06-29,56.0727653503418
2018-07-02,56.71433639526367
2018-07-03,55.43168258666992
2018-07-05,56.673614501953125
2018-07-06,57.358394622802734
2018-07-09,57.96421432495117
2018-07-10,57.9572639465332
2018-07-11,58.171791076660156
2018-07-12,59.651573181152344
2018-07-13,59.808494567871094
2018-07-16,59.41570281982422
2018-07-17,60.238529205322266
2018-07-18,60.23008728027344
2018-07-19,59.544315338134766
2018-07-20,59.48373794555664
2018-07-23,60.13523864746094
2018-07-24,62.47659683227539
2018-07-25,63.36000061035156
2018-07-26,63.8347282409668
2018-07-27,62.215396881103516
2018-07-30,61.080718994140625
2018-07-31,60.94069290161133
2018-08-01,61.227210998535156
2018-08-02,61.63142013549805
2018-08-03,61.483943939208984
2018-08-06,61.4596061706543
2018-08-07,62.36188507080078
2018-08-08,62.63450241088867
2018-08-09,62.7899284362793
2018-08-10,62.19652557373047
2018-08-13,62.00435256958008
2018-08-14,62.47610092163086
2018-08-15,61.1889762878418
2018-08-16,60.78376770019531
2018-08-17,60.37608337402344
2018-08-20,60.678993225097656
2018-08-21,60.45354080200195
2018-08-22,60.669063568115234
2018-08-23,60.6397590637207
2018-08-24,61.41392135620117
2018-08-27,62.383235931396484
2018-08-28,61.86630630493164
2018-08-29,62.79936218261719
2018-08-30,62.29236602783203
2018-08-31,61.16811752319336
2018-09-04,60.150638580322266
2018-09-05,59.544315338134766
2018-09-06,58.79399108886719
2018-09-07,58.47618865966797
2018-09-10,58.350555419921875
2018-09-11,59.09193801879883
2018-09-12,58.17873764038086
2018-09-13,58.70212173461914
2018-09-14,58.49555206298828
2018-09-17,57.594268798828125
2018-09-18,57.955772399902344
2018-09-19,58.31132125854492
2018-09-20,59.17039489746094
2018-09-21,58.20455551147461
2018-09-24,58.57400894165039
2018-09-25,59.28560256958008
2018-09-26,59.294044494628906
2018-09-27,59.95448684692383
2018-09-28,59.940582275390625
2018-10-01,60.01258850097656
2018-10-02,59.9683952331543
2018-10-03,60.16156005859375
2018-10-04,58.45035934448242
2018-10-05,57.99152374267578
2018-10-08,57.400108337402344
2018-10-09,56.86628723144531
2018-10-10,54.23394775390625
2018-10-11,54.16342544555664
2018-10-12,55.64322280883789
2018-10-15,54.744422912597656
2018-10-16,56.265926361083984
2018-10-17,55.99331283569336
2018-10-18,54.51947021484375
2018-10-19,54.8804817199707
2018-10-22,55.1878662109375
2018-10-23,55.36365509033203
2018-10-24,52.49394226074219
2018-10-25,54.80152893066406
2018-10-26,53.81632614135742
2018-10-29,51.38211441040039
2018-10-30,52.11604690551758
2018-10-31,54.15548324584961
2018-11-01,53.927059173583984
2018-11-02,53.20752716064453
2018-11-05,52.42491912841797
2018-11-06,53.112178802490234
2018-11-07,55.03243637084961
2018-11-08,54.356597900390625
2018-11-09,53.48213195800781
2018-11-12,52.10860061645508
2018-11-13,52.039581298828125
2018-11-14,52.3678092956543
2018-11-15,53.185672760009766
2018-11-16,53.04762649536133
2018-11-19,51.01911544799805
2018-11-20,51.169578552246094
2018-11-21,51.81413650512695
2018-11-23,51.152198791503906
2018-11-26,52.43534469604492
2018-11-27,52.25360107421875
2018-11-28,54.21556854248047
2018-11-29,54.3541145324707
2018-11-30,55.102455139160156
2018-12-03,55.4356575012207
2018-12-04,52.75960922241211
2018-12-06,53.53476333618164
2018-12-07,51.970550537109375
2018-12-10,52.29829406738281
2018-12-11,52.71889114379883
2018-12-12,53.318756103515625
2018-12-13,53.309322357177734
2018-12-14,52.22529220581055
2018-12-17,50.931217193603516
2018-12-18,51.813140869140625
2018-12-19,51.41836166381836
2018-12-20,50.82843017578125
2018-12-21,49.22300338745117
2018-12-24,48.89625549316406
2018-12-26,52.03361892700195
2018-12-27,52.284393310546875
2018-12-28,51.975521087646484
2018-12-31,51.890113830566406
2019-01-02,52.372779846191406
2019-01-03,50.92228317260742
2019-01-04,53.53426742553711
2019-01-07,53.42750549316406
2019-01-08,53.89677047729492
2019-01-09,53.71204376220703
2019-01-10,53.5720100402832
2019-01-11,52.85892868041992
2019-01-14,52.215362548828125
2019-01-15,53.9533805847168
2019-01-16,54.10234832763672
2019-01-17,54.579559326171875
2019-01-18,54.98575973510742
2019-01-22,53.56207275390625
2019-01-23,53.849098205566406
2019-01-24,53.828739166259766
2019-01-25,54.698238372802734
2019-01-28,53.6231575012207
2019-01-29,53.13650894165039
2019-01-30,54.5234489440918
2019-01-31,55.90888977050781
2019-02-01,55.54787826538086
2019-02-04,56.68006896972656
2019-02-05,57.19899368286133
2019-02-06,55.759918212890625
2019-02-07,54.9167366027832
2019-02-08,54.7414436340332
2019-02-11,54.72853469848633
2019-02-12,55.99281311035156
2019-02-13,56.044952392578125
2019-02-14,56.0732536315918
2019-02-15,55.59803009033203
2019-02-19,55.93967819213867
2019-02-20,55.64570617675781
2019-02-21,54.83231735229492
2019-02-22,55.44558334350586
2019-02-25,55.483821868896484
2019-02-26,55.71622085571289
2019-02-27,55.759918212890625
2019-02-28,55.9416618347168
2019-03-01,57.03264236450195
2019-03-04,57.27595901489258
2019-03-05,58.05906295776367
2019-03-06,57.84801483154297
2019-03-07,57.148345947265625
2019-03-08,57.104644775390625
2019-03-11,58.55911636352539
2019-03-12,59.452449798583984
2019-03-13,59.542327880859375
2019-03-14,59.21806335449219
2019-03-15,59.107330322265625
2019-03-18,59.02043151855469
2019-03-19,59.71116256713867
2019-03-20,60.90145492553711
2019-03-21,61.38313293457031
2019-03-22,59.96889114379883
2019-03-25,59.45890808105469
2019-03-26,59.08449172973633
2019-03-27,58.497039794921875
2019-03-28,58.21200942993164
2019-03-29,58.44142150878906
2019-04-01,59.53835678100586
2019-04-02,59.864112854003906
2019-04-03,60.12580871582031
2019-04-04,60.554847717285156
2019-04-05,60.157588958740234
2019-04-08,60.00017547607422
2019-04-09,59.72258377075195
2019-04-10,59.909297943115234
2019-04-11,60.065223693847656
2019-04-12,60.71772384643555
2019-04-15,60.90642547607422
2019-04-16,61.173583984375
2019-04-17,61.5822639465332
2019-04-18,61.648311614990234
2019-04-22,62.25859832763672
2019-04-23,63.094329833984375
2019-04-24,62.57094192504883
2019-04-25,62.93294906616211
2019-04-26,63.433494567871094
2019-04-29,64.36605834960938
2019-04-30,59.5373649597168
2019-05-01,58.2641487121582
2019-05-02,57.92597961425781
2019-05-03,59.07008361816406
2019-05-06,59.264251708984375
2019-05-07,58.53925323486328
2019-05-08,58.13801956176758
2019-05-09,57.998477935791016
2019-05-10,57.982093811035156
2019-05-13,56.44022750854492
2019-05-14,55.85774612426758
2019-05-15,58.139015197753906
2019-05-16,58.81931686401367
2019-05-17,58.038700103759766
2019-05-20,56.84096908569336
2019-05-21,57.32661437988281
2019-05-22,57.396629333496094
2019-05-23,56.87472915649414
2019-05-24,56.54053497314453
2019-05-28,56.58770751953125
2019-05-29,55.613433837890625
2019-05-30,55.686424255371094
2019-05-31,54.9460334777832
2019-06-03,51.581241607666016
2019-06-04,52.36334228515625
2019-06-05,51.87421798706055
2019-06-06,52.02915573120117
2019-06-07,53.052589416503906
2019-06-10,53.76716613769531
2019-06-11,53.6817512512207
2019-06-12,53.585418701171875
2019-06-13,54.17683792114258
2019-06-14,53.94294738769531
2019-06-17,54.319854736328125
2019-06-18,54.88346481323242
2019-06-19,54.84720993041992
2019-06-20,55.27873611450195
2019-06-21,55.88307189941406
2019-06-24,55.45254135131836
2019-06-25,54.00651550292969
2019-06-26,53.64599609375
2019-06-27,53.462764739990234
2019-06-28,53.76914596557617
2019-07-01,54.62325668334961
2019-07-02,55.24894332885742
2019-07-03,55.76488494873047
2019-07-05,56.24557113647461
2019-07-08,55.457008361816406
2019-07-09,55.82944107055664
2019-07-10,56.65475082397461
2019-07-11,56.812156677246094
2019-07-12,56.87472915649414
2019-07-15,57.13146209716797
2019-07-16,57.2779541015625
2019-07-17,56.944252014160156
2019-07-18,56.969078063964844
2019-07-19,56.18994903564453
2019-07-22,56.5703239440918
2019-07-23,57.00930404663086
2019-07-24,56.596153259277344
2019-07-25,56.40795135498047
2019-07-26,61.83452606201172
2019-07-29,61.66667938232422
2019-07-30,60.97941970825195
2019-07-31,60.49277114868164
2019-08-01,60.173973083496094
2019-08-02,59.40626907348633
2019-08-05,57.34199905395508
2019-08-06,58.15290832519531
2019-08-07,58.39276123046875
2019-08-08,59.896392822265625
2019-08-09,59.037811279296875
2019-08-12,58.32273864746094
2019-08-13,59.4266242980957
2019-08-14,57.813751220703125
2019-08-15,58.06551742553711
2019-08-16,58.55662536621094
2019-08-19,59.61085510253906
2019-08-20,58.771148681640625
2019-08-21,59.17089080810547
2019-08-22,59.167911529541016
2019-08-23,57.283912658691406
2019-08-26,58.15787887573242
2019-08-27,58.13999938964844
2019-08-28,58.285491943359375
2019-08-29,59.302978515625
2019-08-30,59.118751525878906
2019-09-03,58.076934814453125
2019-09-04,58.708580017089844
2019-09-05,60.194332122802734
2019-09-06,59.90284729003906
2019-09-09,59.850704193115234
2019-09-10,59.87205123901367
2019-09-11,60.582157135009766
2019-09-12,61.325531005859375
2019-09-13,61.57680130004883
2019-09-16,61.15967559814453
2019-09-17,61.07278060913086
2019-09-18,61.210323333740234
2019-09-19,61.513240814208984
2019-09-20,61.07078552246094
2019-09-23,61.31163024902344
2019-09-24,60.499229431152344
2019-09-25,61.87027359008789
2019-09-26,61.689022064208984
2019-09-27,60.87762451171875
2019-09-30,60.638771057128906
2019-10-01,59.88695526123047
2019-10-02,58.49257278442383
2019-10-03,59.06412887573242
2019-10-04,60.13325500488281
2019-10-07,59.99868392944336
2019-10-08,59.0988883972168
2019-10-09,59.70818328857422
2019-10-10,60.059261322021484
2019-10-11,60.3691291809082
2019-10-14,60.4714241027832
2019-10-15,61.68654251098633
2019-10-16,61.72428512573242
2019-10-17,62.21092224121094
2019-10-18,61.7943000793457
2019-10-21,61.787841796875
2019-10-22,61.6348991394043
2019-10-23,62.450775146484375
2019-10-24,62.524261474609375
2019-10-25,62.78199005126953
2019-10-28,64.00753021240234
2019-10-29,62.60123062133789
2019-10-30,62.60321807861328
2019-10-31,62.50886535644531
2019-11-01,63.176761627197266
2019-11-04,64.03881072998047
2019-11-05,64.12969207763672
2019-11-06,64.10833740234375
2019-11-07,64.89937591552734
2019-11-08,65.00167846679688
2019-11-11,64.46935272216797
2019-11-12,64.41620635986328
2019-11-13,64.36506652832031
2019-11-14,65.00912475585938
2019-11-15,66.22026824951172
2019-11-18,65.53996276855469
2019-11-19,65.1799545288086
2019-11-20,64.6471176147461
2019-11-21,64.56171417236328
2019-11-22,64.24043273925781
2019-11-25,64.8348388671875
2019-11-26,65.2003173828125
2019-11-27,65.15709686279297
2019-11-29,64.75785827636719
2019-12-02,64.00157928466797
2019-12-03,64.29356384277344
2019-12-04,65.49527740478516
2019-12-05,65.89352416992188
2019-12-06,66.51075744628906
2019-12-09,66.68952941894531
2019-12-10,66.68457794189453
2019-12-11,66.75210571289062
2019-12-12,66.96265411376953
2019-12-13,66.88219451904297
2019-12-16,67.56897735595703
2019-12-17,67.28046417236328
2019-12-18,67.13248443603516
2019-12-19,67.35742950439453
2019-12-20,67.09821319580078
2019-12-23,67.06892395019531
2019-12-24,66.76105499267578
2019-12-26,67.6568603515625
2019-12-27,67.2680435180664
2019-12-30,66.52664947509766
2019-12-31,66.51075744628906
2020-01-02,67.9652328491211
2020-01-03,67.60968780517578
2020-01-06,69.41175842285156
2020-01-07,69.2776870727539
2020-01-08,69.77078247070312
2020-01-09,70.50323486328125
2020-01-10,70.95858001708984
2020-01-13,71.50829315185547
2020-01-14,71.03953552246094
2020-01-15,71.46707916259766
2020-01-16,72.01132202148438
2020-01-17,73.46926879882812
2020-01-21,73.60485076904297
2020-01-22,73.6852798461914
2020-01-23,73.72599029541016
2020-01-24,72.80635070800781
2020-01-27,71.09614562988281
2020-01-28,72.02821350097656
2020-01-29,72.33609008789062
2020-01-30,72.21443176269531
2020-01-31,71.14828491210938
2020-02-03,73.62220764160156
2020-02-04,71.77545928955078
2020-02-05,71.80723571777344
2020-02-06,73.2929916381836
2020-02-07,73.44890594482422
2020-02-10,74.91629791259766
2020-02-11,74.9858169555664
2020-02-12,75.41138458251953
2020-02-13,75.15116882324219
2020-02-14,75.41634368896484
2020-02-18,75.45160675048828
2020-02-19,75.72123718261719
2020-02-20,75.32994079589844
2020-02-21,73.66493225097656
2020-02-24,70.50669860839844
2020-02-25,68.84120178222656
2020-02-26,69.04727172851562
2020-02-27,65.29713439941406
2020-02-28,66.5038070678711
2020-03-02,68.84120178222656
2020-03-03,66.4278335571289
2020-03-04,68.6068115234375
2020-03-05,65.2876968383789
2020-03-06,64.34322357177734
2020-03-09,60.37309646606445
2020-03-10,63.32176208496094
2020-03-11,60.13027572631836
2020-03-12,55.19680404663086
2020-03-13,60.2976188659668
2020-03-16,53.282508850097656
2020-03-17,55.52007293701172
2020-03-18,54.18577194213867
2020-03-19,55.2027587890625
2020-03-20,53.044647216796875
2020-03-23,52.3454704284668
2020-03-24,56.11348342895508
2020-03-25,54.703704833984375
2020-03-26,57.74770736694336
2020-03-27,55.13274383544922
2020-03-30,56.92289352416992
2020-03-31,57.69953918457031
2020-04-01,54.727535247802734
2020-04-02,55.46892547607422
2020-04-03,54.2607536315918
2020-04-06,58.75426483154297
2020-04-07,58.72297668457031
2020-04-08,59.93661117553711
2020-04-09,59.91525650024414
2020-04-13,60.10594177246094
2020-04-14,62.82817077636719
2020-04-15,62.434391021728516
2020-04-16,62.44084167480469
2020-04-17,63.5119514465332
2020-04-20,62.62556838989258
2020-04-21,60.19284439086914
2020-04-22,62.489505767822266
2020-04-23,63.123130798339844
2020-04-24,63.39277648925781
2020-04-27,63.10773849487305
2020-04-28,61.20734786987305
2020-04-29,66.6493148803711
2020-04-30,66.87376403808594
2020-05-01,65.4148178100586
2020-05-04,65.69190216064453
2020-05-05,66.98896789550781
2020-05-06,66.81070709228516
2020-05-07,67.99502563476562
2020-05-08,68.74288177490234
2020-05-11,69.69878387451172
2020-05-12,68.28800964355469
2020-05-13,66.95470428466797
2020-05-14,67.37828063964844
2020-05-15,68.18273162841797
2020-05-18,68.78458404541016
2020-05-19,68.24927520751953
2020-05-20,69.97537231445312
2020-05-21,69.85569763183594
2020-05-22,70.17797088623047
2020-05-26,70.5816879272461
2020-05-27,70.52755737304688
2020-05-28,70.42626953125
2020-05-29,71.1850357055664
2020-06-01,71.25206756591797
2020-06-02,71.62151336669922
2020-06-03,71.46956634521484
2020-06-04,70.23059844970703
2020-06-05,71.50779724121094
2020-06-08,71.90605926513672
2020-06-09,72.10667419433594
2020-06-10,72.73335266113281
2020-06-11,69.61486053466797
2020-06-12,70.16209411621094
2020-06-15,70.55039978027344
2020-06-16,71.82809448242188
2020-06-17,72.1295166015625
2020-06-18,71.21482849121094
2020-06-19,70.74408721923828
2020-06-22,72.0361557006836
2020-06-23,72.69759368896484
2020-06-24,71.14430236816406
2020-06-25,71.56143188476562
2020-06-26,67.66033935546875
2020-06-29,69.37997436523438
2020-06-30,70.41682434082031
2020-07-01,71.60612487792969
2020-07-02,72.99305725097656
2020-07-06,74.46887969970703
2020-07-07,73.9857177734375
2020-07-08,74.66503143310547
2020-07-09,75.41287231445312
2020-07-10,76.42339324951172
2020-07-13,75.09357452392578
2020-07-14,75.52212524414062
2020-07-15,75.3244857788086
2020-07-16,75.2271499633789
2020-07-17,75.32298278808594
2020-07-20,77.65640258789062
2020-07-21,77.26310729980469
2020-07-22,77.70654296875
2020-07-23,75.31803131103516
2020-07-24,74.89395141601562
2020-07-27,75.94768524169922
2020-07-28,74.6675033569336
2020-07-29,75.6537094116211
2020-07-30,76.3916244506836
2020-07-31,73.88788604736328
2020-08-03,73.63017272949219
2020-08-04,73.16041564941406
2020-08-05,73.44792175292969
2020-08-06,74.73206329345703
2020-08-07,74.40532684326172
2020-08-10,74.32833862304688
2020-08-11,73.51993560791016
2020-08-12,74.84577178955078
2020-08-13,75.31305694580078
2020-08-14,74.7161865234375
2020-08-17,75.2927017211914
2020-08-18,77.25614929199219
2020-08-19,76.70148468017578
2020-08-20,78.27264404296875
2020-08-21,78.23888397216797
2020-08-24,78.714599609375
2020-08-25,79.74251556396484
2020-08-26,81.64339447021484
2020-08-27,80.86824798583984
2020-08-28,81.41000366210938
2020-08-31,80.91839599609375
2020-09-01,82.1871566772461
2020-09-02,85.28131103515625
2020-09-03,80.91740417480469
2020-09-04,78.51895141601562
2020-09-08,75.6581802368164
2020-09-09,76.83158111572266
2020-09-10,75.77983856201172
2020-09-11,75.26885986328125
2020-09-14,74.92472839355469
2020-09-15,76.230224609375
2020-09-16,75.08662414550781
2020-09-17,73.84269714355469
2020-09-18,72.05750274658203
2020-09-21,71.01718139648438
2020-09-22,72.49102020263672
2020-09-23,69.98678588867188
2020-09-24,70.65567779541016
2020-09-25,71.46013641357422
2020-09-28,72.43342590332031
2020-09-29,72.79888916015625
2020-09-30,72.7780532836914
2020-10-01,73.88539123535156
2020-10-02,72.28146362304688
2020-10-05,73.63363647460938
2020-10-06,72.05403900146484
2020-10-07,72.4572525024414
2020-10-08,73.66344451904297
2020-10-09,75.00518798828125
2020-10-12,77.69364166259766
2020-10-13,77.81678771972656
2020-10-14,77.63654327392578
2020-10-15,77.24076080322266
2020-10-16,77.84808349609375
2020-10-19,75.97349548339844
2020-10-20,77.02277374267578
2020-10-21,78.75630950927734
2020-10-22,79.7827377319336
2020-10-23,81.0897216796875
2020-10-26,78.6718978881836
2020-10-27,79.39639282226562
2020-10-28,75.02256774902344
2020-10-29,77.31078338623047
2020-10-30,80.25198364257812
2020-11-02,80.65968322753906
2020-11-03,81.7193832397461
2020-11-04,86.69456481933594
2020-11-05,87.5213623046875
2020-11-06,87.38380432128906
2020-11-09,87.46772766113281
2020-11-10,86.29084777832031
2020-11-11,86.7630844116211
2020-11-12,86.54409790039062
2020-11-13,88.0060043334961
2020-11-16,88.09391021728516
2020-11-17,87.47964477539062
2020-11-18,86.43583679199219
2020-11-19,87.32620239257812
2020-11-20,86.22429656982422
2020-11-23,85.78632354736328
2020-11-24,87.59088134765625
2020-11-25,87.602294921875
2020-11-27,88.73896026611328
2020-11-30,87.119140625
2020-12-01,89.15310668945312
2020-12-02,90.62345123291016
2020-12-03,90.4680404663086
2020-12-04,90.56338500976562
2020-12-07,90.22918701171875
2020-12-08,89.94613647460938
2020-12-09,88.28408813476562
2020-12-10,87.77708435058594
2020-12-11,88.13214111328125
2020-12-14,87.01286315917969
2020-12-15,87.45083618164062
2020-12-16,87.25767517089844
2020-12-17,86.42938995361328
2020-12-18,85.71977233886719
2020-12-21,86.13392639160156
2020-12-22,85.42183685302734
2020-12-23,85.81958770751953
2020-12-24,86.11407470703125
2020-12-28,88.09043884277344
2020-12-29,87.28598022460938
2020-12-30,86.21784210205078
2020-12-31,87.03173828125
2021-01-04,85.71531677246094
2021-01-05,86.40654754638672
2021-01-06,85.55392456054688
2021-01-07,88.10931396484375
2021-01-08,89.27576446533203
2021-01-11,87.21298217773438
2021-01-12,86.27643585205078
2021-01-13,86.76407623291016
2021-01-14,85.95317077636719
2021-01-15,85.78929901123047
2021-01-19,88.61234283447266
2021-01-20,93.35958099365234
2021-01-21,93.56217956542969
2021-01-22,93.97979736328125
2021-01-25,94.0652084350586
2021-01-26,94.7440414428711
2021-01-27,90.32402801513672
2021-01-28,92.0252914428711
2021-01-29,90.74214172363281
2021-02-01,94.00514221191406
2021-02-02,95.29871368408203
2021-02-03,102.23884582519531
2021-02-04,101.9781494140625
2021-02-05,103.72608184814453
2021-02-08,103.51206970214844
2021-02-09,103.0586929321289
2021-02-10,103.6093978881836
2021-02-11,103.72211456298828
2021-02-12,104.03396606445312
2021-02-16,104.81210327148438
2021-02-17,105.20537567138672
2021-02-18,104.56927490234375
2021-02-19,103.72509002685547
2021-02-22,102.00942993164062
2021-02-23,102.3004150390625
2021-02-24,103.47681427001953
2021-02-25,100.1070556640625
2021-02-26,100.40300750732422
2021-03-01,102.77416229248047
2021-03-02,102.51692962646484
2021-03-03,99.88160705566406
2021-03-04,100.99989318847656
2021-03-05,104.13526153564453
2021-03-08,99.68744659423828
2021-03-09,101.31919860839844
2021-03-10,101.11212158203125
2021-03-11,104.30757904052734
2021-03-12,101.79788970947266
2021-03-15,102.01837158203125
2021-03-16,103.48078155517578
2021-03-17,103.39784240722656
2021-03-18,100.37470245361328
2021-03-19,100.65377807617188
2021-03-22,100.83899688720703
2021-03-23,101.36735534667969
2021-03-24,100.93037414550781
2021-03-25,100.92689514160156
2021-03-26,100.54304504394531
2021-03-29,101.58883666992188
2021-03-30,101.62260437011719
2021-03-31,102.41960144042969
2021-04-01,105.75957489013672
2021-04-05,110.18801879882812
2021-04-06,109.70633697509766
2021-04-07,111.18465423583984
2021-04-08,111.75074768066406
2021-04-09,112.75582122802734
2021-04-12,111.46224212646484
2021-04-13,111.94937133789062
2021-04-14,111.3276596069336
2021-04-15,113.47981262207031
2021-04-16,113.35567474365234
2021-04-19,113.70376586914062
2021-04-20,113.16996002197266
2021-04-21,113.13719177246094
2021-04-22,111.85453796386719
2021-04-23,114.20878601074219
2021-04-26,114.70536804199219
2021-04-27,113.76435089111328
2021-04-28,117.14405822753906
2021-04-29,118.81848907470703
2021-04-30,116.86893463134766
2021-05-03,116.35150909423828
2021-05-04,114.55142211914062
2021-05-05,114.94571685791016
2021-05-06,116.06697845458984
2021-05-07,116.79096984863281
2021-05-10,113.8025894165039
2021-05-11,112.72550964355469
2021-05-12,109.25892639160156
2021-05-13,110.6885757446289
2021-05-14,113.13867950439453
2021-05-17,113.66207122802734
2021-05-18,112.34861755371094
2021-05-19,112.79702758789062
2021-05-20,114.55738067626953
2021-05-21,113.92076873779297
2021-05-24,117.24337005615234
2021-05-25,117.33423614501953
2021-05-26,118.20026397705078
2021-05-27,117.32479858398438
2021-05-28,117.03529357910156
2021-06-01,118.24346160888672
2021-06-02,117.71759033203125
2021-06-03,116.57498168945312
2021-06-04,118.85871887207031
2021-06-07,119.292236328125
2021-06-08,119.10054016113281
2021-06-09,119.57230377197266
2021-06-10,120.9224853515625
2021-06-11,120.67767333984375
2021-06-14,121.60675811767578
2021-06-15,120.5877914428711
2021-06-16,119.94522094726562
2021-06-17,120.90957641601562
2021-06-18,119.28826141357422
2021-06-21,120.97809600830078
2021-06-22,121.49254608154297
2021-06-23,121.29044342041016
2021-06-24,121.66089630126953
2021-06-25,121.66934204101562
2021-06-28,121.6966552734375
2021-06-29,121.43494415283203
2021-06-30,121.25320434570312
2021-07-01,121.60577392578125
2021-07-02,124.3995132446289
2021-07-06,125.32562255859375
2021-07-07,125.60768127441406
2021-07-08,124.18746948242188
2021-07-09,124.65870666503906
2021-07-12,126.1057357788086
2021-07-13,126.46923065185547
2021-07-14,127.35858917236328
2021-07-15,126.1350326538086
2021-07-16,126.10028076171875
2021-07-19,123.72466278076172
2021-07-20,125.3449935913086
2021-07-21,126.6753158569336
2021-07-22,127.54180908203125
2021-07-23,132.10386657714844
2021-07-26,133.1168975830078
2021-07-27,130.99649047851562
2021-07-28,135.16175842285156
2021-07-29,134.84744262695312
2021-07-30,133.8036346435547
2021-08-02,133.9307861328125
2021-08-03,134.70095825195312
2021-08-04,134.19992065429688
2021-08-05,135.3181915283203
2021-08-06,134.80870056152344
2021-08-09,135.97515869140625
2021-08-10,135.86988830566406
2021-08-11,135.34552001953125
2021-08-12,136.25424194335938
2021-08-13,136.78408813476562
2021-08-16,137.3621063232422
2021-08-17,135.72540283203125
2021-08-18,134.52120971679688
2021-08-19,134.7506103515625
2021-08-20,136.48814392089844
2021-08-23,139.08224487304688
2021-08-24,140.2938995361328
2021-08-25,141.1057891845703
2021-08-26,140.47164916992188
2021-08-27,143.017578125
2021-08-30,143.60006713867188
2021-08-31,143.70632934570312
2021-09-01,144.22079467773438
2021-09-02,142.30551147460938
2021-09-03,142.75491333007812
2021-09-07,143.2921905517578
2021-09-08,142.70675659179688
2021-09-09,142.5577850341797
2021-09-10,139.91102600097656
2021-09-13,141.35755920410156
2021-09-14,141.56809997558594
2021-09-15,143.440185546875
2021-09-16,142.6262969970703
2021-09-17,139.83554077148438
2021-09-20,137.769287109375
2021-09-21,138.0806427001953
2021-09-22,139.32257080078125
2021-09-23,140.2487030029297
2021-09-24,141.24082946777344
2021-09-27,140.10568237304688
2021-09-28,134.89959716796875
2021-09-29,133.43319702148438
2021-09-30,132.76034545898438
2021-10-01,135.6077117919922
2021-10-04,132.7439422607422
2021-10-05,135.0912628173828
2021-10-06,136.62269592285156
2021-10-07,138.27133178710938
2021-10-08,138.82798767089844
2021-10-11,137.96246337890625
2021-10-12,135.51434326171875
2021-10-13,136.63958740234375
2021-10-14,140.18411254882812
2021-10-15,140.39964294433594
2021-10-18,141.79998779296875
2021-10-19,142.255859375
2021-10-20,140.79791259765625
2021-10-21,140.91409301757812
2021-10-22,136.6241912841797
2021-10-25,136.50552368164062
2021-10-26,138.35426330566406
2021-10-27,145.2159423828125
2021-10-28,144.84994506835938
2021-10-29,147.0319061279297
2021-11-01,142.51405334472656
2021-11-02,144.43629455566406
2021-11-03,145.59385681152344
2021-11-04,147.2519073486328
2021-11-05,147.83241271972656
2021-11-08,148.01016235351562
2021-11-09,147.8984375
2021-11-10,144.8941650390625
2021-11-11,144.7680206298828
2021-11-12,147.65957641601562
2021-11-15,147.4351348876953
2021-11-16,146.8630828857422
2021-11-17,147.03289794921875
2021-11-18,148.81214904785156
2021-11-19,147.9063720703125
2021-11-22,145.2998504638672
2021-11-23,144.7834014892578
2021-11-24,145.11911010742188
2021-11-26,141.20907592773438
2021-11-29,144.5336456298828
2021-11-30,140.92552185058594
2021-12-01,140.0853271484375
2021-12-02,141.9866943359375
2021-12-03,141.02880859375
2021-12-06,142.17440795898438
2021-12-07,146.26072692871094
2021-12-08,147.1714630126953
2021-12-09,146.62721252441406
2021-12-10,146.9877166748047
2021-12-13,144.82762145996094
2021-12-14,142.92124938964844
2021-12-15,145.43788146972656
2021-12-16,143.45558166503906
2021-12-17,140.75421142578125
2021-12-20,140.6370086669922
2021-12-21,142.48974609375
2021-12-22,145.4120635986328
2021-12-23,145.91014099121094
2021-12-27,146.89337158203125
2021-12-28,145.6822052001953
2021-12-29,145.65042114257812
2021-12-30,145.1990509033203
2021-12-31,143.85980224609375
2022-01-03,143.99832153320312
2022-01-04,143.410400390625
2022-01-05,136.83126831054688
2022-01-06,136.80393981933594
2022-01-07,136.0784454345703
2022-01-10,137.71963500976562
2022-01-11,138.77882385253906
2022-01-12,140.46170043945312
2022-01-13,137.63771057128906
2022-01-14,138.5250701904297
2022-01-18,135.06643676757812
2022-01-19,134.1909637451172
2022-01-20,132.3943634033203
2022-01-21,129.4586181640625
2022-01-24,129.9080352783203
2022-01-25,126.06551361083984
2022-01-26,128.3477783203125
2022-01-27,128.12135314941406
2022-01-28,132.43759155273438
2022-01-31,134.37669372558594
2022-02-01,136.70114135742188
2022-02-02,146.9862518310547
2022-02-03,142.10986328125
2022-02-04,142.3114471435547
2022-02-07,138.24749755859375
2022-02-08,138.4441375732422
2022-02-09,140.6221160888672
2022-02-10,137.67047119140625
2022-02-11,133.36268615722656
2022-02-14,134.59765625
2022-02-15,135.6727752685547
2022-02-16,136.79452514648438
2022-02-17,131.63113403320312
2022-02-18,129.50975036621094
2022-02-22,128.92428588867188
2022-02-23,126.71403503417969
2022-02-24,131.78207397460938
2022-02-25,133.53846740722656
2022-02-28,134.13189697265625
2022-03-01,133.1431884765625
2022-03-02,133.64968872070312
2022-03-03,132.98228454589844
2022-03-04,131.00296020507812
2022-03-07,125.51282501220703
2022-03-08,126.23384857177734
2022-03-09,132.50608825683594
2022-03-10,131.52236938476562
2022-03-11,128.98089599609375
2022-03-14,125.08824157714844
2022-03-15,128.31301879882812
2022-03-16,132.3675537109375
2022-03-17,132.92222595214844
2022-03-18,135.19305419921875
2022-03-21,135.1692352294922
2022-03-22,138.90992736816406
2022-03-23,137.32833862304688
2022-03-24,140.60227966308594
2022-03-25,140.7025604248047
2022-03-28,140.48655700683594
2022-03-29,141.52935791015625
2022-03-30,140.9662322998047
2022-03-31,138.1149139404297
2022-04-01,139.19049072265625
2022-04-04,141.9921875
2022-04-05,139.62796020507812
2022-04-06,135.6126708984375
2022-04-07,134.95770263671875
2022-04-08,132.37449645996094
2022-04-11,127.94107055664062
2022-04-12,126.83967590332031
2022-04-13,129.0042266845703
2022-04-14,125.86192321777344
2022-04-18,126.80194091796875
2022-04-19,129.11843872070312
2022-04-20,127.16292572021484
2022-04-21,123.95953369140625
2022-04-22,118.8160171508789
2022-04-25,122.23095703125
2022-04-26,117.83726501464844
2022-04-27,113.5115966796875
2022-04-28,117.71063232421875
2022-04-29,113.3278579711914
2022-05-02,115.78441619873047
2022-05-03,116.53028106689453
2022-05-04,121.42353057861328
2022-05-05,115.70745849609375
2022-05-06,114.95365905761719
2022-05-09,111.74031066894531
2022-05-10,113.61140441894531
2022-05-11,112.8243408203125
2022-05-12,112.07102966308594
2022-05-13,115.25556182861328
2022-05-16,113.66107177734375
2022-05-17,115.67518615722656
2022-05-18,111.13299560546875
2022-05-19,109.62789154052734
2022-05-20,108.16199493408203
2022-05-23,110.72431945800781
2022-05-24,105.24412536621094
2022-05-25,105.08024597167969
2022-05-26,107.05414581298828
2022-05-27,111.54714965820312
2022-05-31,112.98274230957031
2022-06-01,113.11186218261719
2022-06-02,116.8167953491211
2022-06-03,113.75640869140625
2022-06-06,116.02030181884766
2022-06-07,116.34703826904297
2022-06-08,116.39124298095703
2022-06-09,114.04888916015625
2022-06-10,110.40006256103516
2022-06-13,105.6637191772461
2022-06-14,105.98451232910156
2022-06-15,109.01263427734375
2022-06-16,105.30718231201172
2022-06-17,106.40958404541016
2022-06-21,110.77994537353516
2022-06-22,110.72382354736328
2022-06-23,111.47315216064453
2022-06-24,117.16688537597656
2022-06-27,115.04007720947266
2022-06-28,111.2402572631836
2022-06-29,110.93636322021484
2022-06-30,108.21661376953125
2022-07-01,107.99266815185547
2022-07-05,112.4871597290039
2022-07-06,113.78720092773438
2022-07-07,117.96934509277344
2022-07-08,118.53594970703125
2022-07-11,114.8841323852539
2022-07-12,113.23948669433594
2022-07-13,110.59074401855469
2022-07-14,109.61150360107422
2022-07-15,111.0118408203125
2022-07-18,108.28315734863281
2022-07-19,113.03041076660156
2022-07-20,113.11981964111328
2022-07-21,113.55679321289062
2022-07-22,107.16090393066406
2022-07-25,106.77356719970703
2022-07-26,104.30062103271484
2022-07-27,112.28555297851562
2022-07-28,113.43761444091797
2022-07-29,115.52323913574219
2022-08-01,114.07322692871094
2022-08-02,114.34137725830078
2022-08-03,117.27117156982422
2022-08-04,117.38042449951172
2022-08-05,116.66534423828125
2022-08-08,116.49652099609375
2022-08-09,115.83109283447266
2022-08-10,118.88007354736328
2022-08-11,118.02595520019531
2022-08-12,120.84651184082031
2022-08-15,121.2437744140625
2022-08-16,120.86636352539062
2022-08-17,118.7311019897461
2022-08-18,119.34684753417969
2022-08-19,116.40711975097656
2022-08-22,113.45748138427734
2022-08-23,113.080078125
2022-08-24,112.91123962402344
2022-08-25,115.85096740722656
2022-08-26,109.58418273925781
2022-08-29,108.67048645019531
2022-08-30,108.19377136230469
2022-08-31,107.47870635986328
2022-09-01,108.98828887939453
2022-09-02,107.11124420166016
2022-09-06,106.07836151123047
2022-09-07,108.70027160644531
2022-09-08,107.63761138916016
2022-09-09,109.8920669555664
2022-09-12,110.10062408447266
2022-09-13,103.60542297363281
2022-09-14,104.28076171875
2022-09-15,102.205078125
2022-09-16,102.09583282470703
2022-09-19,102.36398315429688
2022-09-20,100.44721221923828
2022-09-21,98.59994506835938
2022-09-22,99.45405578613281
2022-09-23,98.06363677978516
2022-09-26,97.49755096435547
2022-09-27,96.83213806152344
2022-09-28,99.36466979980469
2022-09-29,96.752685546875
2022-09-30,94.99481964111328
2022-10-03,97.96432495117188
2022-10-04,100.94377136230469
2022-10-05,100.7352294921875
2022-10-06,100.72528076171875
2022-10-07,98.0040512084961
2022-10-10,97.18966674804688
2022-10-11,96.51433563232422
2022-10-12,96.8917236328125
2022-10-13,98.3814468383789
2022-10-14,95.89857482910156
2022-10-17,99.28521728515625
2022-10-18,100.07974243164062
2022-10-19,98.94754028320312
2022-10-20,99.28521728515625
2022-10-21,100.43727111816406
2022-10-24,101.8177490234375
2022-10-25,103.76432800292969
2022-10-26,94.27973937988281
2022-10-27,91.58830261230469
2022-10-28,95.63042449951172
2022-10-31,93.86261749267578
2022-11-01,89.85029602050781
2022-11-02,86.37425994873047
2022-11-03,82.8585205078125
2022-11-04,85.98694610595703
2022-11-07,87.88385009765625
2022-11-08,88.29105377197266
2022-11-09,86.72187042236328
2022-11-10,93.2965316772461
2022-11-11,95.7496109008789
2022-11-14,95.04447174072266
2022-11-15,97.76569366455078
2022-11-16,98.17288970947266
2022-11-17,97.68624877929688
2022-11-18,96.76261901855469
2022-11-21,94.94515991210938
2022-11-22,96.38522338867188
2022-11-23,97.78556060791016
2022-11-25,96.79241180419922
2022-11-28,95.39207458496094
2022-11-29,94.5379638671875
2022-11-30,100.29823303222656
2022-12-01,100.29823303222656
2022-12-02,99.75200653076172
2022-12-05,98.79857635498047
2022-12-06,96.31570434570312
2022-12-07,94.28968811035156
2022-12-08,93.06809997558594
2022-12-09,92.19413757324219
2022-12-12,92.67083740234375
2022-12-13,94.97494506835938
2022-12-14,94.41878509521484
2022-12-15,90.23761749267578
2022-12-16,89.64173126220703
2022-12-19,87.83419036865234
2022-12-20,88.41021728515625
2022-12-21,88.96638488769531
2022-12-22,87.15886688232422
2022-12-23,88.6187973022461
2022-12-27,86.79138946533203
2022-12-28,85.4307632446289
2022-12-29,87.84413146972656
2022-12-30,87.62564086914062
2023-01-03,88.5095443725586
2023-01-04,87.4766616821289
2023-01-05,85.60953521728516
2023-01-06,86.74172973632812
2023-01-09,87.41706848144531
2023-01-10,87.8143310546875
2023-01-11,90.8930892944336
2023-01-12,90.50577545166016
2023-01-13,91.48899841308594
2023-01-17,90.66468048095703
2023-01-18,90.49584197998047
2023-01-19,92.4126205444336
2023-01-20,97.34857940673828
2023-01-23,99.1064453125
2023-01-24,97.03076934814453
2023-01-25,94.56775665283203
2023-01-26,96.85199737548828
2023-01-27,98.68933868408203
2023-01-30,96.2759780883789
2023-01-31,98.16295623779297
2023-02-01,99.7420654296875
2023-02-02,107.00199890136719
2023-02-03,104.06227111816406
2023-02-06,102.19515991210938
2023-02-07,106.9026870727539
2023-02-08,98.68933868408203
2023-02-09,94.35920715332031
2023-02-10,93.92221069335938
2023-02-13,93.9619369506836
2023-02-14,94.03146362304688
2023-02-15,96.2759780883789
2023-02-16,94.85577392578125
2023-02-17,93.70372009277344
2023-02-21,91.1612548828125
2023-02-22,91.022216796875
2023-02-23,90.26741790771484
2023-02-24,88.51947021484375
2023-02-27,89.25440216064453
2023-02-28,89.44310760498047
2023-03-01,89.74105072021484
2023-03-02,91.36981201171875
2023-03-03,93.00850677490234
2023-03-06,94.47837829589844
2023-03-07,93.21707916259766
2023-03-08,93.60440063476562
2023-03-09,91.68761444091797
2023-03-10,90.00919342041016
2023-03-13,90.48590850830078
2023-03-14,93.3263168334961
2023-03-15,95.45166015625
2023-03-16,99.63282012939453
2023-03-17,100.92391967773438
2023-03-20,100.52665710449219
2023-03-21,104.20130920410156
2023-03-22,102.66192626953125
2023-03-23,104.87664794921875
2023-03-24,104.7177505493164
2023-03-27,101.75816345214844
2023-03-28,100.33795928955078
2023-03-29,100.69548797607422
2023-03-30,100.19892120361328
2023-03-31,103.01947784423828
2023-04-03,103.64514923095703
2023-04-04,104.00267791748047
2023-04-05,103.75440216064453
2023-04-06,107.67733001708984
2023-04-10,105.71089935302734
2023-04-11,104.62837219238281
2023-04-12,103.92322540283203
2023-04-13,106.69412231445312
2023-04-14,108.12425231933594
2023-04-17,105.24412536621094
2023-04-18,103.7841796875
2023-04-19,103.46639251708984
2023-04-20,104.56878662109375
2023-04-21,104.6879653930664
2023-04-24,105.24412536621094
2023-04-25,103.1386489868164
2023-04-26,102.9996109008789
2023-04-27,106.85301971435547
2023-04-28,106.604736328125
2023-05-01,106.4656982421875
2023-05-02,104.59857940673828
2023-05-03,104.6879653930664
2023-05-04,103.97289276123047
2023-05-05,104.84686279296875
2023-05-08,107.03178405761719
2023-05-09,106.61466217041016
2023-05-10,110.98452758789062
2023-05-11,115.77149963378906
2023-05-12,116.70507049560547
2023-05-15,115.71192169189453
2023-05-16,118.69137573242188
2023-05-17,120.01226806640625
2023-05-18,121.98863220214844
2023-05-19,121.91911315917969
2023-05-22,124.19343566894531
2023-05-23,121.7204818725586
2023-05-24,120.07185363769531
2023-05-25,122.63418579101562
2023-05-26,123.75645446777344
2023-05-30,122.8228759765625
2023-05-31,122.02835083007812
2023-06-01,122.8725357055664
2023-06-02,123.81603240966797
2023-06-05,125.14685821533203
2023-06-06,126.43795013427734
2023-06-07,121.66089630126953
2023-06-08,121.30335235595703
2023-06-09,121.39274597167969
2023-06-12,122.79308319091797
2023-06-13,122.98178100585938
2023-06-14,122.8228759765625
2023-06-15,124.23316192626953
2023-06-16,122.68383026123047
2023-06-20,122.25677490234375
2023-06-21,119.72425079345703
2023-06-22,122.30644226074219
2023-06-23,121.50198364257812
2023-06-26,117.52938079833984
2023-06-27,117.51945495605469
2023-06-28,119.3567886352539
2023-06-29,118.28417205810547
2023-06-30,118.88007354736328
2023-07-03,119.07870483398438
2023-07-05,120.91603088378906
2023-07-06,119.28726196289062
2023-07-07,118.66158294677734
2023-07-10,115.6523208618164
2023-07-11,116.33761596679688
2023-07-12,118.11534881591797
2023-07-13,123.68692016601562
2023-07-14,124.5608901977539
2023-07-17,123.79617309570312
2023-07-18,122.91226196289062
2023-07-19,121.1941146850586
2023-07-20,118.38349151611328
2023-07-21,119.1978759765625
2023-07-24,120.69754028320312
2023-07-25,121.37287902832031
2023-07-26,128.384521484375
2023-07-27,128.51361083984375
2023-07-28,131.67185974121094
2023-07-31,131.8108673095703
2023-08-01,130.64891052246094
2023-08-02,127.50060272216797
2023-08-03,127.57012176513672
2023-08-04,127.23246002197266
2023-08-07,130.62901306152344
2023-08-08,130.4999237060547
2023-08-09,128.7718505859375
2023-08-10,128.80165100097656
2023-08-11,128.67251586914062
2023-08-14,130.43038940429688
2023-08-15,128.89100646972656
2023-08-16,127.81842041015625
2023-08-17,129.03004455566406
2023-08-18,126.5869140625
2023-08-21,127.49067687988281
2023-08-22,128.19583129882812
2023-08-23,131.46327209472656
2023-08-24,128.89100646972656
2023-08-25,128.9903564453125
2023-08-28,130.11257934570312
2023-08-29,133.6482391357422
2023-08-30,134.94924926757812
2023-08-31,135.2372589111328
2023-09-01,134.7307586669922
2023-09-05,134.8400115966797
2023-09-06,133.53897094726562
2023-09-07,134.33348083496094
2023-09-08,135.44581604003906
2023-09-11,135.98211669921875
2023-09-12,134.41293334960938
2023-09-13,135.77357482910156
2023-09-14,137.154052734375
2023-09-15,136.4588165283203
2023-09-18,137.26327514648438
2023-09-19,137.0944366455078
2023-09-20,132.8238983154297
2023-09-21,129.54649353027344
2023-09-22,129.35780334472656
2023-09-25,130.21192932128906
2023-09-26,127.68931579589844
2023-09-27,129.64581298828125
2023-09-28,131.40370178222656
2023-09-29,129.963623046875
2023-10-02,133.25094604492188
2023-10-03,131.52285766601562
2023-10-04,134.3136444091797
2023-10-05,134.14479064941406
2023-10-06,136.63760375976562
2023-10-09,137.4718475341797
2023-10-10,137.1143035888672
2023-10-11,139.58724975585938
2023-10-12,138.01808166503906
2023-10-13,136.41909790039062
2023-10-16,138.14718627929688
2023-10-17,138.762939453125
2023-10-18,137.01499938964844
2023-10-19,136.8064422607422
2023-10-20,134.67117309570312
2023-10-23,135.5649871826172
2023-10-24,137.85916137695312
2023-10-25,124.74960327148438
2023-10-26,121.44239044189453
2023-10-27,121.3331527709961
2023-10-30,123.60745239257812
2023-10-31,123.23007202148438
2023-11-01,125.58383178710938
2023-11-02,126.61671447753906
2023-11-03,128.21568298339844
2023-11-06,129.35780334472656
2023-11-07,130.0728759765625
2023-11-08,130.93690490722656
2023-11-09,129.34788513183594
2023-11-10,131.68179321289062
2023-11-13,131.1851806640625
2023-11-14,132.7047119140625
2023-11-15,133.69786071777344
2023-11-16,135.99205017089844
2023-11-17,134.38314819335938
2023-11-20,135.31671142578125
2023-11-21,136.0317840576172
2023-11-22,137.54136657714844
2023-11-24,135.75369262695312
2023-11-27,135.4756317138672
2023-11-28,136.2601776123047
2023-11-29,134.06533813476562
2023-11-30,131.62217712402344
2023-12-01,130.956787109375
2023-12-04,128.384521484375
2023-12-05,130.09275817871094
2023-12-06,129.12939453125
2023-12-07,135.99205017089844
2023-12-08,134.06533813476562
2023-12-11,132.37696838378906
2023-12-12,131.6122589111328
2023-12-13,131.66189575195312
2023-12-14,131.03623962402344
2023-12-15,131.6917266845703
2023-12-18,134.86978149414062
2023-12-19,135.71397399902344
2023-12-20,137.39239501953125
2023-12-21,139.4581298828125
2023-12-22,140.5208282470703
2023-12-26,140.5506134033203
2023-12-27,139.4084930419922
2023-12-28,139.26943969726562
2023-12-29,138.733154296875
2024-01-02,137.2235565185547
2024-01-03,137.96841430664062
2024-01-04,135.45574951171875
2024-01-05,134.80026245117188
2024-01-08,137.8889617919922
2024-01-09,139.9844970703125
2024-01-10,141.30540466308594
2024-01-11,141.10678100585938
2024-01-12,141.67288208007812
2024-01-16,141.5139923095703
2024-01-17,140.50094604492188
2024-01-18,142.49717712402344
2024-01-19,145.3773193359375
2024-01-22,144.989990234375
2024-01-23,146.03282165527344
2024-01-24,147.68142700195312
2024-01-25,150.82969665527344
2024-01-26,151.14752197265625
2024-01-29,152.45846557617188
2024-01-30,150.4225311279297
2024-01-31,139.1403350830078
2024-02-01,140.19308471679688
2024-02-02,141.4047088623047
2024-02-05,142.69580078125
2024-02-06,143.11294555664062
2024-02-07,144.54307556152344
2024-02-08,144.91053771972656
2024-02-09,147.97938537597656
2024-02-12,146.51943969726562
2024-02-13,144.1458282470703
2024-02-14,144.94032287597656
2024-02-15,141.7920684814453
2024-02-16,139.55746459960938
2024-02-20,140.15335083007812
2024-02-21,141.5735321044922
2024-02-22,143.10299682617188
2024-02-23,142.97390747070312
2024-02-26,136.627685546875
2024-02-27,137.92868041992188
2024-02-28,135.44581604003906
2024-02-29,137.5115966796875
2024-03-01,136.20062255859375
2024-03-04,132.4365997314453
2024-03-05,131.76123046875
2024-03-06,130.4999237060547
2024-03-07,133.4595184326172
2024-03-08,134.4824676513672
2024-03-11,136.72698974609375
2024-03-12,137.55128479003906
2024-03-13,138.83245849609375
2024-03-14,142.1197967529297
2024-03-15,140.2129364013672
2024-03-18,146.6684112548828
2024-03-19,146.02284240722656
2024-03-20,147.72116088867188
2024-03-21,146.58897399902344
2024-03-22,149.7372589111328
2024-03-25,149.04205322265625
2024-03-26,149.63790893554688
2024-03-27,149.8365478515625
2024-03-28,149.89614868164062
2024-04-01,154.42494201660156
2024-04-02,153.50128173828125
2024-04-03,153.85882568359375
2024-04-04,149.4989013671875
2024-04-05,151.4553985595703
2024-04-08,153.789306640625
2024-04-09,155.52731323242188
2024-04-10,155.0704803466797
2024-04-11,158.3180694580078
2024-04-12,156.64956665039062
2024-04-15,153.79922485351562
2024-04-16,153.34237670898438
2024-04-17,154.40505981445312
2024-04-18,154.9413604736328
2024-04-19,153.0345001220703
2024-04-22,155.20950317382812
2024-04-23,157.1759490966797
2024-04-24,158.0399932861328
2024-04-25,154.93142700195312
2024-04-26,170.7721710205078
2024-04-29,165.01190185546875
2024-04-30,161.66497802734375
2024-05-01,162.7375946044922
2024-05-02,165.47866821289062
2024-05-03,166.0944366455078
2024-05-06,166.9485626220703
2024-05-07,170.07696533203125
2024-05-08,168.21978759765625
2024-05-09,168.79579162597656
2024-05-10,167.49476623535156
2024-05-13,167.98143005371094
2024-05-14,169.17320251464844
2024-05-15,171.32833862304688
2024-05-16,172.98687744140625
2024-05-17,174.85400390625
2024-05-20,175.70811462402344
2024-05-21,176.63177490234375
2024-05-22,175.17184448242188
2024-05-23,172.36122131347656
2024-05-24,173.79135131835938
2024-05-28,175.19166564941406
2024-05-29,174.6951141357422
2024-05-30,170.9310760498047
2024-05-31,171.3184051513672
2024-06-03,171.98379516601562
2024-06-04,172.5995635986328
2024-06-05,174.2084503173828
2024-06-06,175.51942443847656
2024-06-07,173.2649688720703
2024-06-10,174.0106964111328
2024-06-11,175.6114959716797
2024-06-12,176.77481079101562
2024-06-13,174.1598358154297
2024-06-14,175.78053283691406
2024-06-17,176.22796630859375
2024-06-18,174.09024047851562
2024-06-20,175.29331970214844
2024-06-21,178.60430908203125
2024-06-24,178.19664001464844
2024-06-25,182.97918701171875
2024-06-26,182.83004760742188
2024-06-27,184.35130310058594
2024-06-28,181.1099090576172
2024-07-01,181.94512939453125
2024-07-02,184.18228149414062
2024-07-03,184.7589569091797
2024-07-05,189.51170349121094
2024-07-08,187.9506378173828
2024-07-09,187.90093994140625
2024-07-10,190.08834838867188
2024-07-11,184.51039123535156
2024-07-12,184.01324462890625
2024-07-15,185.46490478515625
2024-07-16,182.86981201171875
2024-07-17,179.9863739013672
2024-07-18,176.67538452148438
2024-07-19,176.6455535888672
2024-07-22,180.63265991210938
2024-07-23,180.751953125
2024-07-24,171.644287109375
2024-07-25,166.3248291015625
2024-07-26,166.04641723632812
2024-07-29,168.5619659423828
2024-07-30,169.31764221191406
2024-07-31,170.5605010986328
2024-08-01,169.7849578857422
2024-08-02,165.70838928222656
2024-08-05,158.3406982421875
2024-08-06,157.38616943359375
2024-08-07,158.03245544433594
2024-08-08,161.10479736328125
2024-08-09,162.73544311523438
2024-08-12,161.36331176757812
2024-08-13,163.22264099121094
2024-08-14,159.45425415039062
2024-08-15,160.3789825439453
2024-08-16,162.0294952392578
2024-08-19,165.71832275390625
2024-08-20,166.22540283203125
2024-08-21,164.90301513671875
2024-08-22,162.86468505859375
2024-08-23,164.67430114746094
2024-08-26,165.2112274169922
2024-08-27,163.7396697998047
2024-08-28,161.92013549804688
2024-08-29,160.85623168945312
2024-08-30,162.44711303710938
2024-09-03,156.4614715576172
2024-09-04,155.55665588378906
2024-09-05,156.3421630859375
2024-09-06,150.05824279785156
2024-09-09,148.05706787109375
2024-09-10,148.0072784423828
2024-09-11,150.49630737304688
2024-09-12,154.0108184814453
2024-09-13,156.76864624023438
2024-09-16,157.3660125732422
2024-09-17,158.6204833984375
2024-09-18,159.10833740234375
2024-09-19,161.42811584472656
2024-09-20,162.87173461914062
2024-09-23,161.13938903808594
2024-09-24,161.5774383544922
2024-09-25,160.7809600830078
2024-09-26,162.0155029296875
2024-09-27,163.23016357421875
2024-09-30,165.121826171875
2024-10-01,166.25680541992188
2024-10-02,165.13177490234375
2024-10-03,165.13177490234375
2024-10-04,166.32650756835938
2024-10-07,162.264404296875
2024-10-08,163.65829467773438
2024-10-09,161.1493377685547
2024-10-10,161.3683624267578
2024-10-11,162.5232696533203
2024-10-14,164.23573303222656
2024-10-15,164.7335205078125
2024-10-16,164.43484497070312
2024-10-17,162.21461486816406
2024-10-18,162.70248413085938
2024-10-21,163.34963989257812
2024-10-22,164.41493225097656
2024-10-23,162.06529235839844
2024-10-24,162.00555419921875
2024-10-25,164.5443572998047
2024-10-28,165.9879913330078
2024-10-29,168.9349822998047
2024-10-30,173.69400024414062
2024-10-31,170.3587188720703
2024-11-01,170.5379180908203
2024-11-04,168.49693298339844
2024-11-05,168.99473571777344
2024-11-06,175.73501586914062
2024-11-07,179.95640563964844
2024-11-08,177.56692504882812
2024-11-11,179.5581512451172
2024-11-12,180.8225555419922
2024-11-13,178.0946044921875
2024-11-14,174.80908203125
2024-11-15,171.73265075683594
2024-11-18,174.5303192138672
2024-11-19,177.3379364013672
2024-11-20,175.2073211669922
2024-11-21,166.8939971923828
2024-11-22,164.03659057617188
2024-11-25,166.9138946533203
2024-11-26,168.37744140625
2024-11-27,168.4869842529297
2024-11-29,168.2082061767578
2024-12-02,170.737060546875
2024-12-03,170.5876922607422
2024-12-04,173.60440063476562
2024-12-05,171.88198852539062
2024-12-06,173.9429168701172
2024-12-09,174.8001251220703
2024-12-10,184.56826782226562
2024-12-11,194.76502990722656
2024-12-12,191.33621215820312
2024-12-13,189.2031707763672
2024-12-16,196.02093505859375
2024-12-17,194.7849578857422
2024-12-18,187.7877655029297
2024-12-19,187.8974151611328
2024-12-20,190.78799438476562
2024-12-23,193.99754333496094
2024-12-24,195.47271728515625
2024-12-26,194.96438598632812
2024-12-27,192.1335906982422
2024-12-30,190.61856079101562
2024-12-31,188.68484497070312
2025-01-02,188.81443786621094
2025-01-03,191.166748046875
2025-01-06,196.23023986816406
2025-01-07,194.85475158691406
2025-01-08,193.31973266601562
2025-01-10,191.4159393310547
2025-01-13,190.38929748535156
2025-01-14,189.04368591308594
2025-01-15,194.91455078125
2025-01-16,192.2831268310547
2025-01-17,195.3630828857422
2025-01-21,197.4064178466797
2025-01-22,197.72537231445312
2025-01-23,197.33665466308594
2025-01-24,199.5594024658203
2025-01-27,191.1866912841797
2025-01-28,194.6653594970703
2025-01-29,194.77499389648438
2025-01-30,200.21725463867188
2025-01-31,203.35702514648438
2025-02-03,200.57608032226562
2025-02-04,205.7093505859375
2025-02-05,190.708251953125
2025-02-06,190.9773712158203
2025-02-07,184.7377166748047
2025-02-10,185.86404418945312
2025-02-11,184.71778869628906
2025-02-12,183.01333618164062
2025-02-13,185.5351104736328
2025-02-14,184.62806701660156
2025-02-18,183.17282104492188
2025-02-19,184.66795349121094
2025-02-20,183.9602508544922
2025-02-21,179.076171875
2025-02-24,178.66751098632812
2025-02-25,174.84996032714844
2025-02-26,172.16867065429688
2025-02-27,167.9524383544922
2025-02-28,169.72665405273438
2025-03-03,166.46726989746094
2025-03-04,170.3645782470703
2025-03-05,172.45777893066406
2025-03-06,171.78994750976562
2025-03-07,173.29501342773438
2025-03-10,165.52139282226562
2025-03-11,163.6952362060547
2025-03-12,166.75880432128906
2025-03-13,162.4179229736328
2025-03-14,165.14219665527344
2025-03-17,163.94471740722656
2025-03-18,160.33233642578125
2025-03-19,163.54556274414062
2025-03-20,162.45785522460938
2025-03-21,163.64535522460938
2025-03-24,167.3275909423828
2025-03-25,170.20155334472656
2025-03-26,164.71310424804688
2025-03-27,161.89903259277344
2025-03-28,154.00564575195312
2025-03-31,154.31500244140625
2025-04-01,156.7399139404297
2025-04-02,156.70994567871094
2025-04-03,150.40322875976562
2025-04-04,145.29400634765625
2025-04-07,146.44158935546875
2025-04-08,144.39588928222656
2025-04-09,158.37646484375
2025-04-10,152.4988250732422
2025-04-11,156.8097381591797
2025-04-14,158.73568725585938
2025-04-15,155.9814910888672
2025-04-16,153.0077667236328
2025-04-17,150.84231567382812
2025-04-21,147.35964965820312
2025-04-22,151.15167236328125
2025-04-23,155.0235137939453
2025-04-24,158.94525146484375
2025-04-25,161.61961364746094
2025-04-28,160.27244567871094
2025-04-29,159.8234100341797
2025-04-30,158.4662628173828
2025-05-01,160.9610137939453
2025-05-02,163.68527221679688
2025-05-05,163.86488342285156
2025-05-06,162.88694763183594
2025-05-07,151.06185913085938
2025-05-08,153.95574951171875
2025-05-09,152.42898559570312
2025-05-12,158.12698364257812
2025-05-13,159.19473266601562
2025-05-14,165.02244567871094
2025-05-15,163.61541748046875
2025-05-16,165.84072875976562
2025-05-19,166.1899871826172
2025-05-20,163.63536071777344
2025-05-21,168.20574951171875
2025-05-22,170.51087951660156
2025-05-23,168.11593627929688
2025-05-27,172.53662109375
2025-05-28,171.9977569580078
2025-05-29,171.49880981445312
2025-05-30,171.37905883789062
2025-06-02,168.6747589111328
2025-06-03,165.8307342529297
2025-06-04,167.6968231201172
2025-06-05,167.8564910888672
2025-06-06,173.3149871826172
2025-06-09,175.93264770507812
2025-06-10,178.44041442871094
2025-06-11,177.1915283203125
2025-06-12,175.54299926757812
2025-06-13,174.513916015625
2025-06-16,176.61204528808594
2025-06-17,175.7927703857422
2025-06-18,173.16513061523438
2025-06-20,166.4910888671875
2025-06-23,165.04238891601562
2025-06-24,166.62098693847656
2025-06-25,170.52748107910156
2025-06-26,173.38491821289062
2025-06-27,178.37046813964844
2025-06-30,176.07252502441406
2025-07-01,175.682861328125
2025-07-02,178.48036193847656
2025-07-03,179.36956787109375
2025-07-07,176.63201904296875
2025-07-08,174.20419311523438
2025-07-09,176.46217346191406
2025-07-10,177.46127319335938
2025-07-11,180.02899169921875
2025-07-14,181.3977508544922
2025-07-15,181.83737182617188
2025-07-16,182.80650329589844
2025-07-17,183.41595458984375
2025-07-18,184.89462280273438
2025-07-21,189.9301300048828
2025-07-22,191.1690216064453
2025-07-23,190.0600128173828
2025-07-24,191.99827575683594
2025-07-25,193.0073699951172
2025-07-28,192.4079132080078
2025-07-29,195.5750732421875
2025-07-30,196.35438537597656
2025-07-31,191.728515625
2025-08-01,188.96099853515625
2025-08-04,194.86570739746094
2025-08-05,194.4960479736328
2025-08-06,195.91476440429688
2025-08-07,196.34439086914062
2025-08-08,201.24000549316406
2025-08-11,200.8203887939453
2025-08-12,203.15829467773438
2025-08-13,201.779541015625
2025-08-14,202.75865173339844
2025-08-15,203.71778869628906
2025-08-18,203.3181610107422
2025-08-19,201.389892578125
2025-08-20,199.1418914794922
2025-08-21,199.57150268554688
2025-08-22,205.9058380126953
2025-08-25,208.30369567871094
2025-08-26,206.95489501953125
2025-08-27,207.29458618164062
2025-08-28,211.4508819580078
2025-08-29,212.71974182128906
2025-09-02,211.16114807128906
2025-09-03,230.45388793945312
2025-09-04,232.09242248535156
2025-09-05,234.79000854492188
2025-09-08,234.0399932861328
2025-09-09,239.6300048828125
2025-09-10,239.1699981689453
2025-09-11,240.3699951171875
2025-09-12,240.8000030517578
2025-09-15,251.61000061035156
2025-09-16,251.16000366210938
2025-09-17,249.52999877929688
2025-09-18,252.02999877929688
2025-09-19,254.72000122070312
2025-09-22,252.52999877929688
2025-09-23,251.66000366210938
2025-09-24,247.13999938964844
2025-09-25,245.7899932861328
2025-09-26,246.5399932861328
2025-09-29,244.0500030517578
2025-09-30,243.10000610351562
2025-10-01,244.89999389648438
2025-10-02,245.69000244140625
2025-10-03,245.35000610351562
2025-10-06,250.42999267578125
2025-10-07,245.75999450683594
2025-10-08,244.6199951171875
2025-10-09,241.52999877929688
2025-10-10,236.57000732421875
2025-10-13,244.14999389648438
2025-10-14,245.4499969482422
2025-10-15,251.02999877929688
2025-10-16,251.4600067138672
2025-10-17,253.3000030517578
2025-10-20,256.54998779296875
2025-10-21,250.4600067138672
2025-10-22,251.69000244140625
2025-10-23,253.0800018310547
2025-10-24,259.9200134277344
2025-10-27,269.2699890136719
2025-10-28,267.4700012207031
2025-10-29,274.57000732421875
2025-10-30,281.4800109863281
2025-10-31,281.19000244140625
2025-11-03,283.7200012207031
2025-11-04,277.5400085449219
2025-11-05,284.30999755859375
2025-11-06,284.75
2025-11-07,278.8299865722656
2025-11-10,290.1000061035156
2025-11-11,291.30999755859375
2025-11-12,286.7099914550781
2025-11-13,278.57000732421875
2025-11-14,276.4100036621094
2025-11-17,285.0199890136719
2025-11-18,284.2799987792969
2025-11-19,292.80999755859375
2025-11-20,289.45001220703125
2025-11-21,299.6600036621094
2025-11-24,318.5799865722656
2025-11-25,323.44000244140625
2025-11-26,319.95001220703125
2025-11-28,320.17999267578125
2025-12-01,314.8900146484375
2025-12-02,315.80999755859375
2025-12-03,319.6300048828125
2025-12-04,317.6199951171875
