date,close
2010-12-09,14.557373046875
2010-12-10,14.624120712280273
2010-12-13,14.350462913513184
2010-12-14,14.330436706542969
2010-12-15,14.203618049621582
2010-12-16,14.216968536376953
2010-12-17,14.323760986328125
2010-12-20,14.170248985290527
2010-12-21,14.083476066589355
2010-12-22,13.943307876586914
2010-12-23,13.909934997558594
2010-12-27,13.909934997558594
2010-12-28,13.93663501739502
2010-12-29,13.97668170928955
2010-12-30,14.030077934265137
2010-12-31,14.036758422851562
2011-01-03,13.916609764099121
2011-01-04,14.116847038269043
2011-01-05,13.97668170928955
2011-01-06,13.863214492797852
2011-01-07,13.789788246154785
2011-01-10,13.80981731414795
2011-01-11,14.050098419189453
2011-01-12,14.216968536376953
2011-01-13,14.210290908813477
2011-01-14,14.070121765136719
2011-01-18,14.070121765136719
2011-01-19,14.023407936096191
2011-01-20,13.983358383178711
2011-01-21,13.896589279174805
2011-01-24,14.176919937133789
2011-01-25,14.383831977844238
2011-01-26,14.517327308654785
2011-01-27,14.517327308654785
2011-01-28,14.323760986328125
2011-01-31,14.323760986328125
2011-02-01,14.33710765838623
2011-02-02,14.390510559082031
2011-02-03,14.51907730102539
2011-02-04,14.593116760253906
2011-02-07,14.599849700927734
2011-02-08,14.566194534301758
2011-02-09,14.445032119750977
2011-02-10,14.673893928527832
2011-02-11,14.646964073181152
2011-02-14,14.51907730102539
2011-02-15,14.438299179077148
2011-02-16,14.640236854553223
2011-02-17,14.788314819335938
2011-02-18,14.902749061584473
2011-02-22,14.680620193481445
2011-02-23,14.236366271972656
2011-02-24,14.33060359954834
2011-02-25,14.714278221130371
2011-02-28,14.451765060424805
2011-03-01,14.397916793823242
2011-03-02,14.465225219726562
2011-03-03,14.667158126831055
2011-03-04,14.512346267700195
2011-03-07,14.276745796203613
2011-03-08,14.222908973693848
2011-03-09,14.270024299621582
2011-03-10,13.994051933288574
2011-03-11,14.047896385192871
2011-03-14,14.027702331542969
2011-03-15,13.583447456359863
2011-03-16,13.334397315979004
2011-03-17,13.394972801208496
2011-03-18,13.415163040161133
2011-03-21,13.590171813964844
2011-03-22,13.563254356384277
2011-03-23,13.657485961914062
2011-03-24,13.718066215515137
2011-03-25,13.711339950561523
2011-03-28,13.69113826751709
2011-03-29,13.650757789611816
2011-03-30,13.771919250488281
2011-03-31,13.583447456359863
2011-04-01,13.273816108703613
2011-04-04,13.118998527526855
2011-04-05,13.267085075378418
2011-04-06,13.428629875183105
2011-04-07,13.482474327087402
2011-04-08,13.475746154785156
2011-04-11,13.543061256408691
2011-04-12,13.300741195678711
2011-04-13,13.314200401306152
2011-04-14,13.179576873779297
2011-04-15,13.2940034866333
2011-04-18,13.206497192382812
2011-04-19,13.368048667907715
2011-04-20,14.411380767822266
2011-04-21,14.445032119750977
2011-04-25,14.768122673034668
2011-04-26,15.131611824035645
2011-04-27,15.232571601867676
2011-04-28,15.34700870513916
2011-04-29,15.582595825195312
2011-05-02,15.42104721069336
2011-05-03,15.636445999145508
2011-05-04,15.94240665435791
2011-05-05,16.017026901245117
2011-05-06,15.772806167602539
2011-05-09,15.440387725830078
2011-05-10,15.623553276062012
2011-05-11,15.881348609924316
2011-05-12,16.084863662719727
2011-05-13,15.881348609924316
2011-05-16,16.03738021850586
2011-05-17,15.976320266723633
2011-05-18,16.200197219848633
2011-05-19,15.969539642333984
2011-05-20,15.752448081970215
2011-05-23,15.508225440979004
2011-05-24,15.338628768920898
2011-05-25,15.386113166809082
2011-05-26,15.263999938964844
2011-05-27,15.067261695861816
2011-05-31,15.270785331726074
2011-06-01,14.924811363220215
2011-06-02,14.985854148864746
2011-06-03,14.741633415222168
2011-06-06,14.809471130371094
2011-06-07,14.96550464630127
2011-06-08,14.80268669128418
2011-06-09,14.761988639831543
2011-06-10,14.504189491271973
2011-06-13,14.510976791381836
2011-06-14,14.80268669128418
2011-06-15,14.531329154968262
2011-06-16,14.531329154968262
2011-06-17,14.3753023147583
2011-06-20,14.47027587890625
2011-06-21,14.687362670898438
2011-06-22,14.5177640914917
2011-06-23,14.728063583374023
2011-06-24,14.38208293914795
2011-06-27,14.477058410644531
2011-06-28,14.57882022857666
2011-06-29,14.510976791381836
2011-06-30,15.033342361450195
2011-07-01,15.284356117248535
2011-07-05,15.223297119140625
2011-07-06,15.433601379394531
2011-07-07,15.759233474731445
2011-07-08,15.664258003234863
2011-07-11,15.501442909240723
2011-07-12,15.230082511901855
2011-07-13,15.25043773651123
2011-07-14,15.107977867126465
2011-07-15,15.175814628601074
2011-07-18,15.114753723144531
2011-07-19,15.643908500671387
2011-07-20,15.596416473388672
2011-07-21,15.474302291870117
2011-07-22,15.69139575958252
2011-07-25,15.623553276062012
2011-07-26,15.535364151000977
2011-07-27,15.284356117248535
2011-07-28,15.297924995422363
2011-07-29,15.148676872253418
2011-08-01,15.087617874145508
2011-08-02,14.73485279083252
2011-08-03,14.940359115600586
2011-08-04,14.282733917236328
2011-08-05,14.241632461547852
2011-08-08,13.7758207321167
2011-08-09,14.111475944519043
2011-08-10,13.652511596679688
2011-08-11,14.221083641052246
2011-08-12,14.14572811126709
2011-08-15,14.310136795043945
2011-08-16,14.241632461547852
2011-08-17,14.159427642822266
2011-08-18,13.5429105758667
2011-08-19,13.145594596862793
2011-08-22,13.27574634552002
2011-08-23,13.501811027526855
2011-08-24,13.563462257385254
2011-08-25,13.30315113067627
2011-08-26,13.5429105758667
2011-08-29,13.90597152709961
2011-08-30,13.864871978759766
2011-08-31,13.789515495300293
2011-09-01,13.69361686706543
2011-09-02,13.45386028289795
2011-09-06,13.385351181030273
2011-09-07,13.755264282226562
2011-09-08,13.631962776184082
2011-09-09,13.494956970214844
2011-09-12,13.892269134521484
2011-09-13,14.221083641052246
2011-09-14,14.467690467834473
2011-09-15,14.755398750305176
2011-09-16,15.04996109008789
2011-09-19,15.022554397583008
2011-09-20,15.207521438598633
2011-09-21,15.029407501220703
2011-09-22,14.810210227966309
2011-09-23,15.180115699768066
2011-09-26,15.23491382598877
2011-09-27,15.440421104431152
2011-09-28,15.282867431640625
2011-09-29,15.21436882019043
2011-09-30,14.61839771270752
2011-10-03,14.125177383422852
2011-10-04,14.536192893981934
2011-10-05,14.967756271362305
2011-10-06,15.091064453125
2011-10-07,15.269172668457031
2011-10-10,15.673328399658203
2011-10-11,15.74868392944336
2011-10-12,15.837738037109375
2011-10-13,16.0226993560791
2011-10-14,16.098047256469727
2011-10-17,15.947345733642578
2011-10-18,16.02954864501953
2011-10-19,16.604969024658203
2011-10-20,16.173398971557617
2011-10-21,16.461111068725586
2011-10-24,16.844722747802734
2011-10-25,16.87212371826172
2011-10-26,16.920074462890625
2011-10-27,17.214630126953125
2011-10-28,17.111881256103516
2011-10-31,16.810474395751953
2011-11-01,16.372053146362305
2011-11-02,16.33780288696289
2011-11-03,16.724822998046875
2011-11-04,16.406919479370117
2011-11-07,16.78011703491211
2011-11-08,17.104934692382812
2011-11-09,16.476022720336914
2011-11-10,16.628068923950195
2011-11-11,17.174041748046875
2011-11-14,17.022001266479492
2011-11-15,17.5126895904541
2011-11-16,17.236249923706055
2011-11-17,16.821584701538086
2011-11-18,16.787023544311523
2011-11-21,16.289424896240234
2011-11-22,16.061365127563477
2011-11-23,15.68815803527832
2011-11-25,15.708901405334473
2011-11-28,16.21340560913086
2011-11-29,16.296342849731445
2011-11-30,17.215511322021484
2011-12-01,17.222423553466797
2011-12-02,17.028911590576172
2011-12-05,17.284626007080078
2011-12-06,17.51960563659668
2011-12-07,17.73383903503418
2011-12-08,17.077289581298828
2011-12-09,17.284626007080078
2011-12-12,16.586605072021484
2011-12-13,16.282520294189453
2011-12-14,16.1097354888916
2011-12-15,16.1097354888916
2011-12-16,16.054454803466797
2011-12-19,15.964604377746582
2011-12-20,16.476022720336914
2011-12-21,16.36545181274414
2011-12-22,16.600421905517578
2011-12-23,16.863039016723633
2011-12-27,16.9736270904541
2011-12-28,16.745559692382812
2011-12-29,16.966711044311523
2011-12-30,16.75937843322754
2012-01-03,16.959808349609375
2012-01-04,17.353731155395508
2012-01-05,17.55415916442871
2012-01-06,17.450490951538086
2012-01-09,17.60253143310547
2012-01-10,17.685466766357422
2012-01-11,17.830602645874023
2012-01-12,17.796051025390625
2012-01-13,17.37446403503418
2012-01-17,17.305362701416016
2012-01-18,17.547245025634766
2012-01-19,17.713106155395508
2012-01-20,18.231447219848633
2012-01-23,18.45950698852539
2012-01-24,18.590810775756836
2012-01-25,18.590810775756836
2012-01-26,18.487154006958008
2012-01-27,18.47333335876465
2012-01-30,18.480243682861328
2012-01-31,18.259082794189453
2012-02-01,18.34893035888672
2012-02-02,18.307462692260742
2012-02-03,18.627910614013672
2012-02-06,18.613975524902344
2012-02-07,18.558250427246094
2012-02-08,18.70454216003418
2012-02-09,18.711509704589844
2012-02-10,18.600046157836914
2012-02-13,18.600046157836914
2012-02-14,18.655778884887695
2012-02-15,18.516448974609375
2012-02-16,18.69061279296875
2012-02-17,19.066789627075195
2012-02-21,18.92049789428711
2012-02-22,18.620954513549805
2012-02-23,18.572187423706055
2012-02-24,18.600046157836914
2012-02-27,18.732410430908203
2012-02-28,18.976224899291992
2012-02-29,18.725448608398438
2012-03-01,18.711509704589844
2012-03-02,18.753307342529297
2012-03-05,18.488590240478516
2012-03-06,18.537353515625
2012-03-07,18.746339797973633
2012-03-08,18.697572708129883
2012-03-09,18.85779571533203
2012-03-12,18.80207061767578
2012-03-13,19.150386810302734
2012-03-14,19.129484176635742
2012-03-15,19.331512451171875
2012-03-16,19.317575454711914
2012-03-19,19.324548721313477
2012-03-20,19.331512451171875
2012-03-21,19.35240936279297
2012-03-22,19.436002731323242
2012-03-23,19.422075271606445
2012-03-26,19.638031005859375
2012-03-27,19.638031005859375
2012-03-28,19.366348266601562
2012-03-29,19.61713218688965
2012-03-30,19.589265823364258
2012-04-02,19.7703857421875
2012-04-03,19.582294464111328
2012-04-04,19.4569034576416
2012-04-05,19.55443572998047
2012-04-09,19.33847999572754
2012-04-10,19.122528076171875
2012-04-11,19.401174545288086
2012-04-12,19.84004783630371
2012-04-13,19.568361282348633
2012-04-16,19.79129409790039
2012-04-17,19.83308982849121
2012-04-18,19.470842361450195
2012-04-19,19.289716720581055
2012-04-20,19.22701644897461
2012-04-23,19.122528076171875
2012-04-24,19.024995803833008
2012-04-25,19.40814208984375
2012-04-26,19.658931732177734
2012-04-27,19.7703857421875
2012-04-30,19.784324645996094
2012-05-01,20.167465209960938
2012-05-02,20.327693939208984
2012-05-03,20.040002822875977
2012-05-04,19.576902389526367
2012-05-07,19.478660583496094
2012-05-08,19.205005645751953
2012-05-09,19.07870101928711
2012-05-10,19.113780975341797
2012-05-11,19.387441635131836
2012-05-14,18.95941925048828
2012-05-15,18.861183166503906
2012-05-16,18.594539642333984
2012-05-17,18.377023696899414
2012-05-18,18.292821884155273
2012-05-21,18.348955154418945
2012-05-22,18.26474952697754
2012-05-23,17.85076141357422
2012-05-24,17.998109817504883
2012-05-25,18.061264038085938
2012-05-29,18.30685806274414
2012-05-30,18.334917068481445
2012-05-31,18.13142967224121
2012-06-01,17.640256881713867
2012-06-04,17.570087432861328
2012-06-05,17.84375
2012-06-06,18.292821884155273
2012-06-07,18.201610565185547
2012-06-08,18.531391143798828
2012-06-11,18.23668098449707
2012-06-12,18.608579635620117
2012-06-13,18.622610092163086
2012-06-14,18.93134880065918
2012-06-15,19.1839542388916
2012-06-18,19.24009132385254
2012-06-19,19.30324363708496
2012-06-20,19.39445686340332
2012-06-21,18.741893768310547
2012-06-22,18.90328598022461
2012-06-25,18.27878761291504
2012-06-26,18.250722885131836
2012-06-27,18.398073196411133
2012-06-28,18.124420166015625
2012-06-29,18.699792861938477
2012-07-02,18.713836669921875
2012-07-03,18.847143173217773
2012-07-05,18.629627227783203
2012-07-06,18.355976104736328
2012-07-09,18.362985610961914
2012-07-10,17.93495750427246
2012-07-11,17.815677642822266
2012-07-12,17.359588623046875
2012-07-13,17.71744728088379
2012-07-16,17.63323402404785
2012-07-17,17.808656692504883
2012-07-18,18.391056060791016
2012-07-19,18.285802841186523
2012-07-20,17.90689468383789
2012-07-23,17.724458694458008
2012-07-24,17.549041748046875
2012-07-25,17.63323402404785
2012-07-26,17.892868041992188
2012-07-27,18.257734298706055
2012-07-30,18.07529640197754
2012-07-31,18.0331974029541
2012-08-01,18.19458770751953
2012-08-02,18.180551528930664
2012-08-03,18.566320419311523
2012-08-06,18.62294578552246
2012-08-07,18.757431030273438
2012-08-08,18.828208923339844
2012-08-09,18.898998260498047
2012-08-10,19.026405334472656
2012-08-13,18.891910552978516
2012-08-14,18.74327278137207
2012-08-15,18.594635009765625
2012-08-16,18.821142196655273
2012-08-17,18.637104034423828
2012-08-20,18.566320419311523
2012-08-21,18.481380462646484
2012-08-22,18.2123966217041
2012-08-23,17.7240047454834
2012-08-24,17.631986618041992
2012-08-27,17.582435607910156
2012-08-28,17.69568634033203
2012-08-29,17.462106704711914
2012-08-30,17.178972244262695
2012-08-31,17.57535743713379
2012-09-04,17.28514862060547
2012-09-05,17.263916015625
2012-09-06,17.766475677490234
2012-09-07,17.12234878540039
2012-09-10,16.46407127380371
2012-09-11,16.520694732666016
2012-09-12,16.414522171020508
2012-09-13,16.53485679626465
2012-09-14,16.54193115234375
2012-09-17,16.499460220336914
2012-09-18,16.54193115234375
2012-09-19,16.38620948791504
2012-09-20,16.40744400024414
2012-09-21,16.372053146362305
2012-09-24,16.138471603393555
2012-09-25,15.954436302185059
2012-09-26,16.03229331970215
2012-09-27,16.343738555908203
2012-09-28,16.039377212524414
2012-10-01,16.11016082763672
2012-10-02,16.166778564453125
2012-10-03,15.96151065826416
2012-10-04,15.904884338378906
2012-10-05,16.053529739379883
2012-10-08,15.933196067810059
2012-10-09,15.501420021057129
2012-10-10,15.402326583862305
2012-10-11,15.345701217651367
2012-10-12,15.204136848449707
2012-10-15,15.381092071533203
2012-10-16,15.819951057434082
2012-10-17,15.42356014251709
2012-10-18,15.338626861572266
2012-10-19,15.055493354797363
2012-10-22,15.189981460571289
2012-10-23,15.282003402709961
2012-10-24,15.189981460571289
2012-10-25,15.352782249450684
2012-10-26,15.53681755065918
2012-10-31,15.310312271118164
2012-11-01,15.756243705749512
2012-11-02,15.61467456817627
2012-11-05,15.618256568908691
2012-11-06,15.539593696594238
2012-11-07,14.953186988830566
2012-11-08,14.895975112915039
2012-11-09,14.874524116516113
2012-11-12,14.853075981140137
2012-11-13,14.502656936645508
2012-11-14,14.27381706237793
2012-11-15,14.323881149291992
2012-11-16,14.438297271728516
2012-11-19,14.481206893920898
2012-11-20,13.952019691467285
2012-11-21,13.84475326538086
2012-11-23,14.102198600769043
2012-11-26,14.223769187927246
2012-11-27,14.252374649047852
2012-11-28,14.36678695678711
2012-11-29,13.966320037841797
2012-11-30,13.994924545288086
2012-12-03,13.973466873168945
2012-12-04,14.280974388122559
2012-12-05,14.195159912109375
2012-12-06,14.416844367980957
2012-12-07,14.416844367980957
2012-12-10,14.359638214111328
2012-12-11,14.76725959777832
2012-12-12,14.781558990478516
2012-12-13,14.652836799621582
2012-12-14,14.681446075439453
2012-12-17,14.710047721862793
2012-12-18,14.988941192626953
2012-12-19,15.089061737060547
2012-12-20,15.039010047912598
2012-12-21,14.853075981140137
2012-12-24,14.760107040405273
2012-12-26,14.76725959777832
2012-12-27,14.667140007019043
2012-12-28,14.466906547546387
2012-12-31,14.745803833007812
2013-01-02,15.289290428161621
2013-01-03,15.246389389038086
2013-01-04,15.131969451904297
2013-01-07,15.196329116821289
2013-01-08,15.081910133361816
2013-01-09,15.339354515075684
2013-01-10,15.589646339416504
2013-01-11,15.732680320739746
2013-01-14,15.732680320739746
2013-01-15,15.6468505859375
2013-01-16,15.811338424682617
2013-01-17,16.218948364257812
2013-01-18,15.196329116821289
2013-01-22,15.139113426208496
2013-01-23,15.096209526062012
2013-01-24,14.981795310974121
2013-01-25,14.988941192626953
2013-01-28,15.05330753326416
2013-01-29,15.21778392791748
2013-01-30,15.282140731811523
2013-01-31,15.046158790588379
2013-02-01,15.274993896484375
2013-02-04,15.131969451904297
2013-02-05,15.309059143066406
2013-02-06,15.171722412109375
2013-02-07,15.041616439819336
2013-02-08,15.17895221710205
2013-02-11,15.200643539428711
2013-02-12,15.316290855407715
2013-02-13,15.359649658203125
2013-02-14,15.345195770263672
2013-02-15,15.265686988830566
2013-02-19,15.244002342224121
2013-02-20,14.98379135131836
2013-02-21,14.636845588684082
2013-02-22,14.759725570678711
2013-02-25,14.622391700744629
2013-02-26,14.875371932983398
2013-02-27,15.1283540725708
2013-02-28,15.092216491699219
2013-03-01,15.200643539428711
2013-03-04,15.374110221862793
2013-03-05,15.547585487365723
2013-03-06,15.721059799194336
2013-03-07,15.822248458862305
2013-03-08,15.598177909851074
2013-03-11,15.677691459655762
2013-03-12,15.641550064086914
2013-03-13,15.656004905700684
2013-03-14,15.648775100708008
2013-03-15,15.453615188598633
2013-03-18,15.366881370544434
2013-03-19,15.280141830444336
2013-03-20,15.309059143066406
2013-03-21,15.207868576049805
2013-03-22,15.417474746704102
2013-03-25,15.287371635437012
2013-03-26,15.735516548156738
2013-03-27,15.778878211975098
2013-03-28,15.786116600036621
2013-04-01,15.489762306213379
2013-04-02,15.51144027709961
2013-04-03,15.215091705322266
2013-04-04,15.280141830444336
2013-04-05,15.13558578491211
2013-04-08,15.244002342224121
2013-04-09,15.721059799194336
2013-04-10,16.08969497680664
2013-04-11,15.778878211975098
2013-04-12,15.670461654663086
2013-04-15,15.453615188598633
2013-04-16,15.843939781188965
2013-04-17,15.85115909576416
2013-04-18,16.075233459472656
2013-04-19,16.21979522705078
2013-04-22,16.537826538085938
2013-04-23,16.89923667907715
2013-04-24,17.101619720458984
2013-04-25,16.89923667907715
2013-04-26,16.91368293762207
2013-04-29,17.173900604248047
2013-04-30,17.31123161315918
2013-05-01,17.340145111083984
2013-05-02,17.4268856048584
2013-05-03,17.481599807739258
2013-05-06,17.445119857788086
2013-05-07,17.62022590637207
2013-05-08,17.69319725036621
2013-05-09,17.77345085144043
2013-05-10,17.875595092773438
2013-05-13,17.56915855407715
2013-05-14,17.39405059814453
2013-05-15,17.65671157836914
2013-05-16,17.467016220092773
2013-05-17,17.539968490600586
2013-05-20,17.56915855407715
2013-05-21,17.62022590637207
2013-05-22,17.561859130859375
2013-05-23,17.54726791381836
2013-05-24,17.45241355895996
2013-05-28,17.56915855407715
2013-05-29,17.70778465270996
2013-05-30,17.663999557495117
2013-05-31,17.715084075927734
2013-06-03,18.41551971435547
2013-06-04,18.503061294555664
2013-06-05,18.02152442932129
2013-06-06,17.985036849975586
2013-06-07,17.941261291503906
2013-06-10,18.247697830200195
2013-06-11,18.02881622314453
2013-06-12,17.846410751342773
2013-06-13,18.23311424255371
2013-06-14,18.182037353515625
2013-06-17,18.313365936279297
2013-06-18,18.58331871032715
2013-06-19,18.240400314331055
2013-06-20,17.6494140625
2013-06-21,17.65671157836914
2013-06-24,17.204347610473633
2013-06-25,17.423234939575195
2013-06-26,17.518083572387695
2013-06-27,17.54726791381836
2013-06-28,17.678600311279297
2013-07-01,17.4305362701416
2013-07-02,17.30649757385254
2013-07-03,17.335678100585938
2013-07-05,17.554563522338867
2013-07-08,16.919797897338867
2013-07-09,16.88332176208496
2013-07-10,16.963577270507812
2013-07-11,17.503490447998047
2013-07-12,17.43782615661621
2013-07-15,17.467016220092773
2013-07-16,17.69319725036621
2013-07-17,17.62022590637207
2013-07-18,16.956281661987305
2013-07-19,16.81035614013672
2013-07-22,16.613359451293945
2013-07-23,16.598764419555664
2013-07-24,16.7300968170166
2013-07-25,16.824951171875
2013-07-26,16.970870971679688
2013-07-29,16.956281661987305
2013-07-30,17.05843162536621
2013-07-31,17.029239654541016
2013-08-01,16.927091598510742
2013-08-02,16.941688537597656
2013-08-05,16.886432647705078
2013-08-06,16.798019409179688
2013-08-07,16.724349975585938
2013-08-08,16.5401554107666
2013-08-09,16.584360122680664
2013-08-12,16.68014144897461
2013-08-13,16.591724395751953
2013-08-14,16.628568649291992
2013-08-15,16.230716705322266
2013-08-16,16.142303466796875
2013-08-19,16.414905548095703
2013-08-20,16.591724395751953
2013-08-21,16.33386993408203
2013-08-22,16.40017318725586
2013-08-23,16.532793045043945
2013-08-26,16.407541275024414
2013-08-27,16.348596572875977
2013-08-28,16.42227554321289
2013-08-29,16.25282096862793
2013-08-30,16.193878173828125
2013-09-03,16.26018714904785
2013-09-04,16.68014144897461
2013-09-05,16.650665283203125
2013-09-06,16.702245712280273
2013-09-09,16.879064559936523
2013-09-10,16.930635452270508
2013-09-11,16.805389404296875
2013-09-12,16.672773361206055
2013-09-13,17.269542694091797
2013-09-16,17.23270606994629
2013-09-17,17.490571975708008
2013-09-18,17.608448028564453
2013-09-19,17.615821838378906
2013-09-20,17.51267433166504
2013-09-23,17.402158737182617
2013-09-24,17.461097717285156
2013-09-25,17.461097717285156
2013-09-26,17.247438430786133
2013-09-27,16.930635452270508
2013-09-30,16.886432647705078
2013-10-01,16.82012176513672
2013-10-02,16.86433219909668
2013-10-03,16.650665283203125
2013-10-04,16.805389404296875
2013-10-07,16.82012176513672
2013-10-08,16.562257766723633
2013-10-09,16.6433048248291
2013-10-10,17.01904296875
2013-10-11,17.13692855834961
2013-10-14,17.276914596557617
2013-10-15,17.23270606994629
2013-10-16,17.461097717285156
2013-10-17,17.623188018798828
2013-10-18,17.59370994567871
2013-10-21,17.785274505615234
2013-10-22,17.733699798583984
2013-10-23,17.490571975708008
2013-10-24,17.520044326782227
2013-10-25,17.858945846557617
2013-10-28,17.94736099243164
2013-10-29,18.06524085998535
2013-10-30,18.050504684448242
2013-10-31,18.02840232849121
2013-11-01,17.92525291442871
2013-11-04,17.873682022094727
2013-11-05,17.869962692260742
2013-11-06,18.033571243286133
2013-11-07,17.89227294921875
2013-11-08,17.914587020874023
2013-11-11,17.974077224731445
2013-11-12,18.16742706298828
2013-11-13,18.293853759765625
2013-11-14,18.13768196105957
2013-11-15,18.234357833862305
2013-11-18,18.293853759765625
2013-11-19,18.368215560913086
2013-11-20,18.26410484313965
2013-11-21,18.762344360351562
2013-11-22,17.7509822845459
2013-11-25,17.6617488861084
2013-11-26,17.58737564086914
2013-11-27,17.773284912109375
2013-11-29,17.728675842285156
2013-12-02,17.62455940246582
2013-12-03,17.513010025024414
2013-12-04,17.654308319091797
2013-12-05,18.041004180908203
2013-12-06,18.45745086669922
2013-12-09,18.539249420166016
2013-12-10,18.45745086669922
2013-12-11,18.159990310668945
2013-12-12,18.197175979614258
2013-12-13,18.063310623168945
2013-12-16,18.182296752929688
2013-12-17,18.338459014892578
2013-12-18,18.70285415649414
2013-12-19,18.695419311523438
2013-12-20,18.635923385620117
2013-12-23,18.829275131225586
2013-12-24,18.911081314086914
2013-12-26,19.111865997314453
2013-12-27,19.037500381469727
2013-12-30,19.223411560058594
2013-12-31,19.30521011352539
2014-01-02,19.17879295349121
2014-01-03,19.171361923217773
2014-01-06,18.933387756347656
2014-01-07,19.030061721801758
2014-01-08,18.911081314086914
2014-01-09,18.821840286254883
2014-01-10,18.985448837280273
2014-01-13,18.96314239501953
2014-01-14,19.71422576904297
2014-01-15,19.833208084106445
2014-01-16,19.736534118652344
2014-01-17,19.223411560058594
2014-01-21,19.030061721801758
2014-01-22,18.821840286254883
2014-01-23,18.68798828125
2014-01-24,18.45001792907715
2014-01-27,18.383085250854492
2014-01-28,18.51694107055664
2014-01-29,18.353336334228516
2014-01-30,18.397958755493164
2014-01-31,18.249229431152344
2014-02-03,17.81047248840332
2014-02-04,17.713796615600586
2014-02-05,17.657489776611328
2014-02-06,18.010343551635742
2014-02-07,18.17550277709961
2014-02-10,18.235567092895508
2014-02-11,18.370702743530273
2014-02-12,18.43075942993164
2014-02-13,18.54336929321289
2014-02-14,18.588411331176758
2014-02-18,18.588411331176758
2014-02-19,18.39322280883789
2014-02-20,18.573396682739258
2014-02-21,18.333160400390625
2014-02-24,18.490814208984375
2014-02-25,18.48331069946289
2014-02-26,18.618446350097656
2014-02-27,18.588411331176758
2014-02-28,18.588411331176758
2014-03-03,18.39322280883789
2014-03-04,18.475801467895508
2014-03-05,18.39322280883789
2014-03-06,18.490814208984375
2014-03-07,18.49833106994629
2014-03-10,18.648475646972656
2014-03-11,18.56589126586914
2014-03-12,18.588411331176758
2014-03-13,18.445777893066406
2014-03-14,18.39322280883789
2014-03-17,18.54336929321289
2014-03-18,18.63345718383789
2014-03-19,18.78360366821289
2014-03-20,19.09141731262207
2014-03-21,18.896223068237305
2014-03-24,18.858686447143555
2014-03-25,19.113937377929688
2014-03-26,19.053874969482422
2014-03-27,19.001319885253906
2014-03-28,19.234060287475586
2014-03-31,19.376691818237305
2014-04-01,19.51182746887207
2014-04-02,19.43675422668457
2014-04-03,19.827138900756836
2014-04-04,19.63945770263672
2014-04-07,19.88719940185547
2014-04-08,20.202516555786133
2014-04-09,20.25506591796875
2014-04-10,19.842159271240234
2014-04-11,19.65447425842285
2014-04-14,19.939754486083984
2014-04-15,20.097412109375
2014-04-16,20.217529296875
2014-04-17,20.30011558532715
2014-04-21,20.232547760009766
2014-04-22,20.149961471557617
2014-04-23,20.082395553588867
2014-04-24,20.082395553588867
2014-04-25,19.714536666870117
2014-04-28,19.76708221435547
2014-04-29,19.879697799682617
2014-04-30,20.0373477935791
2014-05-01,19.8571720123291
2014-05-02,19.827138900756836
2014-05-05,19.815784454345703
2014-05-06,19.838499069213867
2014-05-07,19.967226028442383
2014-05-08,19.944507598876953
2014-05-09,19.914213180541992
2014-05-12,19.967226028442383
2014-05-13,20.027799606323242
2014-05-14,19.93693733215332
2014-05-15,19.694629669189453
2014-05-16,19.55076789855957
2014-05-19,19.717348098754883
2014-05-20,19.717348098754883
2014-05-21,19.838499069213867
2014-05-22,19.800640106201172
2014-05-23,19.90664291381836
2014-05-27,20.224672317504883
2014-05-28,20.353389739990234
2014-05-29,20.413969039916992
2014-05-30,20.68655776977539
2014-06-02,20.641128540039062
2014-06-03,20.944000244140625
2014-06-04,20.898571014404297
2014-06-05,20.944000244140625
2014-06-06,21.330171585083008
2014-06-09,21.13330841064453
2014-06-10,21.3831787109375
2014-06-11,21.14844512939453
2014-06-12,21.171161651611328
2014-06-13,22.617408752441406
2014-06-16,22.723413467407227
2014-06-17,22.677980422973633
2014-06-18,22.66283416748047
2014-06-19,22.783979415893555
2014-06-20,22.86727523803711
2014-06-23,22.889997482299805
2014-06-24,23.094432830810547
2014-06-25,23.382165908813477
2014-06-26,23.30644989013672
2014-06-27,23.420024871826172
2014-06-30,23.397310256958008
2014-07-01,23.4578914642334
2014-07-02,23.4578914642334
2014-07-03,23.579036712646484
2014-07-07,23.495752334594727
2014-07-08,23.31402587890625
2014-07-09,23.38974380493164
2014-07-10,23.669904708862305
2014-07-11,23.662336349487305
2014-07-14,23.84406089782715
2014-07-15,24.010643005371094
2014-07-16,26.236797332763672
2014-07-17,25.51746368408203
2014-07-18,25.51746368408203
2014-07-21,25.790054321289062
2014-07-22,26.342802047729492
2014-07-23,26.123214721679688
2014-07-24,25.93390655517578
2014-07-25,25.93390655517578
2014-07-28,25.91876983642578
2014-07-29,25.88848876953125
2014-07-30,26.009626388549805
2014-07-31,25.661327362060547
2014-08-01,25.54775047302246
2014-08-04,25.78247833251953
2014-08-05,25.01643180847168
2014-08-06,25.039304733276367
2014-08-07,24.909725189208984
2014-08-08,24.84874153137207
2014-08-11,25.16888427734375
2014-08-12,25.25272560119629
2014-08-13,25.99209213256836
2014-08-14,25.870132446289062
2014-08-15,26.045448303222656
2014-08-18,26.228378295898438
2014-08-19,26.175025939941406
2014-08-20,26.296979904174805
2014-08-21,26.79244041442871
2014-08-22,26.632366180419922
2014-08-25,26.53327178955078
2014-08-26,26.525651931762695
2014-08-27,26.518033981323242
2014-08-28,26.41132354736328
2014-08-29,26.61711883544922
2014-09-02,26.35034942626953
2014-09-03,26.35034942626953
2014-09-04,26.609493255615234
2014-09-05,26.678098678588867
2014-09-08,26.929643630981445
2014-09-09,26.609493255615234
2014-09-10,26.693344116210938
2014-09-11,26.693344116210938
2014-09-12,26.38845443725586
2014-09-15,26.327468872070312
2014-09-16,26.62474250793457
2014-09-17,26.662857055664062
2014-09-18,26.80767822265625
2014-09-19,26.540895462036133
2014-09-22,26.457054138183594
2014-09-23,26.236003875732422
2014-09-24,26.48754119873047
2014-09-25,26.022579193115234
2014-09-26,26.114046096801758
2014-09-29,26.60187339782715
2014-09-30,26.540895462036133
2014-10-01,25.908246994018555
2014-10-02,25.549997329711914
2014-10-03,25.93874168395996
2014-10-06,25.999710083007812
2014-10-07,25.51188850402832
2014-10-08,26.121675491333008
2014-10-09,25.626218795776367
2014-10-10,24.322803497314453
2014-10-13,23.98741912841797
2014-10-14,24.498119354248047
2014-10-15,23.842592239379883
2014-10-16,23.51483726501465
2014-10-17,23.918825149536133
2014-10-20,24.071269989013672
2014-10-21,24.85636329650879
2014-10-22,24.597206115722656
2014-10-23,24.917343139648438
2014-10-24,25.29083824157715
2014-10-27,25.30608367919922
2014-10-28,25.71768569946289
2014-10-29,25.854888916015625
2014-10-30,24.8335018157959
2014-10-31,25.923484802246094
2014-11-03,26.15215492248535
2014-11-04,26.327468872070312
2014-11-05,25.901655197143555
2014-11-06,25.94769287109375
2014-11-07,25.76356315612793
2014-11-10,25.518047332763672
2014-11-11,25.556415557861328
2014-11-12,25.6101131439209
2014-11-13,25.840286254882812
2014-11-14,26.047435760498047
2014-11-17,26.269929885864258
2014-11-18,26.630529403686523
2014-11-19,26.354324340820312
2014-11-20,27.581897735595703
2014-11-21,27.30568504333496
2014-11-24,27.81206512451172
2014-11-25,27.86577606201172
2014-11-26,28.310760498046875
2014-11-28,28.57928466796875
2014-12-01,28.517908096313477
2014-12-02,28.847822189331055
2014-12-03,28.71738624572754
2014-12-04,28.74041175842285
2014-12-05,28.901525497436523
2014-12-08,28.540929794311523
2014-12-09,28.303085327148438
2014-12-10,27.94248390197754
2014-12-11,28.15732765197754
2014-12-12,27.796716690063477
2014-12-15,27.558883666992188
2014-12-16,27.282670974731445
2014-12-17,27.80438804626465
2014-12-18,28.4028263092041
2014-12-19,27.90412712097168
2014-12-22,28.548601150512695
2014-12-23,28.71738624572754
2014-12-24,28.725069046020508
2014-12-26,28.80945587158203
2014-12-29,28.525588989257812
2014-12-30,28.203357696533203
2014-12-31,27.842754364013672
2015-01-02,27.89645767211914
2015-01-05,27.581897735595703
2015-01-06,27.06785011291504
2015-01-07,27.63559913635254
2015-01-08,28.14963722229004
2015-01-09,28.203357696533203
2015-01-12,28.08058738708496
2015-01-13,28.003860473632812
2015-01-14,27.888776779174805
2015-01-15,27.76601791381836
2015-01-16,27.965511322021484
2015-01-20,27.689308166503906
2015-01-21,27.9885311126709
2015-01-22,28.318435668945312
2015-01-23,27.965511322021484
2015-01-26,27.474477767944336
2015-01-27,26.2315673828125
2015-01-28,25.91700553894043
2015-01-29,26.24690818786621
2015-01-30,25.349254608154297
2015-02-02,25.81726837158203
2015-02-03,25.855627059936523
2015-02-04,25.96381187438965
2015-02-05,26.226537704467773
2015-02-06,25.731992721557617
2015-02-09,25.446081161499023
2015-02-10,26.041080474853516
2015-02-11,25.925172805786133
2015-02-12,26.373361587524414
2015-02-13,26.551088333129883
2015-02-17,26.8447265625
2015-02-18,26.481548309326172
2015-02-19,26.43517303466797
2015-02-20,26.5897216796875
2015-02-23,26.087444305419922
2015-02-24,26.5897216796875
2015-02-25,26.234270095825195
2015-02-26,26.002450942993164
2015-02-27,25.693355560302734
2015-03-02,26.31926918029785
2015-03-03,26.350173950195312
2015-03-04,26.365636825561523
2015-03-05,26.064266204833984
2015-03-06,25.646991729736328
2015-03-09,25.283803939819336
2015-03-10,24.49561882019043
2015-03-11,24.98244285583496
2015-03-12,23.800159454345703
2015-03-13,23.900617599487305
2015-03-16,23.82334327697754
2015-03-17,23.63789176940918
2015-03-18,23.86970329284668
2015-03-19,23.753795623779297
2015-03-20,24.19425392150879
2015-03-23,24.109251022338867
2015-03-24,23.79243278503418
2015-03-25,23.09697723388672
2015-03-26,23.243783950805664
2015-03-27,24.727439880371094
2015-03-30,24.310169219970703
2015-03-31,24.163347244262695
2015-04-01,23.807884216308594
2015-04-02,23.807884216308594
2015-04-06,23.985612869262695
2015-04-07,24.15561866760254
2015-04-08,24.19425392150879
2015-04-09,24.140165328979492
2015-04-10,24.673343658447266
2015-04-13,24.518796920776367
2015-04-14,24.333341598510742
2015-04-15,25.368812561035156
2015-04-16,25.399715423583984
2015-04-17,25.09062385559082
2015-04-20,25.291528701782227
2015-04-21,25.05971336364746
2015-04-22,25.268352508544922
2015-04-23,24.99789047241211
2015-04-24,24.78925895690918
2015-04-27,25.113798141479492
2015-04-28,25.515623092651367
2015-04-29,25.41516876220703
2015-04-30,25.15244483947754
2015-05-01,25.824716567993164
2015-05-04,25.83244514465332
2015-05-05,25.404369354248047
2015-05-06,25.077478408813477
2015-05-07,25.093042373657227
2015-05-08,25.528898239135742
2015-05-11,25.443281173706055
2015-05-12,25.100826263427734
2015-05-13,25.404369354248047
2015-05-14,25.661218643188477
2015-05-15,25.676786422729492
2015-05-18,26.003681182861328
2015-05-19,25.801311492919922
2015-05-20,25.972543716430664
2015-05-21,26.112638473510742
2015-05-22,26.03481101989746
2015-05-26,25.76239013671875
2015-05-27,26.237167358398438
2015-05-28,26.470666885375977
2015-05-29,26.820907592773438
2015-06-01,26.392833709716797
2015-06-02,25.89471435546875
2015-06-03,25.47441864013672
2015-06-04,25.147520065307617
2015-06-05,24.781713485717773
2015-06-08,24.361417770385742
2015-06-09,24.322507858276367
2015-06-10,24.766145706176758
2015-06-11,24.78949546813965
2015-06-12,24.376985549926758
2015-06-15,24.431468963623047
2015-06-16,24.626052856445312
2015-06-17,24.867326736450195
2015-06-18,25.202009201049805
2015-06-19,24.96072769165039
2015-06-22,25.108604431152344
2015-06-23,24.976299285888672
2015-06-24,24.836193084716797
2015-06-25,24.898466110229492
2015-06-26,24.143491744995117
2015-06-29,23.653148651123047
2015-06-30,23.676498413085938
2015-07-01,23.489704132080078
2015-07-02,23.78546142578125
2015-07-06,23.380741119384766
2015-07-07,23.271772384643555
2015-07-08,22.960451126098633
2015-07-09,22.51679801940918
2015-07-10,22.703594207763672
2015-07-13,23.13945770263672
2015-07-14,23.07719612121582
2015-07-15,23.108327865600586
2015-07-16,23.271772384643555
2015-07-17,22.937089920043945
2015-07-20,22.64911460876465
2015-07-21,22.353361129760742
2015-07-22,22.267742156982422
2015-07-23,22.25995635986328
2015-07-24,21.839658737182617
2015-07-27,22.06537628173828
2015-07-28,22.540151596069336
2015-07-29,22.579069137573242
2015-07-30,22.50123405456543
2015-07-31,22.532371520996094
2015-08-03,22.610200881958008
2015-08-04,22.67245864868164
2015-08-05,22.852962493896484
2015-08-06,22.766637802124023
2015-08-07,22.664615631103516
2015-08-10,23.261056900024414
2015-08-11,22.73525047302246
2015-08-12,23.119794845581055
2015-08-13,22.65676498413086
2015-08-14,22.774484634399414
2015-08-17,22.82156753540039
2015-08-18,22.688154220581055
2015-08-19,22.25653076171875
2015-08-20,21.60515785217285
2015-08-21,20.84391975402832
2015-08-24,20.600629806518555
2015-08-25,20.302412033081055
2015-08-26,21.42465591430664
2015-08-27,21.754270553588867
2015-08-28,22.303617477416992
2015-08-31,22.397794723510742
2015-09-01,21.832746505737305
2015-09-02,22.444875717163086
2015-09-03,22.82156753540039
2015-09-04,22.382095336914062
2015-09-08,23.151187896728516
2015-09-09,22.9471435546875
2015-09-10,22.970685958862305
2015-09-11,23.127643585205078
2015-09-14,23.064863204956055
2015-09-15,23.33168601989746
2015-09-16,23.36307716369629
2015-09-17,23.315994262695312
2015-09-18,22.774484634399414
2015-09-21,22.884357452392578
2015-09-22,22.49980926513672
2015-09-23,22.55474853515625
2015-09-24,22.3507022857666
2015-09-25,22.60968589782715
2015-09-28,22.570444107055664
2015-09-29,22.9471435546875
2015-09-30,23.653446197509766
2015-10-01,23.543582916259766
2015-10-02,23.943819046020508
2015-10-05,24.4931697845459
2015-10-06,24.90910530090332
2015-10-07,25.364282608032227
2015-10-08,25.521238327026367
2015-10-09,25.223020553588867
2015-10-12,25.277952194213867
2015-10-13,25.14453887939453
2015-10-14,25.74098014831543
2015-10-15,25.701738357543945
2015-10-16,25.929332733154297
2015-10-19,26.36095428466797
2015-10-20,26.243240356445312
2015-10-21,26.188304901123047
2015-10-22,26.99664306640625
2015-10-23,27.389026641845703
2015-10-26,27.145753860473633
2015-10-27,27.051578521728516
2015-10-28,27.23991584777832
2015-10-29,26.706268310546875
2015-10-30,26.57284927368164
2015-11-02,26.7690486907959
2015-11-03,26.926008224487305
2015-11-04,26.989234924316406
2015-11-05,26.870683670043945
2015-11-06,26.744234085083008
2015-11-09,26.356975555419922
2015-11-10,26.246335983276367
2015-11-11,25.969724655151367
2015-11-12,25.606184005737305
2015-11-13,25.376991271972656
2015-11-16,25.369089126586914
2015-11-17,25.79585838317871
2015-11-18,26.206817626953125
2015-11-19,27.107778549194336
2015-11-20,27.392292022705078
2015-11-23,27.250030517578125
2015-11-24,27.15519905090332
2015-11-25,27.226329803466797
2015-11-27,27.234224319458008
2015-11-30,27.47922706604004
2015-12-01,27.732120513916016
2015-12-02,27.526643753051758
2015-12-03,26.902299880981445
2015-12-04,27.61357307434082
2015-12-07,27.653095245361328
2015-12-08,27.463420867919922
2015-12-09,27.51084327697754
2015-12-10,27.47922706604004
2015-12-11,27.084070205688477
2015-12-14,27.24213409423828
2015-12-15,27.80326271057129
2015-12-16,27.898096084594727
2015-12-17,27.589868545532227
2015-12-18,26.7679386138916
2015-12-21,27.06035614013672
2015-12-22,27.447608947753906
2015-12-23,27.6610050201416
2015-12-24,27.645191192626953
2015-12-28,27.605676651000977
2015-12-29,28.00873565673828
2015-12-30,27.653095245361328
2015-12-31,27.226329803466797
2016-01-04,26.862777709960938
2016-01-05,26.736331939697266
2016-01-06,26.14359474182129
2016-01-07,25.163604736328125
2016-01-08,24.902801513671875
2016-01-11,25.337480545043945
2016-01-12,25.827476501464844
2016-01-13,25.218923568725586
2016-01-14,25.874893188476562
2016-01-15,23.51975440979004
2016-01-19,23.55136489868164
2016-01-20,23.38540267944336
2016-01-21,23.440719604492188
2016-01-22,23.65410614013672
2016-01-25,23.3933048248291
2016-01-26,23.662006378173828
2016-01-27,23.559268951416016
2016-01-28,23.68571662902832
2016-01-29,24.515544891357422
2016-02-01,24.35748291015625
2016-02-02,23.55136489868164
2016-02-03,23.391910552978516
2016-02-04,23.734739303588867
2016-02-05,23.15273094177246
2016-02-08,22.977331161499023
2016-02-09,22.969356536865234
2016-02-10,22.506938934326172
2016-02-11,22.498966217041016
2016-02-12,22.833816528320312
2016-02-16,22.945436477661133
2016-02-17,23.49555015563965
2016-02-18,23.455690383911133
2016-02-19,22.889629364013672
2016-02-22,23.399877548217773
2016-02-23,22.961381912231445
2016-02-24,23.272323608398438
2016-02-25,23.61514663696289
2016-02-26,23.758651733398438
2016-02-29,23.591230392456055
2016-03-01,24.213098526000977
2016-03-02,24.3486328125
2016-03-03,24.380523681640625
2016-03-04,24.420387268066406
2016-03-07,24.66754150390625
2016-03-08,24.364574432373047
2016-03-09,24.61173439025879
2016-03-10,24.914697647094727
2016-03-11,25.321304321289062
2016-03-14,25.058202743530273
2016-03-15,25.233604431152344
2016-03-16,25.2654972076416
2016-03-17,25.496707916259766
2016-03-18,26.054794311523438
2016-03-21,25.783723831176758
2016-03-22,25.76777458190918
2016-03-23,25.512651443481445
2016-03-24,25.416975021362305
2016-03-28,25.43292236328125
2016-03-29,25.81561279296875
2016-03-30,26.07870864868164
2016-03-31,25.791683197021484
2016-04-01,25.871421813964844
2016-04-04,25.512651443481445
2016-04-05,25.43292236328125
2016-04-06,25.576431274414062
2016-04-07,25.15387725830078
2016-04-08,25.217653274536133
2016-04-11,25.249547958374023
2016-04-12,25.40103530883789
2016-04-13,25.616287231445312
2016-04-14,25.35319709777832
2016-04-15,25.082120895385742
2016-04-18,25.233604431152344
2016-04-19,25.193742752075195
2016-04-20,25.512651443481445
2016-04-21,25.488725662231445
2016-04-22,25.22562599182129
2016-04-25,25.02631378173828
2016-04-26,25.03428840637207
2016-04-27,25.313329696655273
2016-04-28,24.803075790405273
2016-04-29,24.141338348388672
2016-05-02,24.40443992614746
2016-05-03,24.20512580871582
2016-05-04,24.004087448120117
2016-05-05,24.044296264648438
2016-05-06,24.156877517700195
2016-05-09,23.963878631591797
2016-05-10,24.237289428710938
2016-05-11,24.172964096069336
2016-05-12,23.931713104248047
2016-05-13,24.05233383178711
2016-05-16,24.438331604003906
2016-05-17,24.108623504638672
2016-05-18,24.11666488647461
2016-05-19,23.827167510986328
2016-05-20,24.245330810546875
2016-05-23,24.309661865234375
2016-05-24,24.977115631103516
2016-05-25,25.242488861083984
2016-05-26,25.32290267944336
2016-05-27,25.387237548828125
2016-05-31,25.4033203125
2016-06-01,25.45960807800293
2016-06-02,25.540021896362305
2016-06-03,25.42744255065918
2016-06-06,25.47569465637207
2016-06-07,25.636524200439453
2016-06-08,25.644561767578125
2016-06-09,25.68477439880371
2016-06-10,25.76519012451172
2016-06-13,25.86972999572754
2016-06-14,25.845603942871094
2016-06-15,25.419404983520508
2016-06-16,25.483741760253906
2016-06-17,25.540021896362305
2016-06-20,25.86972999572754
2016-06-21,25.990354537963867
2016-06-22,25.966228485107422
2016-06-23,26.52914047241211
2016-06-24,25.37115478515625
2016-06-27,24.703699111938477
2016-06-28,25.0816593170166
2016-06-29,25.67673110961914
2016-06-30,26.3763484954834
2016-07-01,26.336135864257812
2016-07-05,26.27985191345215
2016-07-06,26.513059616088867
2016-07-07,26.69801139831543
2016-07-08,27.341337203979492
2016-07-11,27.646921157836914
2016-07-12,28.097238540649414
2016-07-13,28.153535842895508
2016-07-14,28.306324005126953
2016-07-15,28.201786041259766
2016-07-18,28.185697555541992
2016-07-19,28.2661190032959
2016-07-20,28.700361251831055
2016-07-21,27.55845832824707
2016-07-22,27.872079849243164
2016-07-25,27.89620018005371
2016-07-26,28.217864990234375
2016-07-27,28.0087890625
2016-07-28,27.96053695678711
2016-07-29,28.03291130065918
2016-08-01,28.024866104125977
2016-08-02,27.791669845581055
2016-08-03,27.75115203857422
2016-08-04,28.01853370666504
2016-08-05,28.342634201049805
2016-08-08,28.39124870300293
2016-08-09,28.29401397705078
2016-08-10,27.9780216217041
2016-08-11,28.099563598632812
2016-08-12,28.010433197021484
2016-08-15,28.285917282104492
2016-08-16,28.52898597717285
2016-08-17,28.375043869018555
2016-08-18,28.33453941345215
2016-08-19,28.553300857543945
2016-08-22,28.650524139404297
2016-08-23,28.682945251464844
2016-08-24,28.48038101196289
2016-08-25,28.4317569732666
2016-08-26,28.569499969482422
2016-08-29,28.80447006225586
2016-08-30,28.92601203918457
2016-08-31,29.0799617767334
2016-09-01,29.185300827026367
2016-09-02,29.233917236328125
2016-09-06,29.630937576293945
2016-09-07,29.54180908203125
2016-09-08,29.525602340698242
2016-09-09,28.71535301208496
2016-09-12,29.233917236328125
2016-09-13,28.85309410095215
2016-09-14,28.86119842529297
2016-09-15,29.622833251953125
2016-09-16,30.522216796875
2016-09-19,30.108993530273438
2016-09-20,30.092788696289062
2016-09-21,30.343957901000977
2016-09-22,30.424983978271484
2016-09-23,30.133289337158203
2016-09-26,29.695758819580078
2016-09-27,30.125192642211914
2016-09-28,30.335857391357422
2016-09-29,30.238624572753906
2016-09-30,30.587038040161133
2016-10-03,30.514110565185547
2016-10-04,30.41688346862793
2016-10-05,30.781490325927734
2016-10-06,30.846323013305664
2016-10-07,30.870628356933594
2016-10-10,30.80581283569336
2016-10-11,30.198118209838867
2016-10-12,30.084674835205078
2016-10-13,29.955036163330078
2016-10-14,30.343957901000977
2016-10-17,30.214319229125977
2016-10-18,30.587038040161133
2016-10-19,28.772066116333008
2016-10-20,28.707246780395508
2016-10-21,28.48038101196289
2016-10-24,28.569499969482422
2016-10-25,28.439865112304688
2016-10-26,28.29401397705078
2016-10-27,28.204896926879883
2016-10-28,28.148174285888672
2016-10-31,28.253509521484375
2016-11-01,27.969913482666016
2016-11-02,28.034738540649414
2016-11-03,27.70001983642578
2016-11-04,27.438777923583984
2016-11-07,28.32047462463379
2016-11-08,28.361295700073242
2016-11-09,28.369461059570312
2016-11-10,28.165361404418945
2016-11-11,28.25517463684082
2016-11-14,28.14903450012207
2016-11-15,28.50007438659668
2016-11-16,28.442934036254883
2016-11-17,28.589876174926758
2016-11-18,28.53273582458496
2016-11-21,28.55722999572754
2016-11-22,28.96541976928711
2016-11-23,28.73683738708496
2016-11-25,28.932767868041992
2016-11-28,28.989906311035156
2016-11-29,28.826637268066406
2016-11-30,28.328641891479492
2016-12-01,27.561235427856445
2016-12-02,27.88779067993164
2016-12-05,28.0755558013916
2016-12-06,28.344968795776367
2016-12-07,28.981746673583984
2016-12-08,29.14502716064453
2016-12-09,29.194002151489258
2016-12-12,29.365449905395508
2016-12-13,30.043052673339844
2016-12-14,29.838960647583008
2016-12-15,30.034883499145508
2016-12-16,29.643016815185547
2016-12-19,30.11652946472168
2016-12-20,30.377769470214844
2016-12-21,30.189998626708984
2016-12-22,30.149187088012695
2016-12-23,30.181846618652344
2016-12-27,30.263477325439453
2016-12-28,29.904266357421875
2016-12-29,29.928749084472656
2016-12-30,29.610370635986328
2017-01-03,29.879776000976562
2017-01-04,29.72466278076172
2017-01-05,29.675678253173828
2017-01-06,29.781801223754883
2017-01-09,29.887941360473633
2017-01-10,29.830785751342773
2017-01-11,30.165510177612305
2017-01-12,29.96957015991211
2017-01-13,30.034883499145508
2017-01-17,30.043052673339844
2017-01-18,30.010395050048828
2017-01-19,29.855281829833984
2017-01-20,30.15734100341797
2017-01-23,30.018566131591797
2017-01-24,30.712491989135742
2017-01-25,30.859437942504883
2017-01-26,30.663501739501953
2017-01-27,31.00638198852539
2017-01-30,30.54920196533203
2017-01-31,30.05937957763672
2017-02-01,29.814476013183594
2017-02-02,29.94508171081543
2017-02-03,30.027315139770508
2017-02-06,29.82175636291504
2017-02-07,29.88751983642578
2017-02-08,29.91219711303711
2017-02-09,29.15575408935547
2017-02-10,29.057092666625977
2017-02-13,29.435300827026367
2017-02-14,29.542203903198242
2017-02-15,29.640865325927734
2017-02-16,29.93686294555664
2017-02-17,29.994413375854492
2017-02-21,30.027315139770508
2017-02-22,29.657310485839844
2017-02-23,29.74775505065918
2017-02-24,30.035526275634766
2017-02-27,30.019079208374023
2017-02-28,29.764198303222656
2017-03-01,29.542203903198242
2017-03-02,29.525753021240234
2017-03-03,29.517536163330078
2017-03-06,29.246200561523438
2017-03-07,29.435300827026367
2017-03-08,29.287315368652344
2017-03-09,29.451751708984375
2017-03-10,29.525753021240234
2017-03-13,28.909095764160156
2017-03-14,28.925537109375
2017-03-15,28.85975456237793
2017-03-16,28.89264678955078
2017-03-17,28.99953269958496
2017-03-20,29.131093978881836
2017-03-21,28.8104248046875
2017-03-22,29.081762313842773
2017-03-23,28.99953269958496
2017-03-24,28.909095764160156
2017-03-27,29.098194122314453
2017-03-28,29.2708683013916
2017-03-29,29.246200561523438
2017-03-30,29.394201278686523
2017-03-31,29.657310485839844
2017-04-03,29.731304168701172
2017-04-04,29.829973220825195
2017-04-05,29.780641555786133
2017-04-06,29.62441062927246
2017-04-07,29.62441062927246
2017-04-10,29.435300827026367
2017-04-11,29.38597297668457
2017-04-12,29.295536041259766
2017-04-13,28.98309326171875
2017-04-17,29.172195434570312
2017-04-18,29.4106502532959
2017-04-19,29.525753021240234
2017-04-20,29.74775505065918
2017-04-21,29.862863540649414
2017-04-24,30.216415405273438
2017-04-25,30.315074920654297
2017-04-26,30.364408493041992
2017-04-27,30.775527954101562
2017-04-28,29.72308921813965
2017-05-01,29.854637145996094
2017-05-02,30.397314071655273
2017-05-03,30.631715774536133
2017-05-04,30.524030685424805
2017-05-05,30.499183654785156
2017-05-08,30.267250061035156
2017-05-09,30.126428604125977
2017-05-10,29.82823944091797
2017-05-11,29.56317138671875
2017-05-12,29.430631637573242
2017-05-15,29.513477325439453
2017-05-16,29.670852661132812
2017-05-17,29.02475357055664
2017-05-18,29.17385482788086
2017-05-19,29.322956085205078
2017-05-22,29.629444122314453
2017-05-23,29.703990936279297
2017-05-24,29.91935157775879
2017-05-25,30.035324096679688
2017-05-26,30.035324096679688
2017-05-30,29.969058990478516
2017-05-31,29.911069869995117
2017-06-01,29.91935157775879
2017-06-02,30.085023880004883
2017-06-05,30.10158348083496
2017-06-06,29.927637100219727
2017-06-07,30.035324096679688
2017-06-08,30.21755027770996
2017-06-09,29.57973861694336
2017-06-12,29.59630584716797
2017-06-13,29.720556259155273
2017-06-14,29.430631637573242
2017-06-15,29.24840545654297
2017-06-16,29.165573120117188
2017-06-19,29.414060592651367
2017-06-20,28.875667572021484
2017-06-21,28.64373016357422
2017-06-22,28.46149444580078
2017-06-23,28.320676803588867
2017-06-26,28.221275329589844
2017-06-27,27.873380661010742
2017-06-28,28.328954696655273
2017-06-29,27.78226661682129
2017-06-30,27.947927474975586
2017-07-03,27.71599006652832
2017-07-05,28.444923400878906
2017-07-06,27.856813430786133
2017-07-07,28.06389617919922
2017-07-10,27.873380661010742
2017-07-11,28.097023010253906
2017-07-12,28.370378494262695
2017-07-13,28.362098693847656
2017-07-14,28.7265567779541
2017-07-17,28.552610397338867
2017-07-18,28.602312088012695
2017-07-19,28.627159118652344
2017-07-20,28.784543991088867
2017-07-21,28.767976760864258
2017-07-24,28.577455520629883
2017-07-25,28.718273162841797
2017-07-26,28.784543991088867
2017-07-27,28.966772079467773
2017-07-28,29.24840545654297
2017-07-31,29.380937576293945
2017-08-01,30.109865188598633
2017-08-02,30.350088119506836
2017-08-03,30.452739715576172
2017-08-04,30.29417610168457
2017-08-07,30.402660369873047
2017-08-08,30.385974884033203
2017-08-09,30.536191940307617
2017-08-10,30.160642623901367
2017-08-11,29.93532943725586
2017-08-14,30.327547073364258
2017-08-15,30.043800354003906
2017-08-16,29.885250091552734
2017-08-17,29.351139068603516
2017-08-18,29.217607498168945
2017-08-21,29.142499923706055
2017-08-22,28.91716194152832
2017-08-23,28.925518035888672
2017-08-24,28.96723175048828
2017-08-25,28.933849334716797
2017-08-28,28.91716194152832
2017-08-29,28.983930587768555
2017-08-30,29.117450714111328
2017-08-31,29.267675399780273
2017-09-01,29.28436851501465
2017-09-05,29.225948333740234
2017-09-06,29.84351921081543
2017-09-07,29.659910202026367
2017-09-08,29.367820739746094
2017-09-11,29.85186004638672
2017-09-12,30.118915557861328
2017-09-13,30.319223403930664
2017-09-14,30.444393157958984
2017-09-15,30.878360748291016
2017-09-18,30.878360748291016
2017-09-19,31.07030487060547
2017-09-20,30.93678092956543
2017-09-21,31.04526710510254
2017-09-22,31.028579711914062
2017-09-25,31.011890411376953
2017-09-26,31.270601272583008
2017-09-27,31.32901954650879
2017-09-28,31.57103157043457
2017-09-29,31.779680252075195
2017-10-02,32.58083724975586
2017-10-03,32.864593505859375
2017-10-04,32.831199645996094
2017-10-05,32.989776611328125
2017-10-06,33.0732307434082
2017-10-09,33.26517105102539
2017-10-10,33.08992385864258
2017-10-11,32.79782485961914
2017-10-12,32.70602035522461
2017-10-13,33.106605529785156
2017-10-16,33.18172073364258
2017-10-17,33.206756591796875
2017-10-18,33.59064865112305
2017-10-19,33.45710754394531
2017-10-20,33.74087142944336
2017-10-23,34.07468795776367
2017-10-24,34.174827575683594
2017-10-25,34.032958984375
2017-10-26,34.50865173339844
2017-10-27,37.05404281616211
2017-10-30,37.02899169921875
2017-10-31,37.963687896728516
2017-11-01,38.981842041015625
2017-11-02,39.307308197021484
2017-11-03,38.67306137084961
2017-11-06,39.20446014404297
2017-11-07,39.27161407470703
2017-11-08,39.20446014404297
2017-11-09,38.8686637878418
2017-11-10,38.26422119140625
2017-11-13,38.40693283081055
2017-11-14,38.4992790222168
2017-11-15,38.16347885131836
2017-11-16,38.322994232177734
2017-11-17,37.46670150756836
2017-11-20,37.45830535888672
2017-11-21,37.72694396972656
2017-11-22,37.48349380493164
2017-11-24,37.567440032958984
2017-11-27,37.34917449951172
2017-11-28,37.5506591796875
2017-11-29,36.89585494995117
2017-11-30,37.64299774169922
2017-12-01,37.5086784362793
2017-12-04,37.34917449951172
2017-12-05,36.46770477294922
2017-12-06,36.47610092163086
2017-12-07,36.16548538208008
2017-12-08,36.392147064208984
2017-12-11,36.65238952636719
2017-12-12,36.3753662109375
2017-12-13,36.38375473022461
2017-12-14,36.31659698486328
2017-12-15,37.407936096191406
2017-12-18,38.835079193115234
2017-12-19,39.48988723754883
2017-12-20,39.926429748535156
2017-12-21,39.25482940673828
2017-12-22,39.20446014404297
2017-12-26,38.6839714050293
2017-12-27,38.70914840698242
2017-12-28,38.80149459838867
2017-12-29,38.75114059448242
2018-01-02,39.33039855957031
2018-01-03,37.99559020996094
2018-01-04,37.298805236816406
2018-01-05,37.559051513671875
2018-01-08,37.559051513671875
2018-01-09,36.61882019042969
2018-01-10,35.678585052490234
2018-01-11,36.44251251220703
2018-01-12,36.2998161315918
2018-01-16,36.21584701538086
2018-01-17,37.26522445678711
2018-01-18,37.34077835083008
2018-01-19,37.62620544433594
2018-01-22,38.40693283081055
2018-01-23,38.66718292236328
2018-01-24,38.20545959472656
2018-01-25,38.029170989990234
2018-01-26,42.04195022583008
2018-01-29,41.95800018310547
2018-01-30,40.959007263183594
2018-01-31,40.4133415222168
2018-02-01,40.001983642578125
2018-02-02,38.742740631103516
2018-02-05,37.37435531616211
2018-02-06,37.957550048828125
2018-02-07,38.202640533447266
2018-02-08,36.13193130493164
2018-02-09,37.14616394042969
2018-02-12,37.88993835449219
2018-02-13,37.577213287353516
2018-02-14,38.35477828979492
2018-02-15,38.81118392944336
2018-02-16,38.50691604614258
2018-02-20,39.149261474609375
2018-02-21,38.828086853027344
2018-02-22,38.70975875854492
2018-02-23,40.340972900390625
2018-02-26,41.50735092163086
2018-02-27,42.183494567871094
2018-02-28,41.65946960449219
2018-03-01,40.4339599609375
2018-03-02,41.39746856689453
2018-03-05,42.04827117919922
2018-03-06,42.85965347290039
2018-03-07,43.37522506713867
2018-03-08,42.885005950927734
2018-03-09,44.11052703857422
2018-03-12,43.54425811767578
2018-03-13,43.76401138305664
2018-03-14,43.831626892089844
2018-03-15,43.003334045410156
2018-03-16,43.24842834472656
2018-03-19,42.9610710144043
2018-03-20,43.56960678100586
2018-03-21,43.57807159423828
2018-03-22,42.9610710144043
2018-03-23,41.71864318847656
2018-03-26,44.35563278198242
2018-03-27,43.26533889770508
2018-03-28,41.92148971557617
2018-03-29,44.01755905151367
2018-04-02,41.346763610839844
2018-04-03,42.04827117919922
2018-04-04,42.25111389160156
2018-04-05,42.58073425292969
2018-04-06,41.23688507080078
2018-04-09,41.87921905517578
2018-04-10,43.332969665527344
2018-04-11,43.18927764892578
2018-04-12,44.5584831237793
2018-04-13,43.831626892089844
2018-04-16,44.288021087646484
2018-04-17,45.25153350830078
2018-04-18,45.310707092285156
2018-04-19,44.135887145996094
2018-04-20,43.55270004272461
2018-04-23,43.18927764892578
2018-04-24,43.48509216308594
2018-04-25,43.425933837890625
2018-04-26,44.83739471435547
2018-04-27,44.56693649291992
2018-04-30,43.6287727355957
2018-05-01,45.07405090332031
2018-05-02,44.21196365356445
2018-05-03,44.18660354614258
2018-05-04,44.866661071777344
2018-05-07,45.33419418334961
2018-05-08,45.58921432495117
2018-05-09,46.19276428222656
2018-05-10,46.7368049621582
2018-05-11,46.47328567504883
2018-05-14,46.668792724609375
2018-05-15,45.83573532104492
2018-05-16,46.447784423828125
2018-05-17,46.592308044433594
2018-05-18,45.47871017456055
2018-05-21,46.17576217651367
2018-05-22,46.28626251220703
2018-05-23,46.93232345581055
2018-05-24,46.54129409790039
2018-05-25,47.127838134765625
2018-05-29,47.02583694458008
2018-05-30,47.33185958862305
2018-05-31,46.923831939697266
2018-06-01,48.52195358276367
2018-06-04,48.3094367980957
2018-06-05,48.05441665649414
2018-06-06,48.47944641113281
2018-06-07,47.501869201660156
2018-06-08,46.79631423950195
2018-06-11,46.34577178955078
2018-06-12,46.60080337524414
2018-06-13,46.77931594848633
2018-06-14,47.21285629272461
2018-06-15,46.84731674194336
2018-06-18,45.24068832397461
2018-06-19,44.99417495727539
2018-06-20,45.4447021484375
2018-06-21,44.365108489990234
2018-06-22,44.62863540649414
2018-06-25,43.10700988769531
2018-06-26,42.222938537597656
2018-06-27,41.44937515258789
2018-06-28,41.86591720581055
2018-06-29,42.2569465637207
2018-07-02,42.67348098754883
2018-07-03,42.052921295166016
2018-07-05,43.14101028442383
2018-07-06,43.668052673339844
2018-07-09,44.084598541259766
2018-07-10,44.33961486816406
2018-07-11,43.52354431152344
2018-07-12,44.50111389160156
2018-07-13,44.3906135559082
2018-07-16,44.212100982666016
2018-07-17,43.9910888671875
2018-07-18,43.96558380126953
2018-07-19,44.18659973144531
2018-07-20,44.12709426879883
2018-07-23,44.467124938964844
2018-07-24,44.35661315917969
2018-07-25,44.56913757324219
2018-07-26,44.33961486816406
2018-07-27,40.53129959106445
2018-07-30,40.53981399536133
2018-07-31,40.88832092285156
2018-08-01,41.49188995361328
2018-08-02,42.061431884765625
2018-08-03,42.18893051147461
2018-08-06,42.163272857666016
2018-08-07,42.505374908447266
2018-08-08,42.72773742675781
2018-08-09,42.881683349609375
2018-08-10,41.77842330932617
2018-08-13,41.436336517333984
2018-08-14,41.15410232543945
2018-08-15,40.589630126953125
2018-08-16,40.34162521362305
2018-08-17,40.2817497253418
2018-08-20,39.76861572265625
2018-08-21,40.726478576660156
2018-08-22,40.23899459838867
2018-08-23,40.17913055419922
2018-08-24,40.76069259643555
2018-08-27,41.350799560546875
2018-08-28,41.53895950317383
2018-08-29,41.69289016723633
2018-08-30,41.25673294067383
2018-08-31,41.419227600097656
2018-09-04,41.01726150512695
2018-09-05,40.812007904052734
2018-09-06,40.41859817504883
2018-09-07,39.72584533691406
2018-09-10,39.597564697265625
2018-09-11,38.425880432128906
2018-09-12,38.425880432128906
2018-09-13,38.973243713378906
2018-09-14,38.94757843017578
2018-09-17,38.8449592590332
2018-09-18,39.426513671875
2018-09-19,39.469276428222656
2018-09-20,40.36729431152344
2018-09-21,39.90545654296875
2018-09-24,40.119258880615234
2018-09-25,39.26403045654297
2018-09-26,39.08441925048828
2018-09-27,39.23835754394531
2018-09-28,40.444244384765625
2018-10-01,39.72584533691406
2018-10-02,41.136985778808594
2018-10-03,41.70145034790039
2018-10-04,41.16265106201172
2018-10-05,40.221885681152344
2018-10-08,40.221885681152344
2018-10-09,39.81138229370117
2018-10-10,38.3147087097168
2018-10-11,37.827213287353516
2018-10-12,38.383121490478516
2018-10-15,38.08378982543945
2018-10-16,39.289676666259766
2018-10-17,39.246925354003906
2018-10-18,38.46009826660156
2018-10-19,37.63051223754883
2018-10-22,38.494300842285156
2018-10-23,38.05813217163086
2018-10-24,36.279232025146484
2018-10-25,37.89564514160156
2018-10-26,39.075870513916016
2018-10-29,38.827842712402344
2018-10-30,40.84620666503906
2018-10-31,40.093605041503906
2018-11-01,41.2396240234375
2018-11-02,40.290306091308594
2018-11-05,41.025814056396484
2018-11-06,40.66436004638672
2018-11-07,41.92947006225586
2018-11-08,42.161834716796875
2018-11-09,41.404483795166016
2018-11-12,40.14797592163086
2018-11-13,40.78484344482422
2018-11-14,40.526649475097656
2018-11-15,41.404483795166016
2018-11-16,42.024139404296875
2018-11-19,41.30982208251953
2018-11-20,40.78484344482422
2018-11-21,40.47501754760742
2018-11-23,40.053306579589844
2018-11-26,40.83648681640625
2018-11-27,41.37006378173828
2018-11-28,42.049957275390625
2018-11-29,41.051631927490234
2018-11-30,42.437225341796875
2018-12-03,43.142948150634766
2018-12-04,41.094661712646484
2018-12-06,41.62824630737305
2018-12-07,39.79512405395508
2018-12-10,40.62993240356445
2018-12-11,40.77623748779297
2018-12-12,41.16351318359375
2018-12-13,41.55940246582031
2018-12-14,41.1893310546875
2018-12-17,40.5180549621582
2018-12-18,41.0860595703125
2018-12-19,39.218502044677734
2018-12-20,39.19269561767578
2018-12-21,38.59025955200195
2018-12-24,37.51448059082031
2018-12-26,39.75209426879883
2018-12-27,39.89839553833008
2018-12-28,40.23403549194336
2018-12-31,40.38895034790039
2019-01-02,40.5180549621582
2019-01-03,38.28903579711914
2019-01-04,40.63853454589844
2019-01-07,40.82787322998047
2019-01-08,41.0860595703125
2019-01-09,41.318424224853516
2019-01-10,41.79176330566406
2019-01-11,42.110198974609375
2019-01-14,41.61103439331055
2019-01-15,41.826194763183594
2019-01-16,41.42170715332031
2019-01-17,41.71431350708008
2019-01-18,42.33395004272461
2019-01-22,41.54218292236328
2019-01-23,41.258182525634766
2019-01-24,42.824501037597656
2019-01-25,40.48362731933594
2019-01-28,40.19961166381836
2019-01-29,40.053306579589844
2019-01-30,40.9139289855957
2019-01-31,40.552467346191406
2019-02-01,41.93806838989258
2019-02-04,42.359779357910156
2019-02-05,43.0396728515625
2019-02-06,43.21720886230469
2019-02-07,42.636940002441406
2019-02-08,42.299171447753906
2019-02-11,42.238555908203125
2019-02-12,43.31248474121094
2019-02-13,43.71086883544922
2019-02-14,44.00534439086914
2019-02-15,44.74150848388672
2019-02-19,44.51633071899414
2019-02-20,44.50766372680664
2019-02-21,44.524986267089844
2019-02-22,45.460350036621094
2019-02-25,45.98866271972656
2019-02-26,46.10123825073242
2019-02-27,46.10990524291992
2019-02-28,45.867408752441406
2019-03-01,46.161869049072266
2019-03-04,46.71615982055664
2019-03-05,46.4909782409668
2019-03-06,45.858734130859375
2019-03-07,45.55561828613281
2019-03-08,45.451690673828125
2019-03-11,46.205169677734375
2019-03-12,46.39570999145508
2019-03-13,47.08857345581055
2019-03-14,46.28311538696289
2019-03-15,47.053924560546875
2019-03-18,46.8547248840332
2019-03-19,46.91535949707031
2019-03-20,46.61222457885742
2019-03-21,47.32241439819336
2019-03-22,46.127220153808594
2019-03-25,45.711509704589844
2019-03-26,46.28311538696289
2019-03-27,46.040618896484375
2019-03-28,45.997314453125
2019-03-29,46.508304595947266
2019-04-01,47.20982360839844
2019-04-02,47.079917907714844
2019-04-03,48.049922943115234
2019-04-04,48.430999755859375
2019-04-05,48.153846740722656
2019-04-08,48.2231330871582
2019-04-09,47.911346435546875
2019-04-10,48.283756256103516
2019-04-11,48.32706832885742
2019-04-12,48.86402893066406
2019-04-15,48.74277877807617
2019-04-16,49.11519241333008
2019-04-17,50.71742630004883
2019-04-18,50.65681457519531
2019-04-22,50.9426155090332
2019-04-23,50.90797424316406
2019-04-24,50.85600662231445
2019-04-25,49.89466094970703
2019-04-26,45.40837478637695
2019-04-29,44.265159606933594
2019-04-30,44.20454025268555
2019-05-01,43.9620361328125
2019-05-02,43.78015899658203
2019-05-03,44.819454193115234
2019-05-06,44.632110595703125
2019-05-07,43.98728561401367
2019-05-08,42.906768798828125
2019-05-09,40.62375259399414
2019-05-10,40.25777816772461
2019-05-13,39.00299072265625
2019-05-14,39.36025619506836
2019-05-15,39.75236892700195
2019-05-16,39.673954010009766
2019-05-17,39.11626434326172
2019-05-20,37.957332611083984
2019-05-21,38.7415771484375
2019-05-22,38.34074020385742
2019-05-23,38.802574157714844
2019-05-24,38.83742141723633
2019-05-28,37.96604919433594
2019-05-29,38.54115295410156
2019-05-30,38.97685623168945
2019-05-31,38.3755989074707
2019-06-03,37.87019348144531
2019-06-04,39.02912521362305
2019-06-05,38.81999969482422
2019-06-06,39.29924392700195
2019-06-07,40.10963821411133
2019-06-10,40.780601501464844
2019-06-11,40.82417297363281
2019-06-12,40.36233901977539
2019-06-13,40.69346237182617
2019-06-14,40.249053955078125
2019-06-17,40.196773529052734
2019-06-18,41.27729034423828
2019-06-19,41.01588439941406
2019-06-20,41.120445251464844
2019-06-21,41.355712890625
2019-06-24,41.50385665893555
2019-06-25,40.82417297363281
2019-06-26,41.991825103759766
2019-06-27,41.355712890625
2019-06-28,41.712989807128906
2019-07-01,41.86982345581055
2019-07-02,41.93082046508789
2019-07-03,42.27936935424805
2019-07-05,41.89596939086914
2019-07-08,41.669410705566406
2019-07-09,41.608402252197266
2019-07-10,42.00925064086914
2019-07-11,42.34908676147461
2019-07-12,43.49931716918945
2019-07-15,43.673587799072266
2019-07-16,42.84577178955078
2019-07-17,43.037479400634766
2019-07-18,43.51673126220703
2019-07-19,43.804290771484375
2019-07-22,44.74538040161133
2019-07-23,45.09393310546875
2019-07-24,46.11345291137695
2019-07-25,45.451210021972656
2019-07-26,44.95451354980469
2019-07-29,45.756187438964844
2019-07-30,45.05037307739258
2019-07-31,44.048274993896484
2019-08-01,43.13333511352539
2019-08-02,42.418800354003906
2019-08-05,40.92873764038086
2019-08-06,41.1963005065918
2019-08-07,40.994529724121094
2019-08-08,41.380531311035156
2019-08-09,40.336585998535156
2019-08-12,40.003231048583984
2019-08-13,41.09103012084961
2019-08-14,40.240081787109375
2019-08-15,40.0909538269043
2019-08-16,40.79276657104492
2019-08-19,41.433162689208984
2019-08-20,40.8804817199707
2019-08-21,41.36298751831055
2019-08-22,41.03839874267578
2019-08-23,39.4417724609375
2019-08-26,39.9681396484375
2019-08-27,40.16990661621094
2019-08-28,40.16990661621094
2019-08-29,41.117347717285156
2019-08-30,41.591068267822266
2019-09-03,41.21384811401367
2019-09-04,42.915740966796875
2019-09-05,43.95092010498047
2019-09-06,44.670265197753906
2019-09-09,45.25803756713867
2019-09-10,45.459800720214844
2019-09-11,46.31074523925781
2019-09-12,46.50374221801758
2019-09-13,46.0914421081543
2019-09-16,45.79315948486328
2019-09-17,45.5738525390625
2019-09-18,45.389625549316406
2019-09-19,45.24048614501953
2019-09-20,44.494815826416016
2019-09-23,44.6527214050293
2019-09-24,43.70528030395508
2019-09-25,44.757991790771484
2019-09-26,44.670265197753906
2019-09-27,44.54744338989258
2019-09-30,45.20539474487305
2019-10-01,44.529903411865234
2019-10-02,43.32805633544922
2019-10-03,43.88949966430664
2019-10-04,44.670265197753906
2019-10-07,44.40708923339844
2019-10-08,43.6263313293457
2019-10-09,44.28427505493164
2019-10-10,44.83695602416992
2019-10-11,45.6966667175293
2019-10-14,45.30189895629883
2019-10-15,46.187931060791016
2019-10-16,46.012489318847656
2019-10-17,45.494895935058594
2019-10-18,45.05626678466797
2019-10-21,45.73175811767578
2019-10-22,45.62648010253906
2019-10-23,45.372093200683594
2019-10-24,45.81947708129883
2019-10-25,49.530311584472656
2019-10-28,49.79349136352539
2019-10-29,49.42503356933594
2019-10-30,49.653114318847656
2019-10-31,49.591712951660156
2019-11-01,49.57417678833008
2019-11-04,50.53916549682617
2019-11-05,50.48652648925781
2019-11-06,50.80849075317383
2019-11-07,51.20542907714844
2019-11-08,51.39949417114258
2019-11-11,51.47005081176758
2019-11-12,51.33774948120117
2019-11-13,51.064292907714844
2019-11-14,50.99373245239258
2019-11-15,51.126041412353516
2019-11-18,51.38185501098633
2019-11-19,51.47005081176758
2019-11-20,51.07311248779297
2019-11-21,51.35539245605469
2019-11-22,50.81731033325195
2019-11-25,51.875816345214844
2019-11-26,51.9552116394043
2019-11-27,51.61119842529297
2019-11-29,51.20542907714844
2019-12-02,50.86141586303711
2019-12-03,49.458892822265625
2019-12-04,49.4147834777832
2019-12-05,49.46770477294922
2019-12-06,50.111637115478516
2019-12-09,49.86465072631836
2019-12-10,49.91757583618164
2019-12-11,50.34098815917969
2019-12-12,50.764373779296875
2019-12-13,50.97609329223633
2019-12-16,50.89670181274414
2019-12-17,50.543853759765625
2019-12-18,50.42919158935547
2019-12-19,51.126041412353516
2019-12-20,51.99932098388672
2019-12-23,52.246307373046875
2019-12-24,52.40507507324219
2019-12-26,52.7667350769043
2019-12-27,52.9960823059082
2019-12-30,52.5903205871582
2019-12-31,52.79319381713867
2020-01-02,53.66646957397461
2020-01-03,53.01371383666992
2020-01-06,52.863765716552734
2020-01-07,51.981666564941406
2020-01-08,52.01696014404297
2020-01-09,52.30805206298828
2020-01-10,51.99049377441406
2020-01-13,52.5638542175293
2020-01-14,52.422725677490234
2020-01-15,51.99049377441406
2020-01-16,52.6255989074707
2020-01-17,52.572669982910156
2020-01-21,53.410667419433594
2020-01-22,55.3336181640625
2020-01-23,55.854061126708984
2020-01-24,60.39682388305664
2020-01-27,57.94461441040039
2020-01-28,59.37360763549805
2020-01-29,58.509159088134766
2020-01-30,58.632652282714844
2020-01-31,56.39213180541992
2020-02-03,56.82435607910156
2020-02-04,57.74172592163086
2020-02-05,59.40005874633789
2020-02-06,59.47097396850586
2020-02-07,58.522499084472656
2020-02-10,58.85047149658203
2020-02-11,59.754642486572266
2020-02-12,59.798954010009766
2020-02-13,59.7812385559082
2020-02-14,59.63052749633789
2020-02-18,58.628868103027344
2020-02-19,59.488712310791016
2020-02-20,58.01721954345703
2020-02-21,57.033267974853516
2020-02-24,54.74627685546875
2020-02-25,52.946815490722656
2020-02-26,52.87590408325195
2020-02-27,49.489723205566406
2020-02-28,49.214927673339844
2020-03-02,51.572837829589844
2020-03-03,49.61381149291992
2020-03-04,52.016056060791016
2020-03-05,50.49137878417969
2020-03-06,49.436527252197266
2020-03-09,45.075260162353516
2020-03-10,47.84980773925781
2020-03-11,45.79326629638672
2020-03-12,40.3682861328125
2020-03-13,48.24871063232422
2020-03-16,39.54390335083008
2020-03-17,44.392704010009766
2020-03-18,42.203208923339844
2020-03-19,40.72285842895508
2020-03-20,40.62535095214844
2020-03-23,43.949485778808594
2020-03-24,46.449241638183594
2020-03-25,45.43870162963867
2020-03-26,49.23264694213867
2020-03-27,46.42264938354492
2020-03-30,49.18832015991211
2020-03-31,47.973907470703125
2020-04-01,45.98829650878906
2020-04-02,48.17778015136719
2020-04-03,47.98277282714844
2020-04-06,51.79444885253906
2020-04-07,51.767852783203125
2020-04-08,52.281982421875
2020-04-09,50.65094757080078
2020-04-13,52.033782958984375
2020-04-14,53.771202087402344
2020-04-15,52.184471130371094
2020-04-16,53.88644027709961
2020-04-17,53.50526809692383
2020-04-20,52.45927047729492
2020-04-21,49.95952606201172
2020-04-22,53.27479934692383
2020-04-23,52.33517074584961
2020-04-24,52.53018569946289
2020-04-27,52.71633529663086
2020-04-28,52.07810974121094
2020-04-29,54.781734466552734
2020-04-30,53.16841506958008
2020-05-01,50.94347381591797
2020-05-04,51.404415130615234
2020-05-05,52.07810974121094
2020-05-06,52.7556037902832
2020-05-07,52.74668502807617
2020-05-08,53.19240188598633
2020-05-11,53.602474212646484
2020-05-12,52.05135726928711
2020-05-13,51.471927642822266
2020-05-14,52.66646194458008
2020-05-15,51.95330810546875
2020-05-18,53.41526794433594
2020-05-19,53.74510955810547
2020-05-20,56.250064849853516
2020-05-21,55.25164031982422
2020-05-22,55.50123977661133
2020-05-26,55.572566986083984
2020-05-27,56.660125732421875
2020-05-28,55.00204849243164
2020-05-29,56.09851837158203
2020-06-01,55.14466857910156
2020-06-02,55.37644577026367
2020-06-03,55.20706558227539
2020-06-04,56.13417434692383
2020-06-05,57.35544204711914
2020-06-08,56.7581787109375
2020-06-09,56.196571350097656
2020-06-10,56.93647384643555
2020-06-11,53.219154357910156
2020-06-12,52.889320373535156
2020-06-15,53.57572937011719
2020-06-16,53.843162536621094
2020-06-17,53.92340087890625
2020-06-18,53.55790710449219
2020-06-19,53.1478385925293
2020-06-22,53.566810607910156
2020-06-23,53.41526794433594
2020-06-24,52.675376892089844
2020-06-25,52.15834045410156
2020-06-26,51.25797653198242
2020-06-29,51.94439697265625
2020-06-30,53.335044860839844
2020-07-01,52.42576217651367
2020-07-02,52.711021423339844
2020-07-06,53.07652282714844
2020-07-07,51.98005294799805
2020-07-08,52.24748611450195
2020-07-09,52.07810592651367
2020-07-10,53.067604064941406
2020-07-13,52.220733642578125
2020-07-14,52.57730484008789
2020-07-15,52.62188720703125
2020-07-16,52.719940185546875
2020-07-17,53.48659133911133
2020-07-20,54.51173782348633
2020-07-21,54.110591888427734
2020-07-22,54.422603607177734
2020-07-23,53.843162536621094
2020-07-24,45.09811019897461
2020-07-27,44.188838958740234
2020-07-28,43.89466094970703
2020-07-29,42.8516731262207
2020-07-30,42.78035354614258
2020-07-31,42.548580169677734
2020-08-03,43.05669403076172
2020-08-04,43.79659652709961
2020-08-05,43.60939407348633
2020-08-06,43.59144973754883
2020-08-07,43.1068000793457
2020-08-10,44.1748161315918
2020-08-11,43.25039291381836
2020-08-12,44.14789581298828
2020-08-13,43.58247756958008
2020-08-14,43.87864303588867
2020-08-17,43.91454315185547
2020-08-18,43.663246154785156
2020-08-19,43.37604904174805
2020-08-20,44.129940032958984
2020-08-21,44.22866439819336
2020-08-24,44.10301971435547
2020-08-25,44.36329650878906
2020-08-26,44.47098922729492
2020-08-27,44.33637619018555
2020-08-28,45.26079559326172
2020-08-31,45.72748947143555
2020-09-01,45.583892822265625
2020-09-02,46.894229888916016
2020-09-03,45.224891662597656
2020-09-04,44.9466667175293
2020-09-08,43.89659118652344
2020-09-09,44.5338249206543
2020-09-10,43.94147491455078
2020-09-11,44.22866439819336
2020-09-14,44.3453483581543
2020-09-15,44.874855041503906
2020-09-16,45.206939697265625
2020-09-17,45.16206359863281
2020-09-18,44.776145935058594
2020-09-21,44.62356948852539
2020-09-22,44.829994201660156
2020-09-23,43.81581497192383
2020-09-24,44.1209716796875
2020-09-25,44.821014404296875
2020-09-28,46.158287048339844
2020-09-29,45.94288635253906
2020-09-30,46.472408294677734
2020-10-01,46.885257720947266
2020-10-02,45.781341552734375
2020-10-05,46.39163589477539
2020-10-06,46.10444259643555
2020-10-07,47.271183013916016
2020-10-08,47.89943313598633
2020-10-09,47.40580749511719
2020-10-12,48.35716247558594
2020-10-13,48.31229019165039
2020-10-14,48.060977935791016
2020-10-15,48.330230712890625
2020-10-16,48.608455657958984
2020-10-19,48.98540115356445
2020-10-20,47.953285217285156
2020-10-21,48.01611328125
2020-10-22,48.37510681152344
2020-10-23,43.25937271118164
2020-10-26,41.93107986450195
2020-10-27,40.9617805480957
2020-10-28,39.714263916015625
2020-10-29,39.58860397338867
2020-10-30,39.74118423461914
2020-11-02,39.90272903442383
2020-11-03,40.25275421142578
2020-11-04,41.015628814697266
2020-11-05,41.295875549316406
2020-11-06,41.03371047973633
2020-11-09,41.22355270385742
2020-11-10,41.07891082763672
2020-11-11,41.901573181152344
2020-11-12,40.63593673706055
2020-11-13,41.09698486328125
2020-11-16,41.75693130493164
2020-11-17,41.160274505615234
2020-11-18,40.735382080078125
2020-11-19,41.24163055419922
2020-11-20,41.03371047973633
2020-11-23,41.639408111572266
2020-11-24,42.498226165771484
2020-11-25,42.53438186645508
2020-11-27,42.89599609375
2020-11-30,43.70962142944336
2020-12-01,44.803497314453125
2020-12-02,45.11086654663086
2020-12-03,46.09625244140625
2020-12-04,47.000274658203125
2020-12-07,45.38207244873047
2020-12-08,45.82503890991211
2020-12-09,45.26455307006836
2020-12-10,45.436317443847656
2020-12-11,44.957176208496094
2020-12-14,45.62615966796875
2020-12-15,45.80695343017578
2020-12-16,46.213768005371094
2020-12-17,45.78887939453125
2020-12-18,42.90503692626953
2020-12-21,41.910614013671875
2020-12-22,41.738853454589844
2020-12-23,42.10045623779297
2020-12-24,42.5524787902832
2020-12-28,42.5524787902832
2020-12-29,44.649803161621094
2020-12-30,44.07123565673828
2020-12-31,45.038543701171875
2021-01-04,44.90293502807617
2021-01-05,45.752716064453125
2021-01-06,46.195701599121094
2021-01-07,47.18107986450195
2021-01-08,46.69291305541992
2021-01-11,46.59347152709961
2021-01-12,48.13031005859375
2021-01-13,51.48423767089844
2021-01-14,53.563499450683594
2021-01-15,52.053775787353516
2021-01-19,52.4244270324707
2021-01-20,53.03916549682617
2021-01-21,56.46541976928711
2021-01-22,51.222076416015625
2021-01-25,50.11915969848633
2021-01-26,49.91123580932617
2021-01-27,48.44672393798828
2021-01-28,50.688697814941406
2021-01-29,50.18244171142578
2021-02-01,51.249202728271484
2021-02-02,52.43346405029297
2021-02-03,52.14418411254883
2021-02-04,53.470245361328125
2021-02-05,52.915443420410156
2021-02-08,53.806766510009766
2021-02-09,53.46115493774414
2021-02-10,53.53391647338867
2021-02-11,55.171043395996094
2021-02-12,56.216983795166016
2021-02-16,56.81725311279297
2021-02-17,56.253360748291016
2021-02-18,56.03507614135742
2021-02-19,57.308387756347656
2021-02-22,55.21650695800781
2021-02-23,55.589412689208984
2021-02-24,57.472103118896484
2021-02-25,54.9345703125
2021-02-26,55.28017807006836
2021-03-01,57.190155029296875
2021-03-02,55.69855880737305
2021-03-03,54.47980880737305
2021-03-04,53.05187225341797
2021-03-05,55.24380874633789
2021-03-08,54.434326171875
2021-03-09,56.999149322509766
2021-03-10,56.617164611816406
2021-03-11,57.58124923706055
2021-03-12,57.208351135253906
2021-03-15,58.01780319213867
2021-03-16,58.91823196411133
2021-03-17,59.827735900878906
2021-03-18,57.96324157714844
2021-03-19,57.99053192138672
2021-03-22,59.691322326660156
2021-03-23,57.73585891723633
2021-03-24,56.42616653442383
2021-03-25,56.407981872558594
2021-03-26,59.000091552734375
2021-03-29,58.66356658935547
2021-03-30,57.99961853027344
2021-03-31,58.208805084228516
2021-04-01,58.70904541015625
2021-04-05,60.518978118896484
2021-04-06,59.62765121459961
2021-04-07,60.25520706176758
2021-04-08,60.98283004760742
2021-04-09,62.08333969116211
2021-04-12,59.49123001098633
2021-04-13,59.318416595458984
2021-04-14,58.381622314453125
2021-04-15,59.136512756347656
2021-04-16,58.89094924926758
2021-04-19,57.872291564941406
2021-04-20,57.02643966674805
2021-04-21,57.93595886230469
2021-04-22,56.90821075439453
2021-04-23,53.87953186035156
2021-04-26,53.442962646484375
2021-04-27,52.72443771362305
2021-04-28,52.40611267089844
2021-04-29,53.00640106201172
2021-04-30,52.32426071166992
2021-05-03,52.07868957519531
2021-05-04,51.75127410888672
2021-05-05,51.70579147338867
2021-05-06,52.335391998291016
2021-05-07,52.77465057373047
2021-05-10,51.218955993652344
2021-05-11,50.36790084838867
2021-05-12,49.06843948364258
2021-05-13,49.425323486328125
2021-05-14,50.65157699584961
2021-05-17,50.6332893371582
2021-05-18,50.184871673583984
2021-05-19,50.660736083984375
2021-05-20,51.200645446777344
2021-05-21,51.319618225097656
2021-05-24,52.12492370605469
2021-05-25,52.04256057739258
2021-05-26,52.08831024169922
2021-05-27,52.82956314086914
2021-05-28,52.271339416503906
2021-06-01,52.06086349487305
2021-06-02,52.60078048706055
2021-06-03,51.46603775024414
2021-06-04,52.50011444091797
2021-06-07,52.24388122558594
2021-06-08,52.16152572631836
2021-06-09,52.16152572631836
2021-06-10,52.5092658996582
2021-06-11,52.939369201660156
2021-06-14,53.25050735473633
2021-06-15,53.06748962402344
2021-06-16,52.36284637451172
2021-06-17,52.32624053955078
2021-06-18,50.94441223144531
2021-06-21,51.12744140625
2021-06-22,51.12744140625
2021-06-23,50.56922149658203
2021-06-24,51.310462951660156
2021-06-25,51.16404342651367
2021-06-28,52.60078048706055
2021-06-29,51.93273162841797
2021-06-30,51.3745231628418
2021-07-01,51.255550384521484
2021-07-02,51.941898345947266
2021-07-06,51.32876968383789
2021-07-07,51.20979690551758
2021-07-08,50.68818664550781
2021-07-09,51.23725891113281
2021-07-12,51.91444396972656
2021-07-13,52.04256057739258
2021-07-14,51.72226333618164
2021-07-15,51.07253646850586
2021-07-16,50.30384826660156
2021-07-19,50.00185012817383
2021-07-20,50.55091857910156
2021-07-21,51.456878662109375
2021-07-22,51.20979690551758
2021-07-23,48.50107192993164
2021-07-26,49.699867248535156
2021-07-27,48.66578674316406
2021-07-28,48.56512451171875
2021-07-29,49.14164733886719
2021-07-30,49.15994644165039
2021-08-02,49.12334060668945
2021-08-03,49.4710807800293
2021-08-04,49.324668884277344
2021-08-05,49.635982513427734
2021-08-06,49.66361618041992
2021-08-09,49.783355712890625
2021-08-10,49.682037353515625
2021-08-11,49.86625289916992
2021-08-12,49.313621520996094
2021-08-13,49.267555236816406
2021-08-16,49.2491340637207
2021-08-17,48.53070831298828
2021-08-18,48.07018280029297
2021-08-19,48.30044937133789
2021-08-20,47.904388427734375
2021-08-23,49.02808380126953
2021-08-24,49.56229782104492
2021-08-25,49.56229782104492
2021-08-26,48.93598556518555
2021-08-27,49.635982513427734
2021-08-30,49.682037353515625
2021-08-31,49.79256057739258
2021-09-01,49.433349609375
2021-09-02,49.488616943359375
2021-09-03,49.28598403930664
2021-09-07,49.41493225097656
2021-09-08,49.341243743896484
2021-09-09,49.18466567993164
2021-09-10,49.589935302734375
2021-09-13,50.64915084838867
2021-09-14,50.216251373291016
2021-09-15,50.76889419555664
2021-09-16,50.50178527832031
2021-09-17,49.976776123046875
2021-09-20,48.797821044921875
2021-09-21,48.69649887084961
2021-09-22,49.27676773071289
2021-09-23,49.76493453979492
2021-09-24,49.939937591552734
2021-09-27,50.34519958496094
2021-09-28,49.737308502197266
2021-09-29,49.267555236816406
2021-09-30,49.07413101196289
2021-10-01,49.60835647583008
2021-10-04,49.2491340637207
2021-10-05,49.69124984741211
2021-10-06,49.7188835144043
2021-10-07,49.90309143066406
2021-10-08,49.56229782104492
2021-10-11,49.22151184082031
2021-10-12,48.05176544189453
2021-10-13,48.13465881347656
2021-10-14,49.64519500732422
2021-10-15,50.16098403930664
2021-10-18,50.17020034790039
2021-10-19,50.85178756713867
2021-10-20,50.9991569519043
2021-10-21,51.57943344116211
2021-10-22,45.555686950683594
2021-10-25,45.50962829589844
2021-10-26,44.46883773803711
2021-10-27,44.109619140625
2021-10-28,44.28462219238281
2021-10-29,45.131996154785156
2021-11-01,45.638580322265625
2021-11-02,45.924110412597656
2021-11-03,46.41226577758789
2021-11-04,46.660831451416016
2021-11-05,47.226585388183594
2021-11-08,47.81089401245117
2021-11-09,47.48627471923828
2021-11-10,47.078189849853516
2021-11-11,46.86487579345703
2021-11-12,46.660831451416016
2021-11-15,46.670108795166016
2021-11-16,46.93907165527344
2021-11-17,46.586631774902344
2021-11-18,46.0765266418457
2021-11-19,45.92812728881836
2021-11-22,46.21565246582031
2021-11-23,45.538597106933594
2021-11-24,46.15072250366211
2021-11-26,45.2418098449707
2021-11-29,46.37331008911133
2021-11-30,45.631343841552734
2021-12-01,45.07487106323242
2021-12-02,45.90959167480469
2021-12-03,45.67771911621094
2021-12-06,47.291507720947266
2021-12-07,48.75691223144531
2021-12-08,47.99638366699219
2021-12-09,46.818504333496094
2021-12-10,46.920528411865234
2021-12-13,46.37331008911133
2021-12-14,46.0950813293457
2021-12-15,46.99471664428711
2021-12-16,47.14311599731445
2021-12-17,46.94834899902344
2021-12-20,46.00232696533203
2021-12-21,47.087467193603516
2021-12-22,47.272972106933594
2021-12-23,47.58830261230469
2021-12-27,48.172603607177734
2021-12-28,48.00565719604492
2021-12-29,48.070579528808594
2021-12-30,47.98711013793945
2021-12-31,47.76451873779297
2022-01-03,49.350486755371094
2022-01-04,49.28556442260742
2022-01-05,49.962608337402344
2022-01-06,50.092464447021484
2022-01-07,49.56379318237305
2022-01-10,51.205421447753906
2022-01-11,51.854644775390625
2022-01-12,51.69697570800781
2022-01-13,50.95500564575195
2022-01-14,51.65987777709961
2022-01-18,50.788063049316406
2022-01-19,49.73074722290039
2022-01-20,48.26534652709961
2022-01-21,48.26534652709961
2022-01-24,48.172603607177734
2022-01-25,47.3007926940918
2022-01-26,47.94073486328125
2022-01-27,44.56476593017578
2022-01-28,44.26797103881836
2022-01-31,45.27891159057617
2022-02-01,45.39948272705078
2022-02-02,45.918861389160156
2022-02-03,44.778079986572266
2022-02-04,44.866851806640625
2022-02-07,45.025733947753906
2022-02-08,45.61448669433594
2022-02-09,46.64247131347656
2022-02-10,45.66120910644531
2022-02-11,44.511741638183594
2022-02-14,44.46501159667969
2022-02-15,45.26871109008789
2022-02-16,45.07244873046875
2022-02-17,44.45566940307617
2022-02-18,42.091304779052734
2022-02-22,41.764217376708984
2022-02-23,41.72683334350586
2022-02-24,43.661312103271484
2022-02-25,44.58649826049805
2022-02-28,44.57715606689453
2022-03-01,43.754764556884766
2022-03-02,45.67055130004883
2022-03-03,44.79209518432617
2022-03-04,44.92292404174805
2022-03-07,44.5584602355957
2022-03-08,44.3902473449707
2022-03-09,44.511741638183594
2022-03-10,43.60523986816406
2022-03-11,42.82958221435547
2022-03-14,41.49319839477539
2022-03-15,41.87635803222656
2022-03-16,43.57720184326172
2022-03-17,44.05381393432617
2022-03-18,44.3435173034668
2022-03-21,44.28744888305664
2022-03-22,45.22198486328125
2022-03-23,45.109832763671875
2022-03-24,48.24051284790039
2022-03-25,48.436767578125
2022-03-28,48.13771438598633
2022-03-29,48.82926940917969
2022-03-30,48.06295394897461
2022-03-31,46.31538391113281
2022-04-01,44.96030807495117
2022-04-04,45.97895050048828
2022-04-05,44.97900390625
2022-04-06,44.42763137817383
2022-04-07,44.44631576538086
2022-04-08,43.94166946411133
2022-04-11,43.52112579345703
2022-04-12,43.455711364746094
2022-04-13,43.93231964111328
2022-04-14,42.68004608154297
2022-04-18,43.5865478515625
2022-04-19,44.79209518432617
2022-04-20,44.96030807495117
2022-04-21,44.3902473449707
2022-04-22,43.49309539794922
2022-04-25,43.97905349731445
2022-04-26,42.53987503051758
2022-04-27,42.259517669677734
2022-04-28,43.77345275878906
2022-04-29,40.73622512817383
2022-05-02,42.01653289794922
2022-05-03,42.109989166259766
2022-05-04,43.49309539794922
2022-05-05,42.00957489013672
2022-05-06,41.72699737548828
2022-05-09,40.56843948364258
2022-05-10,41.45384216308594
2022-05-11,40.34238052368164
2022-05-12,40.35179901123047
2022-05-13,41.067657470703125
2022-05-16,40.57785415649414
2022-05-17,41.82119369506836
2022-05-18,39.89025115966797
2022-05-19,39.570003509521484
2022-05-20,39.23091506958008
2022-05-23,39.560585021972656
2022-05-24,39.249752044677734
2022-05-25,39.74897384643555
2022-05-26,40.954627990722656
2022-05-27,41.96247100830078
2022-05-31,41.840023040771484
2022-06-01,41.54803466796875
2022-06-02,42.235633850097656
2022-06-03,40.869850158691406
2022-06-06,40.82276153564453
2022-06-07,41.0017204284668
2022-06-08,38.83530807495117
2022-06-09,37.686161041259766
2022-06-10,36.90437698364258
2022-06-13,35.57627487182617
2022-06-14,35.72698211669922
2022-06-15,36.405155181884766
2022-06-16,35.17124557495117
2022-06-17,34.82273864746094
2022-06-21,35.538597106933594
2022-06-22,35.20892333984375
2022-06-23,35.237178802490234
2022-06-24,36.36748123168945
2022-06-27,36.38632583618164
2022-06-28,35.5856819152832
2022-06-29,35.124149322509766
2022-06-30,35.237178802490234
2022-07-01,34.22932815551758
2022-07-05,34.55899429321289
2022-07-06,34.84157180786133
2022-07-07,35.92477798461914
2022-07-08,35.78348922729492
2022-07-11,35.03937911987305
2022-07-12,35.048789978027344
2022-07-13,35.048789978027344
2022-07-14,35.51975631713867
2022-07-15,36.37690353393555
2022-07-18,36.461673736572266
2022-07-19,37.883968353271484
2022-07-20,38.20421600341797
2022-07-21,38.251319885253906
2022-07-22,36.9232177734375
2022-07-25,36.885536193847656
2022-07-26,36.69715118408203
2022-07-27,37.846290588378906
2022-07-28,37.403587341308594
2022-07-29,34.20106887817383
2022-08-01,34.813316345214844
2022-08-02,33.91849136352539
2022-08-03,34.39887237548828
2022-08-04,33.92791748046875
2022-08-05,33.6710319519043
2022-08-08,33.66151809692383
2022-08-09,32.84328842163086
2022-08-10,33.652000427246094
2022-08-11,33.8613166809082
2022-08-12,34.35606384277344
2022-08-15,34.574886322021484
2022-08-16,34.43217086791992
2022-08-17,34.042083740234375
2022-08-18,34.441680908203125
2022-08-19,33.66151809692383
2022-08-22,32.19630813598633
2022-08-23,32.30097198486328
2022-08-24,32.21534729003906
2022-08-25,33.195316314697266
2022-08-26,31.73963165283203
2022-08-29,31.340028762817383
2022-08-30,30.693056106567383
2022-08-31,30.36957550048828
2022-09-01,30.21734619140625
2022-09-02,29.703575134277344
2022-09-06,28.885347366333008
2022-09-07,29.16126251220703
2022-09-08,29.25640296936035
2022-09-09,29.931917190551758
2022-09-12,30.02705955505371
2022-09-13,27.867319107055664
2022-09-14,27.762662887573242
2022-09-15,27.43917465209961
2022-09-16,27.819747924804688
2022-09-19,28.010034561157227
2022-09-20,27.553348541259766
2022-09-21,27.087146759033203
2022-09-22,26.70657730102539
2022-09-23,26.183292388916016
2022-09-26,25.660005569458008
2022-09-27,25.583890914916992
2022-09-28,25.81223487854004
2022-09-29,25.09866714477539
2022-09-30,24.518293380737305
2022-10-03,25.660005569458008
2022-10-04,26.354549407958984
2022-10-05,26.297462463378906
2022-10-06,25.859806060791016
2022-10-07,24.470722198486328
2022-10-10,23.975980758666992
2022-10-11,23.823749542236328
2022-10-12,24.099668502807617
2022-10-13,25.136716842651367
2022-10-14,24.6514949798584
2022-10-17,25.136716842651367
2022-10-18,24.613435745239258
2022-10-19,24.737119674682617
2022-10-20,24.813236236572266
2022-10-21,25.660005569458008
2022-10-24,25.859806060791016
2022-10-25,26.078636169433594
2022-10-26,25.888351440429688
2022-10-27,24.994009017944336
2022-10-28,27.658004760742188
2022-10-31,27.04909324645996
2022-11-01,26.925405502319336
2022-11-02,26.08814811706543
2022-11-03,26.059608459472656
2022-11-04,27.19263458251953
2022-11-07,27.395132064819336
2022-11-08,27.462629318237305
2022-11-09,26.536924362182617
2022-11-10,28.69690704345703
2022-11-11,29.342971801757812
2022-11-14,29.26582908630371
2022-11-15,29.61296844482422
2022-11-16,28.475120544433594
2022-11-17,28.822263717651367
2022-11-18,28.802978515625
2022-11-21,27.906200408935547
2022-11-22,28.754764556884766
2022-11-23,28.61012077331543
2022-11-25,28.291908264160156
2022-11-28,27.703699111938477
2022-11-29,27.867626190185547
2022-11-30,28.995832443237305
2022-12-01,28.764406204223633
2022-12-02,28.35940933227539
2022-12-05,28.12798309326172
2022-12-06,27.578344345092773
2022-12-07,27.317989349365234
2022-12-08,27.42405891418457
2022-12-09,27.231203079223633
2022-12-12,27.66512680053711
2022-12-13,27.703699111938477
2022-12-14,27.250492095947266
2022-12-15,26.18014144897461
2022-12-16,25.958356857299805
2022-12-19,25.8330020904541
2022-12-20,25.495502471923828
2022-12-21,25.871570587158203
2022-12-22,25.042293548583984
2022-12-23,25.158008575439453
2022-12-27,25.013362884521484
2022-12-28,24.627656936645508
2022-12-29,25.273719787597656
2022-12-30,25.48586082458496
2023-01-03,25.775144577026367
2023-01-04,26.691207885742188
2023-01-05,26.57549476623535
2023-01-06,27.703699111938477
2023-01-09,28.262981414794922
2023-01-10,28.38833999633789
2023-01-11,28.783693313598633
2023-01-12,29.207975387573242
2023-01-13,29.034404754638672
2023-01-17,28.542621612548828
2023-01-18,27.780841827392578
2023-01-19,27.404775619506836
2023-01-20,28.17619514465332
2023-01-23,29.188688278198242
2023-01-24,28.851192474365234
2023-01-25,28.639049530029297
2023-01-26,29.015121459960938
2023-01-27,27.154062271118164
2023-01-30,26.95156478881836
2023-01-31,27.250492095947266
2023-02-01,28.03155517578125
2023-02-02,29.111547470092773
2023-02-03,29.23690414428711
2023-02-06,28.00222396850586
2023-02-07,28.353593826293945
2023-02-08,27.563013076782227
2023-02-09,27.06524085998535
2023-02-10,27.133562088012695
2023-02-13,27.865583419799805
2023-02-14,27.95342254638672
2023-02-15,28.15839195251465
2023-02-16,27.523975372314453
2023-02-17,26.948118209838867
2023-02-21,25.435274124145508
2023-02-22,24.859416961669922
2023-02-23,24.996061325073242
2023-02-24,24.537330627441406
2023-02-27,24.303081512451172
2023-02-28,24.33236312866211
2023-03-01,24.722774505615234
2023-03-02,25.57192039489746
2023-03-03,25.767122268676758
2023-03-06,25.366952896118164
2023-03-07,24.917980194091797
2023-03-08,25.35719108581543
2023-03-09,25.806163787841797
2023-03-10,26.567466735839844
2023-03-13,26.303939819335938
2023-03-14,27.338529586791992
2023-03-15,27.728939056396484
2023-03-16,29.456506729125977
2023-03-17,29.09537696838379
2023-03-20,28.460960388183594
2023-03-21,27.777738571166992
2023-03-22,27.455650329589844
2023-03-23,28.334077835083008
2023-03-24,28.656166076660156
2023-03-27,28.48048210144043
2023-03-28,28.587844848632812
2023-03-29,30.76438331604004
2023-03-30,31.320720672607422
2023-03-31,31.886810302734375
2023-04-03,32.10154342651367
2023-04-04,32.3065071105957
2023-04-05,32.04298400878906
2023-04-06,32.02346420288086
2023-04-10,31.74041175842285
2023-04-11,31.57448387145996
2023-04-12,31.252399444580078
2023-04-13,31.35976219177246
2023-04-14,31.12551498413086
2023-04-17,31.36952018737793
2023-04-18,31.06695556640625
2023-04-19,30.40325164794922
2023-04-20,30.120208740234375
2023-04-21,29.57362937927246
2023-04-24,28.948970794677734
2023-04-25,28.187673568725586
2023-04-26,28.353593826293945
2023-04-27,29.144180297851562
2023-04-28,30.315412521362305
2023-05-01,29.57362937927246
2023-05-02,29.056337356567383
2023-05-03,29.915239334106445
2023-05-04,30.61595916748047
2023-05-05,30.370952606201172
2023-05-08,30.15534782409668
2023-05-09,29.498729705810547
2023-05-10,29.371328353881836
2023-05-11,28.283498764038086
2023-05-12,28.3717041015625
2023-05-15,29.204721450805664
2023-05-16,28.636310577392578
2023-05-17,28.29330062866211
2023-05-18,29.087120056152344
2023-05-19,29.33212661743164
2023-05-22,29.675134658813477
2023-05-23,28.920516967773438
2023-05-24,28.420703887939453
2023-05-25,26.852664947509766
2023-05-26,28.420703887939453
2023-05-30,29.390928268432617
2023-05-31,30.811962127685547
2023-06-01,30.508153915405273
2023-06-02,30.684558868408203
2023-06-05,29.263525009155273
2023-06-06,30.341550827026367
2023-06-07,30.655160903930664
2023-06-08,31.184371948242188
2023-06-09,30.713958740234375
2023-06-12,32.409400939941406
2023-06-13,33.23262405395508
2023-06-14,34.869266510009766
2023-06-15,35.10447311401367
2023-06-16,35.64347839355469
2023-06-20,34.300846099853516
2023-06-21,32.2427978515625
2023-06-22,32.05659103393555
2023-06-23,32.34080123901367
2023-06-26,32.674007415771484
2023-06-27,33.4188232421875
2023-06-28,32.899410247802734
2023-06-29,32.25259780883789
2023-06-30,32.772010803222656
2023-07-03,32.94841766357422
2023-07-05,31.8605899810791
2023-07-06,31.331375122070312
2023-07-07,31.213775634765625
2023-07-10,32.085994720458984
2023-07-11,32.634803771972656
2023-07-12,33.30122756958008
2023-07-13,33.19342041015625
2023-07-14,32.48780822753906
2023-07-17,33.683433532714844
2023-07-18,33.81083679199219
2023-07-19,33.77163314819336
2023-07-20,32.70341110229492
2023-07-21,33.34042739868164
2023-07-24,32.958221435546875
2023-07-25,33.4188232421875
2023-07-26,33.673641204833984
2023-07-27,33.85983657836914
2023-07-28,36.09429168701172
2023-07-31,35.05546951293945
2023-08-01,35.08486557006836
2023-08-02,33.70303726196289
2023-08-03,34.17344284057617
2023-08-04,34.56195068359375
2023-08-07,34.65047073364258
2023-08-08,34.44392395019531
2023-08-09,33.716094970703125
2023-08-10,34.10951614379883
2023-08-11,34.31605911254883
2023-08-14,35.09306335449219
2023-08-15,34.19803237915039
2023-08-16,32.978431701660156
2023-08-17,32.044063568115234
2023-08-18,32.21126174926758
2023-08-21,32.5948486328125
2023-08-22,32.34896469116211
2023-08-23,33.4210319519043
2023-08-24,32.053897857666016
2023-08-25,32.703041076660156
2023-08-28,33.066951751708984
2023-08-29,33.745601654052734
2023-08-30,33.961978912353516
2023-08-31,34.56195068359375
2023-09-01,36.00777053833008
2023-09-05,36.106117248535156
2023-09-06,36.371681213378906
2023-09-07,37.55194091796875
2023-09-08,37.384735107421875
2023-09-11,37.955196380615234
2023-09-12,38.22075653076172
2023-09-13,38.07322692871094
2023-09-14,38.03388214111328
2023-09-15,37.256874084472656
2023-09-18,37.36506652832031
2023-09-19,35.742210388183594
2023-09-20,34.11935043334961
2023-09-21,34.08000946044922
2023-09-22,33.617740631103516
2023-09-25,33.725929260253906
2023-09-26,33.273502349853516
2023-09-27,34.040672302246094
2023-09-28,34.601287841796875
2023-09-29,34.965206146240234
2023-10-02,34.87668228149414
2023-10-03,35.102901458740234
2023-10-04,35.338951110839844
2023-10-05,35.29960632324219
2023-10-06,35.59467697143555
2023-10-09,35.46681594848633
2023-10-10,35.83073043823242
2023-10-11,36.2733268737793
2023-10-12,36.233985900878906
2023-10-13,35.3782958984375
2023-10-16,35.958587646484375
2023-10-17,35.46681594848633
2023-10-18,35.05372619628906
2023-10-19,35.083229064941406
2023-10-20,34.34556579589844
2023-10-23,33.29316711425781
2023-10-24,34.020999908447266
2023-10-25,32.28995132446289
2023-10-26,31.985044479370117
2023-10-27,34.95536804199219
2023-10-30,35.102901458740234
2023-10-31,35.899574279785156
2023-11-01,36.67658233642578
2023-11-02,37.07984161376953
2023-11-03,37.512596130371094
2023-11-06,37.448455810546875
2023-11-07,38.25761795043945
2023-11-08,37.418853759765625
2023-11-09,37.30044174194336
2023-11-10,38.346435546875
2023-11-13,37.72475814819336
2023-11-14,38.889163970947266
2023-11-15,40.07330322265625
2023-11-16,42.77709197998047
2023-11-17,43.231014251708984
2023-11-20,44.14872360229492
2023-11-21,43.063262939453125
2023-11-22,43.09286117553711
2023-11-24,43.3790283203125
2023-11-27,43.4974479675293
2023-11-28,43.64546203613281
2023-11-29,44.3460807800293
2023-11-30,44.1092529296875
2023-12-01,43.16194152832031
2023-12-04,41.79030990600586
2023-12-05,41.365989685058594
2023-12-06,40.72458267211914
2023-12-07,41.59295654296875
2023-12-08,42.135684967041016
2023-12-11,43.95136642456055
2023-12-12,43.45797348022461
2023-12-13,43.98097229003906
2023-12-14,44.582908630371094
2023-12-15,45.549957275390625
2023-12-18,45.08616256713867
2023-12-19,46.04335021972656
2023-12-20,45.155242919921875
2023-12-21,46.457801818847656
2023-12-22,47.365638732910156
2023-12-26,49.83259963989258
2023-12-27,50.08916091918945
2023-12-28,49.724056243896484
2023-12-29,49.58590316772461
2024-01-02,47.16828536987305
2024-01-03,46.428192138671875
2024-01-04,46.25057601928711
2024-01-05,46.27030944824219
2024-01-08,47.809696197509766
2024-01-09,47.41497802734375
2024-01-10,46.842647552490234
2024-01-11,47.01039505004883
2024-01-12,46.49726486206055
2024-01-16,46.43806838989258
2024-01-17,45.45127868652344
2024-01-18,46.122291564941406
2024-01-19,47.51365661621094
2024-01-22,47.582733154296875
2024-01-23,48.24387741088867
2024-01-24,48.44123458862305
2024-01-25,48.89515686035156
2024-01-26,43.07312774658203
2024-01-29,43.260616302490234
2024-01-30,42.35277557373047
2024-01-31,42.51066207885742
2024-02-01,42.786964416503906
2024-02-02,42.0369987487793
2024-02-05,42.20475769042969
2024-02-06,42.29877853393555
2024-02-07,42.33836364746094
2024-02-08,42.061256408691406
2024-02-09,42.862892150878906
2024-02-12,43.57545852661133
2024-02-13,42.714439392089844
2024-02-14,43.73380661010742
2024-02-15,43.595252990722656
2024-02-16,43.060829162597656
2024-02-20,44.060401916503906
2024-02-21,43.021244049072266
2024-02-22,42.53630065917969
2024-02-23,42.54619598388672
2024-02-26,42.54619598388672
2024-02-27,42.28887939453125
2024-02-28,41.5565185546875
2024-02-29,42.60557556152344
2024-03-01,43.36763000488281
2024-03-04,45.13915252685547
2024-03-05,42.714439392089844
2024-03-06,44.05050277709961
2024-03-07,45.67357635498047
2024-03-08,43.54576873779297
2024-03-11,44.39689254760742
2024-03-12,44.772972106933594
2024-03-13,42.78371810913086
2024-03-14,42.30867385864258
2024-03-15,42.199806213378906
2024-03-18,42.26908874511719
2024-03-19,41.61589813232422
2024-03-20,41.76435089111328
2024-03-21,41.982078552246094
2024-03-22,42.130531311035156
2024-03-25,41.39817428588867
2024-03-26,41.5565185546875
2024-03-27,43.318145751953125
2024-03-28,43.714012145996094
2024-04-01,44.060401916503906
2024-04-02,43.486385345458984
2024-04-03,39.91366195678711
2024-04-04,39.31985092163086
2024-04-05,38.31038284301758
2024-04-08,37.58791732788086
2024-04-09,37.934303283691406
2024-04-10,36.81597137451172
2024-04-11,37.24153137207031
2024-04-12,35.321556091308594
2024-04-15,35.935157775878906
2024-04-16,35.88566970825195
2024-04-17,35.31166076660156
2024-04-18,34.67826843261719
2024-04-19,33.84693908691406
2024-04-22,34.054771423339844
2024-04-23,33.92611312866211
2024-04-24,34.14384078979492
2024-04-25,34.74754333496094
2024-04-26,31.55088996887207
2024-04-29,31.036258697509766
2024-04-30,30.155445098876953
2024-05-01,30.05647850036621
2024-05-02,30.195032119750977
2024-05-03,30.581005096435547
2024-05-06,30.774776458740234
2024-05-07,30.486604690551758
2024-05-08,29.81089210510254
2024-05-09,29.90032386779785
2024-05-10,29.66183853149414
2024-05-13,30.317676544189453
2024-05-14,30.854272842407227
2024-05-15,31.072887420654297
2024-05-16,31.828094482421875
2024-05-17,31.629356384277344
2024-05-20,31.897653579711914
2024-05-21,31.5399227142334
2024-05-22,31.221940994262695
2024-05-23,29.8903865814209
2024-05-24,30.526351928710938
2024-05-28,30.86421012878418
2024-05-29,29.94007110595703
2024-05-30,29.99969482421875
2024-05-31,30.655534744262695
2024-06-03,30.099063873291016
2024-06-04,29.8407039642334
2024-06-05,30.585975646972656
2024-06-06,30.22824478149414
2024-06-07,30.546226501464844
2024-06-10,30.71515464782715
2024-06-11,30.7250919342041
2024-06-12,30.56610107421875
2024-06-13,30.26799201965332
2024-06-14,30.258056640625
2024-06-17,30.784713745117188
2024-06-18,30.436920166015625
2024-06-20,30.426984786987305
2024-06-21,30.894020080566406
2024-06-24,30.37729835510254
2024-06-25,30.546226501464844
2024-06-26,30.347488403320312
2024-06-27,30.397172927856445
2024-06-28,30.774776458740234
2024-07-01,30.645597457885742
2024-07-02,30.874147415161133
2024-07-03,31.033138275146484
2024-07-05,31.818159103393555
2024-07-08,33.77574157714844
2024-07-09,34.3719596862793
2024-07-10,34.65019226074219
2024-07-11,33.2888298034668
2024-07-12,34.27259063720703
2024-07-15,34.242774963378906
2024-07-16,34.12353515625
2024-07-17,34.242774963378906
2024-07-18,34.65019226074219
2024-07-19,32.7721061706543
2024-07-22,33.15964889526367
2024-07-23,32.7422981262207
2024-07-24,31.50017547607422
2024-07-25,30.90395736694336
2024-07-26,31.152381896972656
2024-07-29,30.63566017150879
2024-07-30,29.94007110595703
2024-07-31,30.546226501464844
2024-08-01,28.866878509521484
2024-08-02,21.3445987701416
2024-08-05,19.983234405517578
2024-08-06,19.704999923706055
2024-08-07,18.989999771118164
2024-08-08,20.489999771118164
2024-08-09,19.709999084472656
2024-08-12,19.360000610351562
2024-08-13,20.469999313354492
2024-08-14,19.920000076293945
2024-08-15,20.690000534057617
2024-08-16,20.8700008392334
2024-08-19,21.520000457763672
2024-08-20,20.989999771118164
2024-08-21,21.40999984741211
2024-08-22,20.100000381469727
2024-08-23,20.540000915527344
2024-08-26,20.1299991607666
2024-08-27,20.06999969482422
2024-08-28,19.610000610351562
2024-08-29,20.1299991607666
2024-08-30,22.040000915527344
2024-09-03,20.100000381469727
2024-09-04,19.43000030517578
2024-09-05,19.399999618530273
2024-09-06,18.889999389648438
2024-09-09,19.06999969482422
2024-09-10,18.979999542236328
2024-09-11,19.639999389648438
2024-09-12,19.360000610351562
2024-09-13,19.65999984741211
2024-09-16,20.90999984741211
2024-09-17,21.469999313354492
2024-09-18,20.770000457763672
2024-09-19,21.139999389648438
2024-09-20,21.84000015258789
2024-09-23,22.559999465942383
2024-09-24,22.809999465942383
2024-09-25,23.540000915527344
2024-09-26,23.920000076293945
2024-09-27,23.90999984741211
2024-09-30,23.459999084472656
2024-10-01,22.690000534057617
2024-10-02,22.389999389648438
2024-10-03,22.260000228881836
2024-10-04,22.59000015258789
2024-10-07,22.3799991607666
2024-10-08,23.31999969482422
2024-10-09,23.459999084472656
2024-10-10,23.219999313354492
2024-10-11,23.559999465942383
2024-10-14,23.440000534057617
2024-10-15,22.65999984741211
2024-10-16,22.309999465942383
2024-10-17,22.440000534057617
2024-10-18,22.770000457763672
2024-10-21,22.84000015258789
2024-10-22,22.399999618530273
2024-10-23,21.979999542236328
2024-10-24,22.34000015258789
2024-10-25,22.68000030517578
2024-10-28,22.920000076293945
2024-10-29,22.899999618530273
2024-10-30,22.299999237060547
2024-10-31,21.520000457763672
2024-11-01,23.200000762939453
2024-11-04,22.520000457763672
2024-11-05,23.31999969482422
2024-11-06,25.049999237060547
2024-11-07,26.229999542236328
2024-11-08,26.200000762939453
2024-11-11,25.049999237060547
2024-11-12,24.15999984741211
2024-11-13,24.920000076293945
2024-11-14,25.030000686645508
2024-11-15,24.350000381469727
2024-11-18,24.84000015258789
2024-11-19,24.200000762939453
2024-11-20,24.010000228881836
2024-11-21,24.440000534057617
2024-11-22,24.5
2024-11-25,24.8700008392334
2024-11-26,24.049999237060547
2024-11-27,23.649999618530273
2024-11-29,24.049999237060547
2024-12-02,23.93000030517578
2024-12-03,22.469999313354492
2024-12-04,21.959999084472656
2024-12-05,20.799999237060547
2024-12-06,20.920000076293945
2024-12-09,20.809999465942383
2024-12-10,20.15999984741211
2024-12-11,20.1200008392334
2024-12-12,20.780000686645508
2024-12-13,20.34000015258789
2024-12-16,20.829999923706055
2024-12-17,20.440000534057617
2024-12-18,19.299999237060547
2024-12-19,19.059999465942383
2024-12-20,19.520000457763672
2024-12-23,20.200000762939453
2024-12-24,20.399999618530273
2024-12-26,20.440000534057617
2024-12-27,20.299999237060547
2024-12-30,19.81999969482422
2024-12-31,20.049999237060547
2025-01-02,20.219999313354492
2025-01-03,20.559999465942383
2025-01-06,19.8700008392334
2025-01-07,20.010000228881836
2025-01-08,19.8799991607666
2025-01-10,19.149999618530273
2025-01-13,19.200000762939453
2025-01-14,19.200000762939453
2025-01-15,19.719999313354492
2025-01-16,19.670000076293945
2025-01-17,21.489999771118164
2025-01-21,21.770000457763672
2025-01-22,21.860000610351562
2025-01-23,21.56999969482422
2025-01-24,20.829999923706055
2025-01-27,20.290000915527344
2025-01-28,19.799999237060547
2025-01-29,19.75
2025-01-30,20.010000228881836
2025-01-31,19.43000030517578
2025-02-03,19.3799991607666
2025-02-04,19.290000915527344
2025-02-05,19.649999618530273
2025-02-06,19.3799991607666
2025-02-07,19.100000381469727
2025-02-10,19.770000457763672
2025-02-11,20.969999313354492
2025-02-12,22.479999542236328
2025-02-13,24.1299991607666
2025-02-14,23.600000381469727
2025-02-18,27.389999389648438
2025-02-19,25.719999313354492
2025-02-20,26.09000015258789
2025-02-21,24.8700008392334
2025-02-24,24.270000457763672
2025-02-25,22.989999771118164
2025-02-26,23.520000457763672
2025-02-27,23.09000015258789
2025-02-28,23.729999542236328
2025-03-03,22.739999771118164
2025-03-04,21.329999923706055
2025-03-05,20.809999465942383
2025-03-06,20.75
2025-03-07,20.639999389648438
2025-03-10,19.93000030517578
2025-03-11,19.780000686645508
2025-03-12,20.68000030517578
2025-03-13,23.700000762939453
2025-03-14,24.049999237060547
2025-03-17,25.690000534057617
2025-03-18,25.920000076293945
2025-03-19,24.1200008392334
2025-03-20,23.959999084472656
2025-03-21,24.260000228881836
2025-03-24,24.219999313354492
2025-03-25,24.200000762939453
2025-03-26,23.420000076293945
2025-03-27,23.6200008392334
2025-03-28,22.709999084472656
2025-03-31,22.709999084472656
2025-04-01,22.049999237060547
2025-04-02,21.979999542236328
2025-04-03,22.43000030517578
2025-04-04,19.850000381469727
2025-04-07,19.56999969482422
2025-04-08,18.1299991607666
2025-04-09,21.530000686645508
2025-04-10,19.8799991607666
2025-04-11,19.739999771118164
2025-04-14,20.309999465942383
2025-04-15,19.850000381469727
2025-04-16,19.229999542236328
2025-04-17,18.93000030517578
2025-04-21,18.84000015258789
2025-04-22,19.510000228881836
2025-04-23,20.59000015258789
2025-04-24,21.489999771118164
2025-04-25,20.049999237060547
2025-04-28,20.510000228881836
2025-04-29,20.34000015258789
2025-04-30,20.100000381469727
2025-05-01,19.979999542236328
2025-05-02,20.6200008392334
2025-05-05,20.270000457763672
2025-05-06,19.940000534057617
2025-05-07,20.309999465942383
2025-05-08,21.0
2025-05-09,21.420000076293945
2025-05-12,22.18000030517578
2025-05-13,22.559999465942383
2025-05-14,21.520000457763672
2025-05-15,21.549999237060547
2025-05-16,21.65999984741211
2025-05-19,21.3799991607666
2025-05-20,21.270000457763672
2025-05-21,20.690000534057617
2025-05-22,20.549999237060547
2025-05-23,20.049999237060547
2025-05-27,20.549999237060547
2025-05-28,20.3700008392334
2025-05-29,20.25
2025-05-30,19.549999237060547
2025-06-02,19.739999771118164
2025-06-03,20.290000915527344
2025-06-04,20.25
2025-06-05,19.989999771118164
2025-06-06,20.059999465942383
2025-06-09,20.479999542236328
2025-06-10,22.079999923706055
2025-06-11,20.68000030517578
2025-06-12,20.770000457763672
2025-06-13,20.139999389648438
2025-06-16,20.739999771118164
2025-06-17,20.799999237060547
2025-06-18,21.489999771118164
2025-06-20,21.079999923706055
2025-06-23,21.190000534057617
2025-06-24,22.549999237060547
2025-06-25,22.200000762939453
2025-06-26,22.5
2025-06-27,22.690000534057617
2025-06-30,22.399999618530273
2025-07-01,22.850000381469727
2025-07-02,21.8799991607666
2025-07-03,22.489999771118164
2025-07-07,22.0
2025-07-08,23.59000015258789
2025-07-09,23.440000534057617
2025-07-10,23.81999969482422
2025-07-11,23.43000030517578
2025-07-14,23.299999237060547
2025-07-15,22.920000076293945
2025-07-16,22.690000534057617
2025-07-17,22.799999237060547
2025-07-18,23.100000381469727
2025-07-21,23.260000228881836
2025-07-22,23.239999771118164
2025-07-23,23.489999771118164
2025-07-24,22.6299991607666
2025-07-25,20.700000762939453
2025-07-28,20.68000030517578
2025-07-29,20.40999984741211
2025-07-30,20.34000015258789
2025-07-31,19.799999237060547
2025-08-01,19.309999465942383
2025-08-04,19.5
2025-08-05,20.190000534057617
2025-08-06,20.40999984741211
2025-08-07,19.770000457763672
2025-08-08,19.950000762939453
2025-08-11,20.649999618530273
2025-08-12,21.809999465942383
2025-08-13,22.219999313354492
2025-08-14,23.860000610351562
2025-08-15,24.559999465942383
2025-08-18,23.65999984741211
2025-08-19,25.309999465942383
2025-08-20,23.540000915527344
2025-08-21,23.5
2025-08-22,24.799999237060547
2025-08-25,24.549999237060547
2025-08-26,24.350000381469727
2025-08-27,24.850000381469727
2025-08-28,24.93000030517578
2025-08-29,24.350000381469727
2025-09-02,24.209999084472656
2025-09-03,24.0
2025-09-04,24.610000610351562
2025-09-05,24.489999771118164
2025-09-08,24.479999542236328
2025-09-09,24.440000534057617
2025-09-10,24.770000457763672
2025-09-11,24.610000610351562
2025-09-12,24.079999923706055
2025-09-15,24.770000457763672
2025-09-16,25.270000457763672
2025-09-17,24.899999618530273
2025-09-18,30.56999969482422
2025-09-19,29.579999923706055
2025-09-22,28.760000228881836
2025-09-23,29.34000015258789
2025-09-24,31.219999313354492
2025-09-25,33.9900016784668
2025-09-26,35.5
2025-09-29,34.47999954223633
2025-09-30,33.54999923706055
2025-10-01,35.939998626708984
2025-10-02,37.29999923706055
2025-10-03,36.83000183105469
2025-10-06,36.59000015258789
2025-10-07,37.16999816894531
2025-10-08,37.43000030517578
2025-10-09,37.79999923706055
2025-10-10,36.369998931884766
2025-10-13,37.220001220703125
2025-10-14,35.630001068115234
2025-10-15,37.150001525878906
2025-10-16,36.84000015258789
2025-10-17,37.0099983215332
2025-10-20,38.099998474121094
2025-10-21,38.119998931884766
2025-10-22,36.91999816894531
2025-10-23,38.15999984741211
2025-10-24,38.279998779296875
2025-10-27,39.540000915527344
2025-10-28,41.529998779296875
2025-10-29,41.34000015258789
2025-10-30,40.15999984741211
2025-10-31,39.9900016784668
2025-11-03,39.5
2025-11-04,37.029998779296875
2025-11-05,38.380001068115234
2025-11-06,37.2400016784668
2025-11-07,38.130001068115234
2025-11-10,38.45000076293945
2025-11-11,37.880001068115234
2025-11-12,37.88999938964844
2025-11-13,35.90999984741211
2025-11-14,35.52000045776367
2025-11-17,34.709999084472656
2025-11-18,34.33000183105469
2025-11-19,35.11000061035156
2025-11-20,33.619998931884766
2025-11-21,34.5
2025-11-24,35.790000915527344
2025-11-25,35.83000183105469
2025-11-26,36.810001373291016
2025-11-28,40.560001373291016
2025-12-01,40.0099983215332
2025-12-02,43.470001220703125
2025-12-03,43.7599983215332
2025-12-04,40.5
