date,close
2010-12-09,40.14934158325195
2010-12-10,40.05229568481445
2010-12-13,40.01994705200195
2010-12-14,40.6086540222168
2010-12-15,40.47927474975586
2010-12-16,40.36928939819336
2010-12-17,40.45985794067383
2010-12-20,40.42753219604492
2010-12-21,40.33046340942383
2010-12-22,40.12346649169922
2010-12-23,40.27226638793945
2010-12-27,40.06523513793945
2010-12-28,40.142852783203125
2010-12-29,40.19462203979492
2010-12-30,40.07169723510742
2010-12-31,40.01347351074219
2011-01-03,40.64101028442383
2011-01-04,40.98390197753906
2011-01-05,40.9580192565918
2011-01-06,40.89331817626953
2011-01-07,40.49869918823242
2011-01-10,40.214027404785156
2011-01-11,40.28519058227539
2011-01-12,40.43399429321289
2011-01-13,40.69923400878906
2011-01-14,40.466346740722656
2011-01-18,40.17522430419922
2011-01-19,40.47280502319336
2011-01-20,40.666900634765625
2011-01-21,40.53750991821289
2011-01-24,40.25285339355469
2011-01-25,39.51532745361328
2011-01-26,39.204795837402344
2011-01-27,39.25654983520508
2011-01-28,38.823097229003906
2011-01-31,38.667850494384766
2011-02-01,39.22420883178711
2011-02-02,39.21773910522461
2011-02-03,39.33418655395508
2011-02-04,39.36006546020508
2011-02-07,39.37946701049805
2011-02-08,39.42475509643555
2011-02-09,39.38594436645508
2011-02-10,39.41830062866211
2011-02-11,39.26949691772461
2011-02-14,39.26949691772461
2011-02-15,39.21773910522461
2011-02-16,39.153045654296875
2011-02-17,39.327701568603516
2011-02-18,39.53473663330078
2011-02-22,39.237144470214844
2011-02-23,39.068939208984375
2011-02-24,38.97836685180664
2011-02-25,38.93267059326172
2011-02-28,40.107704162597656
2011-03-01,39.624637603759766
2011-03-02,39.69643783569336
2011-03-03,39.85310745239258
2011-03-04,39.859642028808594
2011-03-07,39.42878723144531
2011-03-08,39.63114547729492
2011-03-09,39.42878723144531
2011-03-10,38.9130859375
2011-03-11,38.965309143066406
2011-03-14,38.59975051879883
2011-03-15,38.1754264831543
2011-03-16,37.64013671875
2011-03-17,37.946956634521484
2011-03-18,38.234188079833984
2011-03-21,38.403900146484375
2011-03-22,38.37778854370117
2011-03-23,38.33209991455078
2011-03-24,38.53446578979492
2011-03-25,38.5018310546875
2011-03-28,38.67155075073242
2011-03-29,38.658504486083984
2011-03-30,38.762943267822266
2011-03-31,38.6780891418457
2011-04-01,38.83476257324219
2011-04-04,39.26559829711914
2011-04-05,39.03712463378906
2011-04-06,38.94572830200195
2011-04-07,38.828224182128906
2011-04-08,38.81516647338867
2011-04-11,39.0762939453125
2011-04-12,39.128509521484375
2011-04-13,38.906558990478516
2011-04-14,39.18074417114258
2011-04-15,39.53324508666992
2011-04-18,39.467952728271484
2011-04-19,40.923702239990234
2011-04-20,42.03343200683594
2011-04-21,41.82455062866211
2011-04-25,41.85068130493164
2011-04-26,42.39901351928711
2011-04-27,42.803741455078125
2011-04-28,42.679725646972656
2011-04-29,42.901668548583984
2011-05-02,43.22154235839844
2011-05-03,43.254173278808594
2011-05-04,42.8690185546875
2011-05-05,42.43818283081055
2011-05-06,42.607913970947266
2011-05-09,42.8428955078125
2011-05-10,42.92777633666992
2011-05-11,43.456539154052734
2011-05-12,43.86128234863281
2011-05-13,43.48918533325195
2011-05-16,43.32598876953125
2011-05-17,43.34554672241211
2011-05-18,43.41085433959961
2011-05-19,43.33904266357422
2011-05-20,42.882083892822266
2011-05-23,42.79722213745117
2011-05-24,42.94083023071289
2011-05-25,43.27375793457031
2011-05-26,43.1354866027832
2011-05-27,43.96512985229492
2011-05-31,44.30752944946289
2011-06-01,43.77418899536133
2011-06-02,43.77418899536133
2011-06-03,43.51738739013672
2011-06-06,43.491058349609375
2011-06-07,43.128902435302734
2011-06-08,43.55031204223633
2011-06-09,43.97170639038086
2011-06-10,43.51738739013672
2011-06-13,43.846614837646484
2011-06-14,44.18242263793945
2011-06-15,43.5634880065918
2011-06-16,43.66883087158203
2011-06-17,43.64908218383789
2011-06-20,43.79395294189453
2011-06-21,43.78074645996094
2011-06-22,43.50422668457031
2011-06-23,43.24082565307617
2011-06-24,42.83917236328125
2011-06-27,42.96427536010742
2011-06-28,43.398860931396484
2011-06-29,43.66225051879883
2011-06-30,43.80051803588867
2011-07-01,44.31413269042969
2011-07-05,44.52482986450195
2011-07-06,44.47872543334961
2011-07-07,44.722373962402344
2011-07-08,44.49190139770508
2011-07-11,44.29435348510742
2011-07-12,44.136348724365234
2011-07-13,44.53141403198242
2011-07-14,44.55115509033203
2011-07-15,44.412872314453125
2011-07-18,44.17583465576172
2011-07-19,43.93221664428711
2011-07-20,43.61613845825195
2011-07-21,43.7675895690918
2011-07-22,43.93221664428711
2011-07-25,43.62273406982422
2011-07-26,43.405452728271484
2011-07-27,42.95112228393555
2011-07-28,42.85234451293945
2011-07-29,42.6613883972168
2011-08-01,42.411190032958984
2011-08-02,41.765892028808594
2011-08-03,41.752716064453125
2011-08-04,40.718955993652344
2011-08-05,41.291812896728516
2011-08-08,40.24486541748047
2011-08-09,40.95598602294922
2011-08-10,39.63908767700195
2011-08-11,41.77247619628906
2011-08-12,41.71979904174805
2011-08-15,42.52969741821289
2011-08-16,42.378257751464844
2011-08-17,42.31241226196289
2011-08-18,41.58810043334961
2011-08-19,41.5749397277832
2011-08-22,41.673709869384766
2011-08-23,42.7799186706543
2011-08-24,43.148643493652344
2011-08-25,42.50336837768555
2011-08-26,42.702659606933594
2011-08-29,43.75227737426758
2011-08-30,43.692501068115234
2011-08-31,43.71242141723633
2011-09-01,43.40019989013672
2011-09-02,42.56316375732422
2011-09-06,42.941802978515625
2011-09-07,43.46664047241211
2011-09-08,43.147762298583984
2011-09-09,42.27749252319336
2011-09-12,42.2442626953125
2011-09-13,42.25754928588867
2011-09-14,42.33727264404297
2011-09-15,42.782371520996094
2011-09-16,42.90859603881836
2011-09-19,42.60965347290039
2011-09-20,42.66279602050781
2011-09-21,41.93868637084961
2011-09-22,41.13486099243164
2011-09-23,40.915645599365234
2011-09-26,41.64638137817383
2011-09-27,42.39707565307617
2011-09-28,42.018402099609375
2011-09-29,42.45021057128906
2011-09-30,42.310699462890625
2011-10-03,41.24114990234375
2011-10-04,41.30094528198242
2011-10-05,41.42051315307617
2011-10-06,41.726104736328125
2011-10-07,41.93868637084961
2011-10-10,42.80230712890625
2011-10-11,42.490081787109375
2011-10-12,42.735870361328125
2011-10-13,42.66944122314453
2011-10-14,42.99497604370117
2011-10-17,42.37713623046875
2011-10-18,42.79566192626953
2011-10-19,41.61316680908203
2011-10-20,41.54009246826172
2011-10-21,42.37049102783203
2011-10-24,43.00159454345703
2011-10-25,42.310699462890625
2011-10-26,42.84215545654297
2011-10-27,43.51313400268555
2011-10-28,43.579566955566406
2011-10-31,42.775726318359375
2011-11-01,42.104766845703125
2011-11-02,42.27749252319336
2011-11-03,42.74250411987305
2011-11-04,42.596370697021484
2011-11-07,42.51664733886719
2011-11-08,43.08796310424805
2011-11-09,42.20441436767578
2011-11-10,42.596370697021484
2011-11-11,43.347049713134766
2011-11-14,43.12118148803711
2011-11-15,43.17433166503906
2011-11-16,42.782371520996094
2011-11-17,42.476783752441406
2011-11-18,42.41701126098633
2011-11-21,41.81245803833008
2011-11-22,41.7859001159668
2011-11-23,41.181358337402344
2011-11-25,41.080787658691406
2011-11-28,41.81833267211914
2011-11-29,42.09323501586914
2011-11-30,43.393985748291016
2011-12-01,43.21293640136719
2011-12-02,42.55586242675781
2011-12-05,42.48210525512695
2011-12-06,42.56927490234375
2011-12-07,43.21293640136719
2011-12-08,42.76370620727539
2011-12-09,43.26656723022461
2011-12-12,42.582679748535156
2011-12-13,42.48210525512695
2011-12-14,42.36140823364258
2011-12-15,42.911216735839844
2011-12-16,43.11236572265625
2011-12-19,42.59608840942383
2011-12-20,43.259864807128906
2011-12-21,43.55488967895508
2011-12-22,43.702392578125
2011-12-23,44.23878479003906
2011-12-27,44.26560592651367
2011-12-28,43.8834228515625
2011-12-29,44.17173767089844
2011-12-30,43.9705810546875
2012-01-03,44.17173767089844
2012-01-04,43.903560638427734
2012-01-05,43.84990310668945
2012-01-06,43.46772003173828
2012-01-09,43.5347785949707
2012-01-10,43.71581268310547
2012-01-11,43.66887664794922
2012-01-12,43.73592758178711
2012-01-13,43.75603103637695
2012-01-17,43.662166595458984
2012-01-18,43.76943588256836
2012-01-19,43.70909881591797
2012-01-20,43.76274490356445
2012-01-23,43.58171463012695
2012-01-24,43.58171463012695
2012-01-25,43.729217529296875
2012-01-26,44.051048278808594
2012-01-27,43.95718002319336
2012-01-30,44.057743072509766
2012-01-31,44.19185256958008
2012-02-01,44.044342041015625
2012-02-02,43.977291107177734
2012-02-03,44.010826110839844
2012-02-06,43.70909881591797
2012-02-07,43.75603103637695
2012-02-08,43.742610931396484
2012-02-09,43.50794982910156
2012-02-10,43.31352233886719
2012-02-13,43.36715316772461
2012-02-14,43.320220947265625
2012-02-15,43.347042083740234
2012-02-16,43.528076171875
2012-02-17,43.57500076293945
2012-02-21,43.608516693115234
2012-02-22,43.58171463012695
2012-02-23,43.64876174926758
2012-02-24,43.60140609741211
2012-02-27,43.594635009765625
2012-02-28,44.08842086791992
2012-02-29,44.02077865600586
2012-03-01,43.85166549682617
2012-03-02,43.81108474731445
2012-03-05,43.905792236328125
2012-03-06,43.527000427246094
2012-03-07,43.49318313598633
2012-03-08,43.865211486816406
2012-03-09,43.79079818725586
2012-03-12,44.034305572509766
2012-03-13,44.189876556396484
2012-03-14,44.02077865600586
2012-03-15,44.014015197753906
2012-03-16,44.04783630371094
2012-03-19,44.108699798583984
2012-03-20,43.939613342285156
2012-03-21,43.80432891845703
2012-03-22,43.60140609741211
2012-03-23,43.66227722167969
2012-03-26,44.08165740966797
2012-03-27,44.23722839355469
2012-03-28,44.38603591918945
2012-03-29,44.33193588256836
2012-03-30,44.61602020263672
2012-04-02,44.785125732421875
2012-04-03,44.5619010925293
2012-04-04,44.23046112060547
2012-04-05,44.19664001464844
2012-04-09,43.91255187988281
2012-04-10,43.42552947998047
2012-04-11,43.37819290161133
2012-04-12,43.39171600341797
2012-04-13,42.97909927368164
2012-04-16,43.276729583740234
2012-04-17,43.43906784057617
2012-04-18,42.789710998535156
2012-04-19,42.63412857055664
2012-04-20,43.09408950805664
2012-04-23,42.864131927490234
2012-04-24,43.134674072265625
2012-04-25,43.58112335205078
2012-04-26,43.79756164550781
2012-04-27,43.858436584472656
2012-04-30,44.034305572509766
2012-05-01,44.115474700927734
2012-05-02,44.189876556396484
2012-05-03,44.19664001464844
2012-05-04,43.79079818725586
2012-05-07,43.83137893676758
2012-05-08,43.95315933227539
2012-05-09,43.479652404785156
2012-05-10,43.67580795288086
2012-05-11,43.52022933959961
2012-05-14,43.2429084777832
2012-05-15,43.02645492553711
2012-05-16,43.09408950805664
2012-05-17,42.985870361328125
2012-05-18,42.85060119628906
2012-05-21,42.931758880615234
2012-05-22,42.965572357177734
2012-05-23,42.796478271484375
2012-05-24,43.096988677978516
2012-05-25,42.694026947021484
2012-05-29,42.7486572265625
2012-05-30,42.48912811279297
2012-05-31,42.63938903808594
2012-06-01,42.195438385009766
2012-06-04,42.57790756225586
2012-06-05,42.48912811279297
2012-06-06,42.89210891723633
2012-06-07,42.89210891723633
2012-06-08,43.01503372192383
2012-06-11,42.42765808105469
2012-06-12,43.08332824707031
2012-06-13,44.01903533935547
2012-06-14,44.70203399658203
2012-06-15,45.08451461791992
2012-06-18,45.282588958740234
2012-06-19,45.569435119628906
2012-06-20,45.76068115234375
2012-06-21,45.34404754638672
2012-06-22,45.507965087890625
2012-06-25,45.41918182373047
2012-06-26,45.36452102661133
2012-06-27,45.651390075683594
2012-06-28,45.71969985961914
2012-06-29,46.14315414428711
2012-07-02,46.443660736083984
2012-07-03,46.470985412597656
2012-07-05,46.29341125488281
2012-07-06,46.19779586791992
2012-07-09,46.29341125488281
2012-07-10,46.3616943359375
2012-07-11,46.3753776550293
2012-07-12,46.245601654052734
2012-07-13,46.86030578613281
2012-07-16,46.75102615356445
2012-07-17,47.126651763916016
2012-07-18,47.37937927246094
2012-07-19,47.488651275634766
2012-07-20,46.87394714355469
2012-07-23,46.51878356933594
2012-07-24,45.99972915649414
2012-07-25,46.12266159057617
2012-07-26,46.94907760620117
2012-07-27,47.48182678222656
2012-07-30,47.43400573730469
2012-07-31,47.27692794799805
2012-08-01,47.386207580566406
2012-08-02,46.75102615356445
2012-08-03,47.20863342285156
2012-08-06,47.01737594604492
2012-08-07,46.6417350769043
2012-08-08,46.68272399902344
2012-08-09,46.6622314453125
2012-08-10,46.88078689575195
2012-08-13,46.75783920288086
2012-08-14,46.88078689575195
2012-08-15,46.68272399902344
2012-08-16,46.58026123046875
2012-08-17,46.30706787109375
2012-08-20,46.238773345947266
2012-08-21,46.29341125488281
2012-08-22,46.272918701171875
2012-08-23,46.2661018371582
2012-08-24,46.59001541137695
2012-08-27,46.51419448852539
2012-08-28,46.52799606323242
2012-08-29,46.43150329589844
2012-08-30,46.32122802734375
2012-08-31,46.47285842895508
2012-09-04,46.355690002441406
2012-09-05,46.362579345703125
2012-09-06,46.75542068481445
2012-09-07,46.782989501953125
2012-09-10,46.9897346496582
2012-09-11,47.0035285949707
2012-09-12,46.96908187866211
2012-09-13,47.548011779785156
2012-09-14,47.18962860107422
2012-09-17,47.03799057006836
2012-09-18,47.244747161865234
2012-09-19,47.27921676635742
2012-09-20,47.48597717285156
2012-09-21,47.596248626708984
2012-09-24,47.55488586425781
2012-09-25,47.77543640136719
2012-09-26,47.55488586425781
2012-09-27,47.561790466308594
2012-09-28,47.49285888671875
2012-10-01,47.64451599121094
2012-10-02,47.527339935302734
2012-10-03,47.55488586425781
2012-10-04,47.74098587036133
2012-10-05,48.00287628173828
2012-10-08,47.85813903808594
2012-10-09,47.148284912109375
2012-10-10,47.01731491088867
2012-10-11,46.84502410888672
2012-10-12,46.84502410888672
2012-10-15,47.27921676635742
2012-10-16,47.933963775634766
2012-10-17,48.93330001831055
2012-10-18,49.98088836669922
2012-10-19,49.526023864746094
2012-10-22,49.47086715698242
2012-10-23,48.857486724853516
2012-10-24,48.75412368774414
2012-10-25,49.02977752685547
2012-10-26,48.864376068115234
2012-10-31,48.809234619140625
2012-11-01,49.27790451049805
2012-11-02,48.864376068115234
2012-11-05,48.78858184814453
2012-11-06,48.9401741027832
2012-11-07,48.478431701660156
2012-11-08,48.00287628173828
2012-11-09,48.154502868652344
2012-11-12,48.0235595703125
2012-11-13,47.906394958496094
2012-11-14,47.74098587036133
2012-11-15,47.603126525878906
2012-11-16,47.685848236083984
2012-11-19,47.727176666259766
2012-11-20,48.01666259765625
2012-11-21,47.96154022216797
2012-11-23,48.364803314208984
2012-11-26,48.03801345825195
2012-11-27,47.84333038330078
2012-11-28,48.17707824707031
2012-11-29,48.128395080566406
2012-11-30,48.48301696777344
2012-12-03,48.427371978759766
2012-12-04,48.573402404785156
2012-12-05,48.649879455566406
2012-12-06,48.70549392700195
2012-12-07,48.98359680175781
2012-12-10,49.087913513183594
2012-12-11,49.435569763183594
2012-12-12,49.33820343017578
2012-12-13,49.192203521728516
2012-12-14,49.15046691894531
2012-12-17,49.32431411743164
2012-12-18,49.331260681152344
2012-12-19,49.1087646484375
2012-12-20,49.192203521728516
2012-12-21,48.85845947265625
2012-12-24,48.68463897705078
2012-12-26,48.78893280029297
2012-12-27,48.733299255371094
2012-12-28,48.3091926574707
2012-12-31,48.74024963378906
2013-01-02,49.2547607421875
2013-01-03,49.18526077270508
2013-01-04,49.74843215942383
2013-01-07,49.64413070678711
2013-01-08,49.651092529296875
2013-01-09,49.87358856201172
2013-01-10,50.19343948364258
2013-01-11,50.3046760559082
2013-01-14,50.450679779052734
2013-01-15,50.318572998046875
2013-01-16,50.4645881652832
2013-01-17,50.68708419799805
2013-01-18,50.916542053222656
2013-01-22,50.54108810424805
2013-01-23,50.6523323059082
2013-01-24,50.82613754272461
2013-01-25,51.39628601074219
2013-01-28,51.18770217895508
2013-01-29,51.736995697021484
2013-01-30,51.51448440551758
2013-01-31,51.39628601074219
2013-02-01,51.57707214355469
2013-02-04,51.528404235839844
2013-02-05,51.91080856323242
2013-02-06,52.418373107910156
2013-02-07,52.18891525268555
2013-02-08,52.48096466064453
2013-02-11,52.43229675292969
2013-02-12,52.703468322753906
2013-02-13,52.606101989746094
2013-02-14,52.71039581298828
2013-02-15,52.95375061035156
2013-02-19,53.509986877441406
2013-02-20,53.29444122314453
2013-02-21,53.447418212890625
2013-02-22,53.440406799316406
2013-02-25,52.96382522583008
2013-02-26,53.089969635009766
2013-02-27,53.489463806152344
2013-02-28,53.34227752685547
2013-03-01,53.75578689575195
2013-03-04,54.106224060058594
2013-03-05,54.42863082885742
2013-03-06,54.2393684387207
2013-03-07,54.49170684814453
2013-03-08,54.80007553100586
2013-03-11,54.975284576416016
2013-03-12,55.059391021728516
2013-03-13,55.0523681640625
2013-03-14,55.43785858154297
2013-03-15,55.50093078613281
2013-03-18,55.234580993652344
2013-03-19,55.2696647644043
2013-03-20,55.683162689208984
2013-03-21,55.374759674072266
2013-03-22,55.88640213012695
2013-03-25,55.84434509277344
2013-03-26,56.66436767578125
2013-03-27,56.958702087402344
2013-03-28,57.14093017578125
2013-04-01,57.42128372192383
2013-04-02,57.95392608642578
2013-04-03,57.51938247680664
2013-04-04,57.7576904296875
2013-04-05,57.49837112426758
2013-04-08,56.8465690612793
2013-04-09,57.13390350341797
2013-04-10,57.4843635559082
2013-04-11,57.69461441040039
2013-04-12,57.988975524902344
2013-04-15,57.26708984375
2013-04-16,58.479576110839844
2013-04-17,58.8019905090332
2013-04-18,58.29735565185547
2013-04-19,59.215492248535156
2013-04-22,59.45378875732422
2013-04-23,59.88829040527344
2013-04-24,59.14537811279297
2013-04-25,59.72709655761719
2013-04-26,59.657012939453125
2013-04-29,59.979393005371094
2013-04-30,59.73411560058594
2013-05-01,59.03323745727539
2013-05-02,59.68504333496094
2013-05-03,60.098548889160156
2013-05-06,59.348636627197266
2013-05-07,59.94435501098633
2013-05-08,59.895294189453125
2013-05-09,59.678035736083984
2013-05-10,60.105560302734375
2013-05-13,60.16862869262695
2013-05-14,60.953617095947266
2013-05-15,61.42316818237305
2013-05-16,61.29001235961914
2013-05-17,61.738563537597656
2013-05-20,61.682491302490234
2013-05-21,62.08901596069336
2013-05-22,61.99787521362305
2013-05-23,61.58125305175781
2013-05-24,61.30586242675781
2013-05-28,61.86371994018555
2013-05-29,60.47969436645508
2013-05-30,60.719791412353516
2013-05-31,59.44169998168945
2013-06-03,59.815956115722656
2013-06-04,59.38520050048828
2013-06-05,59.08865737915039
2013-06-06,59.63941192626953
2013-06-07,59.95719528198242
2013-06-10,60.119590759277344
2013-06-11,59.801822662353516
2013-06-12,59.13100814819336
2013-06-13,59.95719528198242
2013-06-14,59.95719528198242
2013-06-17,60.465576171875
2013-06-18,60.9810676574707
2013-06-19,59.92186737060547
2013-06-20,58.34012985229492
2013-06-21,58.74970626831055
2013-06-24,59.745365142822266
2013-06-25,60.26785659790039
2013-06-26,61.42595672607422
2013-06-27,61.22821807861328
2013-06-28,60.62798309326172
2013-07-01,61.171722412109375
2013-07-02,61.12934875488281
2013-07-03,61.277618408203125
2013-07-05,62.04731750488281
2013-07-08,62.555694580078125
2013-07-09,62.760475158691406
2013-07-10,63.014705657958984
2013-07-11,63.318321228027344
2013-07-12,63.544307708740234
2013-07-15,63.833805084228516
2013-07-16,63.833805084228516
2013-07-17,63.643157958984375
2013-07-18,63.671409606933594
2013-07-19,65.12602233886719
2013-07-22,65.16134643554688
2013-07-23,65.26019287109375
2013-07-24,65.21783447265625
2013-07-25,65.3660659790039
2013-07-26,65.54969024658203
2013-07-29,65.81803131103516
2013-07-30,65.78976440429688
2013-07-31,66.02279663085938
2013-08-01,66.21344757080078
2013-08-02,66.6512680053711
2013-08-05,66.23463439941406
2013-08-06,66.24170684814453
2013-08-07,66.13579559326172
2013-08-08,65.90982055664062
2013-08-09,65.21783447265625
2013-08-12,64.96360778808594
2013-08-13,65.67681121826172
2013-08-14,64.0456314086914
2013-08-15,63.23359298706055
2013-08-16,63.10649490356445
2013-08-19,63.8691291809082
2013-08-20,63.36070251464844
2013-08-21,62.70402526855469
2013-08-22,62.32270431518555
2013-08-23,62.89899826049805
2013-08-26,62.27290344238281
2013-08-27,61.30533218383789
2013-08-28,61.56144332885742
2013-08-29,61.58991241455078
2013-08-30,61.476051330566406
2013-09-03,61.48320770263672
2013-09-04,61.824703216552734
2013-09-05,61.92428970336914
2013-09-06,62.0096549987793
2013-09-09,62.29424285888672
2013-09-10,62.984336853027344
2013-09-11,63.482357025146484
2013-09-12,63.32585144042969
2013-09-13,63.01280212402344
2013-09-16,63.3400764465332
2013-09-17,63.36140060424805
2013-09-18,63.96612548828125
2013-09-19,64.0799789428711
2013-09-20,63.80250930786133
2013-09-23,63.38274002075195
2013-09-24,62.76381301879883
2013-09-25,61.952728271484375
2013-09-26,61.94563674926758
2013-09-27,61.703758239746094
2013-09-30,61.67527389526367
2013-10-01,62.23019027709961
2013-10-02,62.10215377807617
2013-10-03,61.59702682495117
2013-10-04,62.11637496948242
2013-10-07,61.604122161865234
2013-10-08,60.90690231323242
2013-10-09,61.155914306640625
2013-10-10,62.45075988769531
2013-10-11,63.63886642456055
2013-10-14,63.88788986206055
2013-10-15,63.98037338256836
2013-10-16,64.81989288330078
2013-10-17,65.43173217773438
2013-10-18,65.1898193359375
2013-10-21,64.8839111328125
2013-10-22,65.70919799804688
2013-10-23,65.52421569824219
2013-10-24,65.70204162597656
2013-10-25,65.51708984375
2013-10-28,65.73050689697266
2013-10-29,66.26409149169922
2013-10-30,66.01508331298828
2013-10-31,65.88705444335938
2013-11-01,66.42774200439453
2013-11-04,66.18584442138672
2013-11-05,66.02932739257812
2013-11-06,66.1929702758789
2013-11-07,65.9439468383789
2013-11-08,66.9114990234375
2013-11-11,67.082275390625
2013-11-12,66.56292724609375
2013-11-13,66.40640258789062
2013-11-14,66.81905364990234
2013-11-15,67.15343475341797
2013-11-18,67.08940124511719
2013-11-19,67.48778533935547
2013-11-20,67.69413757324219
2013-11-21,67.72967529296875
2013-11-22,68.23833465576172
2013-11-25,68.5105972290039
2013-11-26,68.10223388671875
2013-11-27,68.044921875
2013-11-29,67.81566619873047
2013-12-02,67.54342651367188
2013-12-03,67.32135009765625
2013-12-04,67.07775115966797
2013-12-05,66.60492706298828
2013-12-06,67.65807342529297
2013-12-09,67.65807342529297
2013-12-10,67.44312286376953
2013-12-11,66.7052230834961
2013-12-12,65.3082046508789
2013-12-13,65.44434356689453
2013-12-16,65.4586410522461
2013-12-17,64.95001983642578
2013-12-18,66.36849975585938
2013-12-19,65.89564514160156
2013-12-20,65.97447967529297
2013-12-23,65.9315185546875
2013-12-24,65.95297241210938
2013-12-26,66.296875
2013-12-27,66.16072845458984
2013-12-30,66.12492370605469
2013-12-31,65.61625671386719
2014-01-02,65.2150650024414
2014-01-03,65.80254364013672
2014-01-06,66.14643096923828
2014-01-07,67.55059051513672
2014-01-08,67.45745849609375
2014-01-09,67.86580657958984
2014-01-10,67.87298583984375
2014-01-13,67.70104217529297
2014-01-14,67.858642578125
2014-01-15,67.91596221923828
2014-01-16,67.80135345458984
2014-01-17,68.10223388671875
2014-01-21,67.36428833007812
2014-01-22,67.5720443725586
2014-01-23,66.44012451171875
2014-01-24,64.91415405273438
2014-01-27,64.43417358398438
2014-01-28,64.54882049560547
2014-01-29,63.68911361694336
2014-01-30,64.11894226074219
2014-01-31,63.38106918334961
2014-02-03,62.170318603515625
2014-02-04,62.055721282958984
2014-02-05,62.52851867675781
2014-02-06,63.58164978027344
2014-02-07,64.50582122802734
2014-02-10,65.2437515258789
2014-02-11,66.60492706298828
2014-02-12,66.2109146118164
2014-02-13,66.31118774414062
2014-02-14,66.45447540283203
2014-02-18,66.03180694580078
2014-02-19,65.65206909179688
2014-02-20,66.18223571777344
2014-02-21,66.03791809082031
2014-02-24,65.74208068847656
2014-02-25,65.74208068847656
2014-02-26,65.74208068847656
2014-02-27,65.92247772216797
2014-02-28,66.47087097167969
2014-03-03,66.0667953491211
2014-03-04,67.35116577148438
2014-03-05,66.80998229980469
2014-03-06,67.02647399902344
2014-03-07,67.33673095703125
2014-03-10,67.43053436279297
2014-03-11,67.45940399169922
2014-03-12,67.5387954711914
2014-03-13,67.10581970214844
2014-03-14,66.96874237060547
2014-03-17,67.77688598632812
2014-03-18,67.78410339355469
2014-03-19,67.53157043457031
2014-03-20,67.91397857666016
2014-03-21,69.22003936767578
2014-03-24,68.69329833984375
2014-03-25,70.26632690429688
2014-03-26,70.0281982421875
2014-03-27,70.19415283203125
2014-03-28,70.30958557128906
2014-03-31,70.87965393066406
2014-04-01,70.67039489746094
2014-04-02,70.87965393066406
2014-04-03,70.90129852294922
2014-04-04,71.01673126220703
2014-04-07,70.63428497314453
2014-04-08,70.75697326660156
2014-04-09,71.399169921875
2014-04-10,69.66020965576172
2014-04-11,69.8983154296875
2014-04-14,70.09312438964844
2014-04-15,71.5795669555664
2014-04-16,71.25486755371094
2014-04-17,71.40638732910156
2014-04-21,72.15681457519531
2014-04-22,72.28670501708984
2014-04-23,72.31558227539062
2014-04-24,72.12796783447266
2014-04-25,72.00531005859375
2014-04-28,73.12371063232422
2014-04-29,72.9000244140625
2014-04-30,73.08765411376953
2014-05-01,72.53925323486328
2014-05-02,71.65895080566406
2014-05-05,72.15681457519531
2014-05-06,71.80325317382812
2014-05-07,72.81344604492188
2014-05-08,72.51761627197266
2014-05-09,72.81344604492188
2014-05-12,72.53205108642578
2014-05-13,72.8927993774414
2014-05-14,72.78458404541016
2014-05-15,72.65470123291016
2014-05-16,72.57532501220703
2014-05-19,72.61862182617188
2014-05-20,72.33721160888672
2014-05-21,72.97940826416016
2014-05-22,73.35724639892578
2014-05-23,73.37178039550781
2014-05-27,73.24826049804688
2014-05-28,72.87770080566406
2014-05-29,73.21192932128906
2014-05-30,73.72055053710938
2014-06-02,74.23641967773438
2014-06-03,74.4471435546875
2014-06-04,74.60698699951172
2014-06-05,74.99935913085938
2014-06-06,74.97026062011719
2014-06-09,74.99935913085938
2014-06-10,75.63876342773438
2014-06-11,75.07198333740234
2014-06-12,74.49800109863281
2014-06-13,74.49800109863281
2014-06-16,74.43987274169922
2014-06-17,74.06204223632812
2014-06-18,74.70142364501953
2014-06-19,75.42805480957031
2014-06-20,76.48889923095703
2014-06-23,76.11104583740234
2014-06-24,75.99479675292969
2014-06-25,76.84490203857422
2014-06-26,76.76500701904297
2014-06-27,76.28543853759766
2014-06-30,76.0166015625
2014-07-01,76.9248275756836
2014-07-02,76.91757202148438
2014-07-03,76.59784698486328
2014-07-07,77.36080169677734
2014-07-08,76.81584930419922
2014-07-09,77.04837799072266
2014-07-10,76.87396240234375
2014-07-11,76.36536407470703
2014-07-14,76.56881713867188
2014-07-15,75.04293823242188
2014-07-16,74.27274322509766
2014-07-17,72.92855072021484
2014-07-18,73.96760559082031
2014-07-21,73.58248901367188
2014-07-22,74.45440673828125
2014-07-23,74.2509536743164
2014-07-24,74.25823974609375
2014-07-25,74.19282531738281
2014-07-28,74.19282531738281
2014-07-29,74.08382415771484
2014-07-30,74.33087921142578
2014-07-31,72.72509002685547
2014-08-01,72.5870361328125
2014-08-04,72.77594757080078
2014-08-05,72.5289077758789
2014-08-06,73.17559051513672
2014-08-07,72.60885620117188
2014-08-08,73.44441986083984
2014-08-11,73.50257110595703
2014-08-12,73.11746215820312
2014-08-13,73.92399597167969
2014-08-14,74.1274185180664
2014-08-15,73.50984954833984
2014-08-18,74.62151336669922
2014-08-19,74.8104476928711
2014-08-20,74.99209594726562
2014-08-21,75.70413208007812
2014-08-22,75.41885375976562
2014-08-25,75.51396942138672
2014-08-26,75.66755676269531
2014-08-27,75.50665283203125
2014-08-28,75.30914306640625
2014-08-29,75.87970733642578
2014-09-02,75.60906982421875
2014-09-03,75.90164947509766
2014-09-04,75.96019744873047
2014-09-05,76.38443756103516
2014-09-08,76.11380004882812
2014-09-09,75.93093872070312
2014-09-10,76.80143737792969
2014-09-11,76.47953033447266
2014-09-12,76.50152587890625
2014-09-15,76.60392761230469
2014-09-16,77.45245361328125
2014-09-17,77.6792221069336
2014-09-18,78.52780151367188
2014-09-19,78.99593353271484
2014-09-22,78.91547393798828
2014-09-23,78.60826110839844
2014-09-24,79.47144317626953
2014-09-25,78.34489440917969
2014-09-26,78.34489440917969
2014-09-29,77.93527221679688
2014-09-30,77.97183227539062
2014-10-01,76.29669189453125
2014-10-02,75.96748352050781
2014-10-03,76.90381622314453
2014-10-06,76.70633697509766
2014-10-07,74.89948272705078
2014-10-08,76.74288940429688
2014-10-09,74.67273712158203
2014-10-10,74.05094146728516
2014-10-13,72.5074462890625
2014-10-14,70.96397399902344
2014-10-15,71.84174346923828
2014-10-16,70.79570770263672
2014-10-17,72.2002182006836
2014-10-20,72.56597137451172
2014-10-21,73.41449737548828
2014-10-22,74.04361724853516
2014-10-23,75.07504272460938
2014-10-24,75.44081115722656
2014-10-27,76.12841796875
2014-10-28,76.6551284790039
2014-10-29,77.2183837890625
2014-10-30,78.301025390625
2014-10-31,78.84233856201172
2014-11-03,78.60826110839844
2014-11-04,79.45680236816406
2014-11-05,79.60311889648438
2014-11-06,79.7420883178711
2014-11-07,79.14956665039062
2014-11-10,79.60311889648438
2014-11-11,79.66893005371094
2014-11-12,79.55189514160156
2014-11-13,79.7859878540039
2014-11-14,79.12030792236328
2014-11-17,79.22270965576172
2014-11-18,79.61042022705078
2014-11-19,79.55924224853516
2014-11-20,79.13494110107422
2014-11-21,79.41474151611328
2014-11-24,78.69316864013672
2014-11-25,78.56066131591797
2014-11-26,78.93614196777344
2014-11-28,79.70188903808594
2014-12-01,79.53990936279297
2014-12-02,79.893310546875
2014-12-03,79.31165313720703
2014-12-04,79.19383239746094
2014-12-05,79.893310546875
2014-12-08,79.9006576538086
2014-12-09,79.55462646484375
2014-12-10,78.2219467163086
2014-12-11,78.57536315917969
2014-12-12,76.8893051147461
2014-12-15,76.54324340820312
2014-12-16,75.65969848632812
2014-12-17,76.62422180175781
2014-12-18,78.64163970947266
2014-12-19,77.71392822265625
2014-12-22,78.59009552001953
2014-12-23,76.77886199951172
2014-12-24,77.00709533691406
2014-12-26,77.35313415527344
2014-12-29,77.55195617675781
2014-12-30,77.57405090332031
2014-12-31,76.99237823486328
2015-01-02,76.95556640625
2015-01-05,76.4180908203125
2015-01-06,76.0425796508789
2015-01-07,77.72129821777344
2015-01-08,78.33238983154297
2015-01-09,77.2647933959961
2015-01-12,76.99976348876953
2015-01-13,77.13227844238281
2015-01-14,76.57272338867188
2015-01-15,75.46092224121094
2015-01-16,76.60215759277344
2015-01-20,74.57740020751953
2015-01-21,75.02650451660156
2015-01-22,76.39598083496094
2015-01-23,75.2474136352539
2015-01-26,75.29158782958984
2015-01-27,75.16641998291016
2015-01-28,74.7173080444336
2015-01-29,75.37995147705078
2015-01-30,73.73067474365234
2015-02-02,74.23873138427734
2015-02-03,75.43885040283203
2015-02-04,74.62892150878906
2015-02-05,75.43885040283203
2015-02-06,74.43749237060547
2015-02-09,73.46560668945312
2015-02-10,73.88529205322266
2015-02-11,73.90740203857422
2015-02-12,72.47901153564453
2015-02-13,73.3478012084961
2015-02-17,73.9515609741211
2015-02-18,73.5981216430664
2015-02-19,74.14298248291016
2015-02-20,74.33576965332031
2015-02-23,74.2764663696289
2015-02-24,74.66197967529297
2015-02-25,75.04012298583984
2015-02-26,76.218994140625
2015-02-27,76.00399780273438
2015-03-02,76.5303955078125
2015-03-03,75.87792205810547
2015-03-04,75.36634826660156
2015-03-05,76.01139831542969
2015-03-06,74.22454833984375
2015-03-09,74.6323471069336
2015-03-10,73.79452514648438
2015-03-11,72.89737701416016
2015-03-12,74.0169448852539
2015-03-13,73.55724334716797
2015-03-16,74.92888641357422
2015-03-17,74.06143188476562
2015-03-18,75.22547912597656
2015-03-19,75.3960189819336
2015-03-20,75.92242431640625
2015-03-23,76.35244750976562
2015-03-24,75.59619140625
2015-03-25,74.39506530761719
2015-03-26,74.24678802490234
2015-03-27,74.39506530761719
2015-03-30,75.2922134399414
2015-03-31,74.58782958984375
2015-04-01,73.51277923583984
2015-04-02,73.87606811523438
2015-04-06,73.52019500732422
2015-04-07,74.21714782714844
2015-04-08,74.2616195678711
2015-04-09,75.12908935546875
2015-04-10,75.67035675048828
2015-04-13,74.55078887939453
2015-04-14,74.5285415649414
2015-04-15,74.58782958984375
2015-04-16,73.9872817993164
2015-04-17,73.83159637451172
2015-04-20,74.2986831665039
2015-04-21,74.36542510986328
2015-04-22,74.46178436279297
2015-04-23,74.48403930664062
2015-04-24,74.94373321533203
2015-04-27,74.57301330566406
2015-04-28,74.69164276123047
2015-04-29,74.4321517944336
2015-04-30,73.54981994628906
2015-05-01,74.23939514160156
2015-05-04,74.40247344970703
2015-05-05,73.77230834960938
2015-05-06,73.527587890625
2015-05-07,73.89089965820312
2015-05-08,75.23289489746094
2015-05-11,74.90665435791016
2015-05-12,74.49146270751953
2015-05-13,74.55078887939453
2015-05-14,75.49983215332031
2015-05-15,75.8482666015625
2015-05-18,76.67868041992188
2015-05-19,77.07907104492188
2015-05-20,76.8121337890625
2015-05-21,76.4909896850586
2015-05-22,75.69187927246094
2015-05-26,75.29605102539062
2015-05-27,75.5275650024414
2015-05-28,75.54251861572266
2015-05-29,74.7882080078125
2015-06-01,74.7135238647461
2015-06-02,74.668701171875
2015-06-03,74.75086212158203
2015-06-04,74.10860443115234
2015-06-05,73.630615234375
2015-06-08,73.16011810302734
2015-06-09,73.34680938720703
2015-06-10,73.84719848632812
2015-06-11,74.11605072021484
2015-06-12,73.45137786865234
2015-06-15,72.80908203125
2015-06-16,73.45885467529297
2015-06-17,73.73516845703125
2015-06-18,74.9524917602539
2015-06-19,74.5791015625
2015-06-22,74.75086212158203
2015-06-23,74.51935577392578
2015-06-24,74.18327331542969
2015-06-25,74.02643585205078
2015-06-26,74.41478729248047
2015-06-29,72.95101165771484
2015-06-30,72.78668212890625
2015-07-01,73.54100036621094
2015-07-02,73.51859283447266
2015-07-06,73.33937072753906
2015-07-07,73.87705993652344
2015-07-08,73.01819610595703
2015-07-09,73.48872375488281
2015-07-10,74.33264923095703
2015-07-13,74.88530731201172
2015-07-14,74.51935577392578
2015-07-15,74.99730682373047
2015-07-16,75.51262664794922
2015-07-17,74.743408203125
2015-07-20,74.95999145507812
2015-07-21,74.93756866455078
2015-07-22,74.81809997558594
2015-07-23,74.8330078125
2015-07-24,74.0488510131836
2015-07-27,73.39911651611328
2015-07-28,73.95173645019531
2015-07-29,74.48201751708984
2015-07-30,74.56416320800781
2015-07-31,74.8404769897461
2015-08-03,74.6985855102539
2015-08-04,74.5342788696289
2015-08-05,75.07202911376953
2015-08-06,73.98909759521484
2015-08-07,73.82479858398438
2015-08-10,74.52680969238281
2015-08-11,73.94428253173828
2015-08-12,73.72024536132812
2015-08-13,73.54847717285156
2015-08-14,73.79491424560547
2015-08-17,74.58657836914062
2015-08-18,74.21316528320312
2015-08-19,74.16832733154297
2015-08-20,73.77998352050781
2015-08-21,71.91365814208984
2015-08-24,69.8516616821289
2015-08-25,68.27881622314453
2015-08-26,71.57498931884766
2015-08-27,72.41035461425781
2015-08-28,71.62017059326172
2015-08-31,70.72462463378906
2015-09-01,69.30230712890625
2015-09-02,70.25050354003906
2015-09-03,69.7161865234375
2015-09-04,68.71533966064453
2015-09-08,70.69452667236328
2015-09-09,69.40013885498047
2015-09-10,69.77642822265625
2015-09-11,69.93444061279297
2015-09-14,70.22795104980469
2015-09-15,71.04068756103516
2015-09-16,71.19873809814453
2015-09-17,71.37181854248047
2015-09-18,70.28063201904297
2015-09-21,70.08495330810547
2015-09-22,70.16770935058594
2015-09-23,69.97960662841797
2015-09-24,69.59577178955078
2015-09-25,68.48204040527344
2015-09-28,68.76046752929688
2015-09-29,70.01721954345703
2015-09-30,70.25050354003906
2015-10-01,70.11504364013672
2015-10-02,70.68699645996094
2015-10-05,71.3116226196289
2015-10-06,70.3031997680664
2015-10-07,71.47720336914062
2015-10-08,71.55243682861328
2015-10-09,71.77067565917969
2015-10-12,72.23724365234375
2015-10-13,71.83087158203125
2015-10-14,71.13850402832031
2015-10-15,73.1102066040039
2015-10-16,73.93048858642578
2015-10-19,73.70471954345703
2015-10-20,73.44134521484375
2015-10-21,73.47142791748047
2015-10-22,74.90129089355469
2015-10-23,75.48827362060547
2015-10-26,75.20983123779297
2015-10-27,75.39794158935547
2015-10-28,75.61619567871094
2015-10-29,76.28598022460938
2015-10-30,76.03010559082031
2015-11-02,76.88801574707031
2015-11-03,76.72997283935547
2015-11-04,76.71491241455078
2015-11-05,77.0084228515625
2015-11-06,76.69989013671875
2015-11-09,75.88711547851562
2015-11-10,76.34619140625
2015-11-11,76.65473175048828
2015-11-12,75.45817565917969
2015-11-13,75.16466522216797
2015-11-16,76.1730728149414
2015-11-17,76.38379669189453
2015-11-18,77.26427459716797
2015-11-19,77.12883758544922
2015-11-20,77.68981170654297
2015-11-23,77.90965270996094
2015-11-24,77.35626220703125
2015-11-25,77.29560089111328
2015-11-27,77.60641479492188
2015-11-30,76.749755859375
2015-12-01,77.59884643554688
2015-12-02,77.36384582519531
2015-12-03,76.40863800048828
2015-12-04,78.04613494873047
2015-12-07,78.32659912109375
2015-12-08,77.64432525634766
2015-12-09,77.43964385986328
2015-12-10,77.81114196777344
2015-12-11,77.08333587646484
2015-12-14,77.43964385986328
2015-12-15,78.9406967163086
2015-12-16,79.78974151611328
2015-12-17,78.56919860839844
2015-12-18,77.28803253173828
2015-12-21,77.00755310058594
2015-12-22,77.86420440673828
2015-12-23,78.45550537109375
2015-12-24,78.62984466552734
2015-12-28,78.25082397460938
2015-12-29,78.86486053466797
2015-12-30,78.67534637451172
2015-12-31,77.87176513671875
2016-01-04,76.17361450195312
2016-01-05,76.49201202392578
2016-01-06,76.10540771484375
2016-01-07,75.21842193603516
2016-01-08,74.41486358642578
2016-01-11,73.96757507324219
2016-01-12,74.47547149658203
2016-01-13,73.55061340332031
2016-01-14,74.96825408935547
2016-01-15,73.5354232788086
2016-01-19,73.91448974609375
2016-01-20,72.58782196044922
2016-01-21,72.73184967041016
2016-01-22,73.34591674804688
2016-01-25,73.08059692382812
2016-01-26,76.70430755615234
2016-01-27,77.44723510742188
2016-01-28,77.53063201904297
2016-01-29,79.17566680908203
2016-02-01,79.12262725830078
2016-02-02,78.39482879638672
2016-02-03,78.94828033447266
2016-02-04,78.76631164550781
2016-02-05,76.21908569335938
2016-02-08,77.32592010498047
2016-02-09,77.30319213867188
2016-02-10,77.12124633789062
2016-02-11,77.09848022460938
2016-02-12,77.1894760131836
2016-02-16,77.56851959228516
2016-02-17,77.70497131347656
2016-02-18,79.02408599853516
2016-02-19,79.53568267822266
2016-02-22,79.9861831665039
2016-02-23,79.47459411621094
2016-02-24,80.14654541015625
2016-02-25,81.2308578491211
2016-02-26,80.772705078125
2016-02-29,80.33747100830078
2016-03-01,81.87226867675781
2016-03-02,81.73482513427734
2016-03-03,81.43702697753906
2016-03-04,81.32245635986328
2016-03-07,81.50574493408203
2016-03-08,81.10868072509766
2016-03-09,81.58211517333984
2016-03-10,81.8111801147461
2016-03-11,82.24641418457031
2016-03-14,82.20826721191406
2016-03-15,82.28461456298828
2016-03-16,82.017333984375
2016-03-17,81.50574493408203
2016-03-18,82.08605194091797
2016-03-21,81.91807556152344
2016-03-22,81.99443817138672
2016-03-23,82.84967041015625
2016-03-24,82.70457458496094
2016-03-28,82.64350891113281
2016-03-29,83.33834075927734
2016-03-30,83.21619415283203
2016-03-31,82.62059783935547
2016-04-01,83.37654876708984
2016-04-04,82.91837310791016
2016-04-05,83.19326782226562
2016-04-06,83.55216979980469
2016-04-07,83.43760681152344
2016-04-08,83.3078384399414
2016-04-11,83.2085189819336
2016-04-12,83.68960571289062
2016-04-13,83.89578247070312
2016-04-14,83.87287139892578
2016-04-15,84.13251495361328
2016-04-18,84.70518493652344
2016-04-19,86.0414810180664
2016-04-20,86.72869110107422
2016-04-21,86.7210922241211
2016-04-22,86.5301742553711
2016-04-25,86.67528533935547
2016-04-26,86.21707916259766
2016-04-27,86.11021423339844
2016-04-28,85.88875579833984
2016-04-29,85.58331298828125
2016-05-02,86.09491729736328
2016-05-03,86.04908752441406
2016-05-04,85.69023132324219
2016-05-05,86.19418334960938
2016-05-06,86.08728790283203
2016-05-09,86.83561706542969
2016-05-10,87.56101989746094
2016-05-11,87.33196258544922
2016-05-12,87.22503662109375
2016-05-13,86.71343231201172
2016-05-16,87.38539123535156
2016-05-17,86.91959381103516
2016-05-18,86.73633575439453
2016-05-19,86.1712646484375
2016-05-20,86.6250228881836
2016-05-23,86.25589752197266
2016-05-24,86.6634750366211
2016-05-25,87.17106628417969
2016-05-26,86.82498168945312
2016-05-27,86.9480209350586
2016-05-31,86.6634750366211
2016-06-01,86.73270416259766
2016-06-02,88.04776000976562
2016-06-03,88.25540161132812
2016-06-06,89.03213500976562
2016-06-07,89.0013656616211
2016-06-08,89.05520629882812
2016-06-09,89.9780502319336
2016-06-10,89.98575592041016
2016-06-13,89.81654357910156
2016-06-14,90.07032775878906
2016-06-15,89.52434539794922
2016-06-16,89.70118713378906
2016-06-17,88.80909729003906
2016-06-20,89.62429809570312
2016-06-21,89.34744262695312
2016-06-22,89.5627670288086
2016-06-23,90.27027130126953
2016-06-24,88.92446899414062
2016-06-27,89.63198852539062
2016-06-28,90.92398071289062
2016-06-29,91.7699203491211
2016-06-30,93.28495788574219
2016-07-01,93.2772445678711
2016-07-05,94.03091430664062
2016-07-06,94.31541442871094
2016-07-07,94.21549224853516
2016-07-08,94.4769515991211
2016-07-11,94.53845977783203
2016-07-12,94.5307846069336
2016-07-13,94.59229278564453
2016-07-14,94.7307357788086
2016-07-15,94.59229278564453
2016-07-18,94.69998168945312
2016-07-19,96.32266998291016
2016-07-20,96.23806762695312
2016-07-21,96.2457504272461
2016-07-22,96.15348815917969
2016-07-25,96.04579162597656
2016-07-26,96.2457504272461
2016-07-27,95.95349884033203
2016-07-28,95.71512603759766
2016-07-29,96.30728149414062
2016-08-01,96.4380111694336
2016-08-02,96.01502990722656
2016-08-03,95.28445434570312
2016-08-04,95.25371551513672
2016-08-05,95.54593658447266
2016-08-08,95.0921859741211
2016-08-09,94.9229965209961
2016-08-10,94.86917877197266
2016-08-11,95.1844711303711
2016-08-12,94.76148986816406
2016-08-15,94.06165313720703
2016-08-16,92.53897857666016
2016-08-17,93.29263305664062
2016-08-18,92.83889770507812
2016-08-19,92.8388900756836
2016-08-22,92.22728729248047
2016-08-23,92.46729278564453
2016-08-24,91.90215301513672
2016-08-25,91.79376983642578
2016-08-26,92.15760040283203
2016-08-29,92.8388900756836
2016-08-30,92.49051666259766
2016-08-31,92.38987731933594
2016-09-01,92.1885757446289
2016-09-02,92.37439727783203
2016-09-06,92.707275390625
2016-09-07,92.59888458251953
2016-09-08,92.49051666259766
2016-09-09,91.53055572509766
2016-09-12,92.2505111694336
2016-09-13,91.05055236816406
2016-09-14,91.24406433105469
2016-09-15,91.84019470214844
2016-09-16,91.5460205078125
2016-09-19,91.08924865722656
2016-09-20,91.31377410888672
2016-09-21,92.05697631835938
2016-09-22,92.4827651977539
2016-09-23,91.97955322265625
2016-09-26,91.18216705322266
2016-09-27,92.29695892333984
2016-09-28,92.42859649658203
2016-09-29,90.78732299804688
2016-09-30,91.453125
2016-10-03,91.97955322265625
2016-10-04,91.98731994628906
2016-10-05,92.2660140991211
2016-10-06,91.93312072753906
2016-10-07,92.31246185302734
2016-10-10,92.74597930908203
2016-10-11,91.07378387451172
2016-10-12,91.32926177978516
2016-10-13,91.55377197265625
2016-10-14,91.01183319091797
2016-10-17,91.73179626464844
2016-10-18,89.34736633300781
2016-10-19,88.71256256103516
2016-10-20,88.9293212890625
2016-10-21,87.822265625
2016-10-24,87.95384216308594
2016-10-25,88.22480010986328
2016-10-26,88.68930053710938
2016-10-27,89.5718765258789
2016-10-28,89.28545379638672
2016-10-31,89.79638671875
2016-11-01,89.29315185546875
2016-11-02,88.92155456542969
2016-11-03,89.05319213867188
2016-11-04,89.11512756347656
2016-11-07,90.31507873535156
2016-11-08,90.61700439453125
2016-11-09,93.14082336425781
2016-11-10,92.54472351074219
2016-11-11,91.71635437011719
2016-11-14,90.26862335205078
2016-11-15,90.0518569946289
2016-11-16,90.08282470703125
2016-11-17,90.24539184570312
2016-11-18,89.92581176757812
2016-11-21,89.64517974853516
2016-11-22,87.8834457397461
2016-11-23,88.14069366455078
2016-11-25,88.96697998046875
2016-11-28,88.18748474121094
2016-11-29,87.6807861328125
2016-11-30,86.76094818115234
2016-12-01,86.82328033447266
2016-12-02,87.27540588378906
2016-12-05,87.25984191894531
2016-12-06,87.3533706665039
2016-12-07,86.60501861572266
2016-12-08,86.519287109375
2016-12-09,87.50929260253906
2016-12-12,89.92581176757812
2016-12-13,90.3389663696289
2016-12-14,89.63737487792969
2016-12-15,90.3389663696289
2016-12-16,90.33116149902344
2016-12-19,90.4402847290039
2016-12-20,90.15966796875
2016-12-21,89.88682556152344
2016-12-22,89.98816680908203
2016-12-23,90.39353942871094
2016-12-27,90.35453033447266
2016-12-28,89.72312927246094
2016-12-29,90.02715301513672
2016-12-30,89.8088607788086
2017-01-03,90.29996490478516
2017-01-04,90.15185546875
2017-01-05,91.09507751464844
2017-01-06,90.6585464477539
2017-01-09,90.6429672241211
2017-01-10,90.54940795898438
2017-01-11,89.4346923828125
2017-01-12,89.34896087646484
2017-01-13,89.33335876464844
2017-01-17,89.54383087158203
2017-01-18,89.41133880615234
2017-01-19,89.02155303955078
2017-01-20,88.9825668334961
2017-01-23,88.7955093383789
2017-01-24,87.1195297241211
2017-01-25,87.93020629882812
2017-01-26,87.1819076538086
2017-01-27,88.38235473632812
2017-01-30,88.18748474121094
2017-01-31,88.281005859375
2017-02-01,88.26539611816406
2017-02-02,88.53044891357422
2017-02-03,88.58502960205078
2017-02-06,88.39794158935547
2017-02-07,88.46031188964844
2017-02-08,88.39794158935547
2017-02-09,88.92802429199219
2017-02-10,89.8322525024414
2017-02-13,90.33116149902344
2017-02-14,90.70531463623047
2017-02-15,91.3601303100586
2017-02-16,92.0461196899414
2017-02-17,92.65412902832031
2017-02-21,93.27776336669922
2017-02-22,93.16862487792969
2017-02-23,94.86798858642578
2017-02-24,96.30394744873047
2017-02-27,96.04499816894531
2017-02-28,95.89590454101562
2017-03-01,97.19065856933594
2017-03-02,97.01016998291016
2017-03-03,97.13571166992188
2017-03-06,97.07294464111328
2017-03-07,97.16710662841797
2017-03-08,97.37895965576172
2017-03-09,98.83062744140625
2017-03-10,99.03466796875
2017-03-13,99.40345001220703
2017-03-14,99.69377136230469
2017-03-15,101.19252014160156
2017-03-16,100.80018615722656
2017-03-17,100.4863052368164
2017-03-20,100.49415588378906
2017-03-21,99.85070037841797
2017-03-22,99.0738754272461
2017-03-23,98.7914047241211
2017-03-24,98.46183776855469
2017-03-27,98.71292877197266
2017-03-28,98.60306549072266
2017-03-29,98.02242279052734
2017-03-30,97.81840515136719
2017-03-31,97.7320785522461
2017-04-03,97.84194946289062
2017-04-04,97.83406829833984
2017-04-05,97.9282455444336
2017-04-06,98.12440490722656
2017-04-07,98.02242279052734
2017-04-10,97.56727600097656
2017-04-11,97.4731216430664
2017-04-12,98.3990478515625
2017-04-13,98.07733154296875
2017-04-17,98.65016174316406
2017-04-18,95.58988952636719
2017-04-19,95.23678588867188
2017-04-20,95.6291275024414
2017-04-21,95.54280853271484
2017-04-24,96.42950439453125
2017-04-25,96.85321807861328
2017-04-26,96.91600036621094
2017-04-27,97.0964584350586
2017-04-28,96.88462829589844
2017-05-01,96.78258514404297
2017-05-02,97.06507873535156
2017-05-03,96.77472686767578
2017-05-04,97.26126098632812
2017-05-05,96.91600036621094
2017-05-08,96.71199798583984
2017-05-09,96.68059539794922
2017-05-10,96.3667221069336
2017-05-11,96.67274475097656
2017-05-12,97.01799774169922
2017-05-15,99.64669799804688
2017-05-16,100.25875854492188
2017-05-17,99.39558410644531
2017-05-18,99.63101196289062
2017-05-19,99.65457153320312
2017-05-22,99.8585433959961
2017-05-23,100.06257629394531
2017-05-24,100.05471801757812
2017-05-25,100.73400115966797
2017-05-26,100.25218963623047
2017-05-30,100.40229797363281
2017-05-31,101.30274963378906
2017-06-01,101.72138977050781
2017-06-02,102.74822998046875
2017-06-05,102.96939849853516
2017-06-06,103.34066772460938
2017-06-07,103.2774429321289
2017-06-08,103.11949157714844
2017-06-09,103.8935546875
2017-06-12,104.1226577758789
2017-06-13,104.2806167602539
2017-06-14,104.8730239868164
2017-06-15,105.08629608154297
2017-06-16,106.12104034423828
2017-06-19,105.8998794555664
2017-06-20,106.01834869384766
2017-06-21,106.56339263916016
2017-06-22,107.46383666992188
2017-06-23,107.76399993896484
2017-06-26,107.69292449951172
2017-06-27,106.64237976074219
2017-06-28,105.70242309570312
2017-06-29,104.77034759521484
2017-06-30,104.493896484375
2017-07-03,104.9757080078125
2017-07-05,105.56021881103516
2017-07-06,104.6755599975586
2017-07-07,104.69132995605469
2017-07-10,103.90934753417969
2017-07-11,103.65658569335938
2017-07-12,104.44651794433594
2017-07-13,104.15422821044922
2017-07-14,104.7387466430664
2017-07-17,104.38330841064453
2017-07-18,106.20794677734375
2017-07-19,106.80033874511719
2017-07-20,107.87460327148438
2017-07-21,106.87933349609375
2017-07-24,105.06261444091797
2017-07-25,104.17003631591797
2017-07-26,103.43544006347656
2017-07-27,103.34066772460938
2017-07-28,104.14632415771484
2017-07-31,104.83354949951172
2017-08-01,104.66766357421875
2017-08-02,104.39120483398438
2017-08-03,105.33120727539062
2017-08-04,105.19686126708984
2017-08-07,104.9441146850586
2017-08-08,104.47808837890625
2017-08-09,105.23637390136719
2017-08-10,105.12581634521484
2017-08-11,105.1336898803711
2017-08-14,105.43386840820312
2017-08-15,105.35487365722656
2017-08-16,105.9788589477539
2017-08-17,105.08629608154297
2017-08-18,104.762451171875
2017-08-21,105.41014099121094
2017-08-22,106.39749908447266
2017-08-23,104.89672088623047
2017-08-24,104.96780395507812
2017-08-25,104.67367553710938
2017-08-28,104.721435546875
2017-08-29,105.09501647949219
2017-08-30,104.18881225585938
2017-08-31,105.22219848632812
2017-09-01,104.1570053100586
2017-09-05,103.25875091552734
2017-09-06,103.87081909179688
2017-09-07,105.07909393310547
2017-09-08,104.11724090576172
2017-09-11,105.8899154663086
2017-09-12,105.42886352539062
2017-09-13,105.2857666015625
2017-09-14,106.66098022460938
2017-09-15,106.8755874633789
2017-09-18,107.61485290527344
2017-09-19,107.4876937866211
2017-09-20,105.89786529541016
2017-09-21,104.72932434082031
2017-09-22,104.44319152832031
2017-09-25,104.26829528808594
2017-09-26,104.08550262451172
2017-09-27,103.13951110839844
2017-09-28,102.91696166992188
2017-09-29,103.34619903564453
2017-10-02,104.30802917480469
2017-10-03,105.00757598876953
2017-10-04,105.63554382324219
2017-10-05,105.87399291992188
2017-10-06,105.89786529541016
2017-10-09,106.0806884765625
2017-10-10,106.43840789794922
2017-10-11,108.62439727783203
2017-10-12,108.76748657226562
2017-10-13,108.44951629638672
2017-10-16,108.20308685302734
2017-10-17,111.91533660888672
2017-10-18,111.82787322998047
2017-10-19,112.9089584350586
2017-10-20,113.19509887695312
2017-10-23,114.16492462158203
2017-10-24,112.59098815917969
2017-10-25,113.16329956054688
2017-10-26,112.72611999511719
2017-10-27,112.70230865478516
2017-10-30,111.2873306274414
2017-10-31,110.81836700439453
2017-11-01,111.27144622802734
2017-11-02,111.23170471191406
2017-11-03,111.3509750366211
2017-11-06,111.09656524658203
2017-11-07,111.10453033447266
2017-11-08,112.33660888671875
2017-11-09,111.56558227539062
2017-11-10,110.93758392333984
2017-11-13,111.09656524658203
2017-11-14,110.8819808959961
2017-11-15,110.57195281982422
2017-11-16,110.38911437988281
2017-11-17,109.69749450683594
2017-11-20,109.64187622070312
2017-11-21,109.96778869628906
2017-11-22,109.13314056396484
2017-11-24,109.70547485351562
2017-11-27,110.44927978515625
2017-11-28,111.98484802246094
2017-11-29,111.81687927246094
2017-11-30,111.43302154541016
2017-12-01,111.9528579711914
2017-12-04,111.17704010009766
2017-12-05,111.70492553710938
2017-12-06,112.81661224365234
2017-12-07,111.97683715820312
2017-12-08,112.44070434570312
2017-12-11,112.88057708740234
2017-12-12,114.04827880859375
2017-12-13,114.28020477294922
2017-12-14,113.28849792480469
2017-12-15,113.93629455566406
2017-12-18,113.40843200683594
2017-12-19,113.3924789428711
2017-12-20,112.89657592773438
2017-12-21,112.81661224365234
2017-12-22,112.06482696533203
2017-12-26,112.04082489013672
2017-12-27,112.42472839355469
2017-12-28,112.41671752929688
2017-12-29,111.74490356445312
2018-01-02,111.35301971435547
2018-01-03,112.41671752929688
2018-01-04,112.40870666503906
2018-01-05,113.3364486694336
2018-01-08,113.48043060302734
2018-01-09,115.27992248535156
2018-01-10,115.14396667480469
2018-01-11,115.79978942871094
2018-01-12,116.5755615234375
2018-01-16,117.45531463623047
2018-01-17,117.55126953125
2018-01-18,117.50334930419922
2018-01-19,117.85517120361328
2018-01-22,118.47901916503906
2018-01-23,113.43245697021484
2018-01-24,113.62439727783203
2018-01-25,115.48786926269531
2018-01-26,116.23167419433594
2018-01-29,114.91202545166016
2018-01-30,113.91230773925781
2018-01-31,110.52124786376953
2018-02-01,111.98484802246094
2018-02-02,110.11333465576172
2018-02-05,104.28297424316406
2018-02-06,105.43465423583984
2018-02-07,105.10674285888672
2018-02-08,101.05989074707031
2018-02-09,103.59519958496094
2018-02-12,104.18700408935547
2018-02-13,103.93910217285156
2018-02-14,103.7071533203125
2018-02-15,104.95478820800781
2018-02-16,106.49037170410156
2018-02-20,104.66688537597656
2018-02-21,103.89908599853516
2018-02-22,103.89908599853516
2018-02-23,105.58661651611328
2018-02-26,106.30299377441406
2018-02-27,105.98103332519531
2018-02-28,104.54024505615234
2018-03-01,102.44754028320312
2018-03-02,103.68708038330078
2018-03-05,104.46781921386719
2018-03-06,103.20411682128906
2018-03-07,103.8641128540039
2018-03-08,106.29492950439453
2018-03-09,107.69546508789062
2018-03-12,106.75374603271484
2018-03-13,108.13813781738281
2018-03-14,106.50423431396484
2018-03-15,107.09981536865234
2018-03-16,107.59884643554688
2018-03-19,104.83002471923828
2018-03-20,105.61076354980469
2018-03-21,105.59468078613281
2018-03-22,102.52801513671875
2018-03-23,100.69284057617188
2018-03-26,102.53606414794922
2018-03-27,102.39119720458984
2018-03-28,102.58435821533203
2018-03-29,103.14778137207031
2018-04-02,100.25820922851562
2018-04-03,103.30875396728516
2018-04-04,104.96686553955078
2018-04-05,105.20832061767578
2018-04-06,103.10755157470703
2018-04-09,104.21829986572266
2018-04-10,104.83805847167969
2018-04-11,104.33904266357422
2018-04-12,104.98295593261719
2018-04-13,105.13587188720703
2018-04-16,106.0534439086914
2018-04-17,105.07146453857422
2018-04-18,102.80167388916016
2018-04-19,102.66484832763672
2018-04-20,101.948486328125
2018-04-23,102.08531188964844
2018-04-24,101.5701675415039
2018-04-25,102.02896881103516
2018-04-26,103.03510284423828
2018-04-27,103.244384765625
2018-04-30,101.8116683959961
2018-05-01,101.42530822753906
2018-05-02,99.40498352050781
2018-05-03,99.0267105102539
2018-05-04,99.96039581298828
2018-05-07,99.47745513916016
2018-05-08,98.68865966796875
2018-05-09,99.41303253173828
2018-05-10,100.89405822753906
2018-05-11,102.4153060913086
2018-05-14,101.46553802490234
2018-05-15,100.71697235107422
2018-05-16,100.89405822753906
2018-05-17,99.68671417236328
2018-05-18,100.0006332397461
2018-05-21,99.58208465576172
2018-05-22,98.93011474609375
2018-05-23,99.36475372314453
2018-05-24,98.39887237548828
2018-05-25,98.49616241455078
2018-05-29,96.81768035888672
2018-05-30,98.09074401855469
2018-05-31,96.99608612060547
2018-06-01,98.3259048461914
2018-06-04,98.8853988647461
2018-06-05,98.50430297851562
2018-06-06,99.5665283203125
2018-06-07,100.00438690185547
2018-06-08,100.59632110595703
2018-06-11,99.46111297607422
2018-06-12,99.3637924194336
2018-06-13,99.43675994873047
2018-06-14,99.25840759277344
2018-06-15,99.42056274414062
2018-06-18,98.37455749511719
2018-06-19,99.38813781738281
2018-06-20,98.95838165283203
2018-06-21,98.47996520996094
2018-06-22,99.60707092285156
2018-06-25,99.40434265136719
2018-06-26,99.2097396850586
2018-06-27,98.60971069335938
2018-06-28,98.92591857910156
2018-06-29,98.39077758789062
2018-07-02,98.58538818359375
2018-07-03,99.50166320800781
2018-07-05,101.35853576660156
2018-07-06,101.9666976928711
2018-07-09,102.2099609375
2018-07-10,103.28841400146484
2018-07-11,102.36400604248047
2018-07-12,103.59654998779297
2018-07-13,102.11264038085938
2018-07-16,101.10717010498047
2018-07-17,104.69120025634766
2018-07-18,103.62897491455078
2018-07-19,102.12073516845703
2018-07-20,102.04776000976562
2018-07-23,102.68025970458984
2018-07-24,104.89395141601562
2018-07-25,104.29389953613281
2018-07-26,105.63993072509766
2018-07-27,106.66972351074219
2018-07-30,107.17247009277344
2018-07-31,107.4562759399414
2018-08-01,107.55358123779297
2018-08-02,106.4264907836914
2018-08-03,106.99407196044922
2018-08-06,107.05084991455078
2018-08-07,106.59674835205078
2018-08-08,106.36160278320312
2018-08-09,106.38592529296875
2018-08-10,106.02103424072266
2018-08-13,105.59127044677734
2018-08-14,105.0074462890625
2018-08-15,105.76155853271484
2018-08-16,107.4238052368164
2018-08-17,109.0374755859375
2018-08-20,110.99162292480469
2018-08-21,109.75105285644531
2018-08-22,109.15097045898438
2018-08-23,109.55640411376953
2018-08-24,110.23755645751953
2018-08-27,110.13145446777344
2018-08-28,109.64170837402344
2018-08-29,110.08245849609375
2018-08-30,110.15593719482422
2018-08-31,109.94369506835938
2018-09-04,109.15192413330078
2018-09-05,110.89871978759766
2018-09-06,111.72319030761719
2018-09-07,112.09049987792969
2018-09-10,112.00069427490234
2018-09-11,113.06185150146484
2018-09-12,113.75567626953125
2018-09-13,114.18831634521484
2018-09-14,113.8618392944336
2018-09-17,114.2454605102539
2018-09-18,114.71888732910156
2018-09-19,114.65357971191406
2018-09-20,115.89431762695312
2018-09-21,116.62896728515625
2018-09-24,114.6617660522461
2018-09-25,113.16796875
2018-09-26,112.77616119384766
2018-09-27,112.82514953613281
2018-09-28,112.7843017578125
2018-10-01,114.02507781982422
2018-10-02,114.6698989868164
2018-10-03,113.4863052368164
2018-10-04,113.7475357055664
2018-10-05,113.54347229003906
2018-10-08,113.78013610839844
2018-10-09,113.62508392333984
2018-10-10,112.4251708984375
2018-10-11,109.24984741210938
2018-10-12,109.27434539794922
2018-10-15,109.33965301513672
2018-10-16,111.47012329101562
2018-10-17,113.83732604980469
2018-10-18,113.86996459960938
2018-10-19,113.50264739990234
2018-10-22,113.20060729980469
2018-10-23,113.40467071533203
2018-10-24,112.2129135131836
2018-10-25,113.02922821044922
2018-10-26,111.80480194091797
2018-10-29,112.27824401855469
2018-10-30,114.89031982421875
2018-10-31,114.26994323730469
2018-11-01,114.94743347167969
2018-11-02,114.83316040039062
2018-11-05,116.07389831542969
2018-11-06,116.37593841552734
2018-11-07,118.15538787841797
2018-11-08,118.60433197021484
2018-11-09,118.63700103759766
2018-11-12,118.8655776977539
2018-11-13,118.09825134277344
2018-11-14,117.74726104736328
2018-11-15,117.95133972167969
2018-11-16,119.16754150390625
2018-11-19,120.58787536621094
2018-11-20,119.54308319091797
2018-11-21,115.90251922607422
2018-11-23,116.098388671875
2018-11-26,116.1312484741211
2018-11-27,117.65095520019531
2018-11-28,120.29613494873047
2018-11-29,119.81143951416016
2018-11-30,120.67396545410156
2018-12-03,120.1071548461914
2018-12-04,119.95929718017578
2018-12-06,119.8607406616211
2018-12-07,119.46639251708984
2018-12-10,119.32677459716797
2018-12-11,120.34540557861328
2018-12-12,120.83827209472656
2018-12-13,121.4461441040039
2018-12-14,109.25557708740234
2018-12-17,106.08467864990234
2018-12-18,107.13614654541016
2018-12-19,104.82781982421875
2018-12-20,105.37000274658203
2018-12-21,105.22211456298828
2018-12-24,100.90939331054688
2018-12-26,104.08849334716797
2018-12-27,104.66353607177734
2018-12-28,104.54850006103516
2018-12-31,106.01073455810547
2019-01-02,104.94282531738281
2019-01-03,103.2752456665039
2019-01-04,105.008544921875
2019-01-07,104.33494567871094
2019-01-08,106.75830841064453
2019-01-09,105.91216278076172
2019-01-10,106.55290985107422
2019-01-11,106.58576202392578
2019-01-14,105.3781967163086
2019-01-15,106.26539611816406
2019-01-16,105.1810531616211
2019-01-17,106.0436019897461
2019-01-18,107.35796356201172
2019-01-22,105.80537414550781
2019-01-23,105.80537414550781
2019-01-24,104.35136413574219
2019-01-25,105.33712005615234
2019-01-28,105.96145629882812
2019-01-29,107.06222534179688
2019-01-30,108.13835144042969
2019-01-31,109.32127380371094
2019-02-01,110.2413330078125
2019-02-04,109.15699768066406
2019-02-05,109.15699768066406
2019-02-06,109.25557708740234
2019-02-07,108.47516632080078
2019-02-08,108.76268005371094
2019-02-11,108.43406677246094
2019-02-12,110.2084732055664
2019-02-13,110.44668579101562
2019-02-14,110.33165740966797
2019-02-15,112.03211975097656
2019-02-19,111.46528625488281
2019-02-20,112.0074462890625
2019-02-21,111.24349212646484
2019-02-22,112.21283721923828
2019-02-25,112.62628936767578
2019-02-26,112.55187225341797
2019-02-27,112.35343170166016
2019-02-28,112.99016571044922
2019-03-01,114.4041976928711
2019-03-04,114.51168060302734
2019-03-05,114.75148010253906
2019-03-06,115.01612854003906
2019-03-07,114.313232421875
2019-03-08,114.16432189941406
2019-03-11,114.5777816772461
2019-03-12,115.09053039550781
2019-03-13,115.28071594238281
2019-03-14,114.13131713867188
2019-03-15,113.78396606445312
2019-03-18,113.42839050292969
2019-03-19,114.47859191894531
2019-03-20,113.52764129638672
2019-03-21,114.19745635986328
2019-03-22,113.21340942382812
2019-03-25,112.96533966064453
2019-03-26,114.58610534667969
2019-03-27,114.69359588623047
2019-03-28,114.84245300292969
2019-03-29,115.59490966796875
2019-04-01,114.92513275146484
2019-04-02,113.87495422363281
2019-04-03,113.42839050292969
2019-04-04,112.10533905029297
2019-04-05,112.60973358154297
2019-04-08,112.57666015625
2019-04-09,112.10533905029297
2019-04-10,112.11360931396484
2019-04-11,111.80763244628906
2019-04-12,112.44438934326172
2019-04-15,112.89091491699219
2019-04-16,114.13131713867188
2019-04-17,114.54476928710938
2019-04-18,113.71784973144531
2019-04-22,113.97417449951172
2019-04-23,115.6858901977539
2019-04-24,115.1070556640625
2019-04-25,115.47914123535156
2019-04-26,116.09111022949219
2019-04-29,115.63628387451172
2019-04-30,116.7608642578125
2019-05-01,117.38109588623047
2019-05-02,116.8270492553711
2019-05-03,117.4306869506836
2019-05-06,117.4968490600586
2019-05-07,115.74381256103516
2019-05-08,115.59490966796875
2019-05-09,114.71842193603516
2019-05-10,114.98301696777344
2019-05-13,113.45320892333984
2019-05-14,113.13900756835938
2019-05-15,113.21340942382812
2019-05-16,114.28842163085938
2019-05-17,114.61917114257812
2019-05-20,114.46207427978516
2019-05-21,114.21397399902344
2019-05-22,114.74322509765625
2019-05-23,115.59490966796875
2019-05-24,115.60326385498047
2019-05-28,114.12124633789062
2019-05-29,109.34229278564453
2019-05-30,109.99169158935547
2019-05-31,109.19242095947266
2019-06-03,109.43387603759766
2019-06-04,111.34046936035156
2019-06-05,111.88162994384766
2019-06-06,113.79656219482422
2019-06-07,115.35350036621094
2019-06-10,115.74480438232422
2019-06-11,116.37753295898438
2019-06-12,117.95943450927734
2019-06-13,117.1518783569336
2019-06-14,116.63565063476562
2019-06-17,116.09449005126953
2019-06-18,116.7521743774414
2019-06-19,116.93537902832031
2019-06-20,118.40070343017578
2019-06-21,118.30081176757812
2019-06-24,119.10840606689453
2019-06-25,120.09083557128906
2019-06-26,118.10099029541016
2019-06-27,117.13520050048828
2019-06-28,115.9612808227539
2019-07-01,116.02786254882812
2019-07-02,116.585693359375
2019-07-03,118.34241485595703
2019-07-05,117.03529357910156
2019-07-08,117.36831665039062
2019-07-09,117.73469543457031
2019-07-10,117.56816101074219
2019-07-11,116.65233612060547
2019-07-12,111.8150405883789
2019-07-15,112.15640258789062
2019-07-16,110.3163833618164
2019-07-17,109.78356170654297
2019-07-18,109.95840454101562
2019-07-19,108.49305725097656
2019-07-22,107.10265350341797
2019-07-23,107.26914978027344
2019-07-24,108.0517807006836
2019-07-25,109.16743469238281
2019-07-26,108.8427505493164
2019-07-29,110.74933624267578
2019-07-30,109.96670532226562
2019-07-31,108.41812896728516
2019-08-01,108.47637939453125
2019-08-02,109.12581634521484
2019-08-05,108.3681640625
2019-08-06,108.87603759765625
2019-08-07,108.40979766845703
2019-08-08,109.6336669921875
2019-08-09,109.93339538574219
2019-08-12,109.84182739257812
2019-08-13,111.08238220214844
2019-08-14,108.451416015625
2019-08-15,108.6845474243164
2019-08-16,109.36724853515625
2019-08-19,110.1082763671875
2019-08-20,108.7345199584961
2019-08-21,109.50880432128906
2019-08-22,109.2923355102539
2019-08-23,106.34501647949219
2019-08-26,107.20059967041016
2019-08-27,108.74402618408203
2019-08-28,107.9387435913086
2019-08-29,107.5696792602539
2019-08-30,107.67033386230469
2019-09-03,107.98908996582031
2019-09-04,108.08975219726562
2019-09-05,107.85486602783203
2019-09-06,107.5445327758789
2019-09-09,106.48763275146484
2019-09-10,108.66854095458984
2019-09-11,110.02741241455078
2019-09-12,109.40666961669922
2019-09-13,109.70025634765625
2019-09-16,108.66014862060547
2019-09-17,108.76915740966797
2019-09-18,109.38990783691406
2019-09-19,109.13826751708984
2019-09-20,110.4300308227539
2019-09-23,110.50555419921875
2019-09-24,110.34616088867188
2019-09-25,109.87643432617188
2019-09-26,108.08135223388672
2019-09-27,107.87164306640625
2019-09-30,108.52591705322266
2019-10-01,109.03761291503906
2019-10-02,110.72361755371094
2019-10-03,110.04418182373047
2019-10-04,112.11605834960938
2019-10-07,111.69664764404297
2019-10-08,110.58942413330078
2019-10-09,108.39170837402344
2019-10-10,108.25750732421875
2019-10-11,110.16161346435547
2019-10-14,109.64994049072266
2019-10-15,111.42821502685547
2019-10-16,113.38268280029297
2019-10-17,114.22146606445312
2019-10-18,107.11670684814453
2019-10-21,107.38516235351562
2019-10-22,108.37493896484375
2019-10-23,108.96210479736328
2019-10-24,106.94898223876953
2019-10-25,107.66195678710938
2019-10-28,108.35816192626953
2019-10-29,108.3078384399414
2019-10-30,111.42821502685547
2019-10-31,110.75716400146484
2019-11-01,110.05256652832031
2019-11-04,109.23892974853516
2019-11-05,109.39830780029297
2019-11-06,109.85124969482422
2019-11-07,110.2454833984375
2019-11-08,111.56240844726562
2019-11-11,110.70685577392578
2019-11-12,110.17842102050781
2019-11-13,110.1113052368164
2019-11-14,109.85124969482422
2019-11-15,113.1897201538086
2019-11-18,113.09746551513672
2019-11-19,113.08910369873047
2019-11-20,114.02855682373047
2019-11-21,114.44796752929688
2019-11-22,115.81523895263672
2019-11-25,115.86592102050781
2019-11-26,115.85748291015625
2019-11-27,116.34736633300781
2019-11-29,116.12777709960938
2019-12-02,116.01795959472656
2019-12-03,115.84902954101562
2019-12-04,117.72409057617188
2019-12-05,117.87611389160156
2019-12-06,118.56873321533203
2019-12-09,118.67009735107422
2019-12-10,118.23931884765625
2019-12-11,119.07552337646484
2019-12-12,119.37956237792969
2019-12-13,119.41334533691406
2019-12-16,119.75965118408203
2019-12-17,121.25463104248047
2019-12-18,120.94210052490234
2019-12-19,122.76651763916016
2019-12-20,123.36620330810547
2019-12-23,123.68714141845703
2019-12-24,123.25637817382812
2019-12-26,123.17195129394531
2019-12-27,123.10438537597656
2019-12-30,122.72428894042969
2019-12-31,123.20572662353516
2020-01-02,123.29017639160156
2020-01-03,121.86277770996094
2020-01-06,121.71075439453125
2020-01-07,122.45397186279297
2020-01-08,122.43711853027344
2020-01-09,122.80030059814453
2020-01-10,122.52157592773438
2020-01-13,123.0621337890625
2020-01-14,123.75472259521484
2020-01-15,124.16860961914062
2020-01-16,125.17366790771484
2020-01-17,125.99300384521484
2020-01-21,126.07740783691406
2020-01-22,125.2159652709961
2020-01-23,125.4524154663086
2020-01-24,125.27506256103516
2020-01-27,125.63821411132812
2020-01-28,126.27168273925781
2020-01-29,127.1501235961914
2020-01-30,126.99808502197266
2020-01-31,125.73956298828125
2020-02-03,126.83763885498047
2020-02-04,128.04547119140625
2020-02-05,130.06411743164062
2020-02-06,129.67559814453125
2020-02-07,128.29034423828125
2020-02-10,128.2650604248047
2020-02-11,128.37484741210938
2020-02-12,127.61466217041016
2020-02-13,126.77003479003906
2020-02-14,126.80384826660156
2020-02-18,125.96765899658203
2020-02-19,125.79874420166016
2020-02-20,125.31726837158203
2020-02-21,126.6348876953125
2020-02-24,124.02537536621094
2020-02-25,122.95436096191406
2020-02-26,122.12983703613281
2020-02-27,118.2537841796875
2020-02-28,114.3096923828125
2020-03-02,119.01882934570312
2020-03-03,115.25323486328125
2020-03-04,121.95982360839844
2020-03-05,120.71028137207031
2020-03-06,120.727294921875
2020-03-09,115.97573852539062
2020-03-10,120.39581298828125
2020-03-11,112.03168487548828
2020-03-12,106.60011291503906
2020-03-13,114.14820861816406
2020-03-16,108.0621109008789
2020-03-17,116.10325622558594
2020-03-18,114.71772003173828
2020-03-19,107.99412536621094
2020-03-20,101.90804290771484
2020-03-23,94.47042083740234
2020-03-24,101.30452728271484
2020-03-25,101.49152374267578
2020-03-26,107.58611297607422
2020-03-27,104.6875991821289
2020-03-30,113.06018829345703
2020-03-31,111.46217346191406
2020-04-01,109.49015045166016
2020-04-02,113.17919921875
2020-04-03,114.04619598388672
2020-04-06,118.79776763916016
2020-04-07,116.85977172851562
2020-04-08,121.77281188964844
2020-04-09,120.04727935791016
2020-04-13,118.80630493164062
2020-04-14,124.12736511230469
2020-04-15,125.51290130615234
2020-04-16,127.22142028808594
2020-04-17,129.21893310546875
2020-04-20,128.9214630126953
2020-04-21,127.22991180419922
2020-04-22,130.04345703125
2020-04-23,132.1854705810547
2020-04-24,131.6329803466797
2020-04-27,131.14846801757812
2020-04-28,128.68345642089844
2020-04-29,127.70592498779297
2020-04-30,127.53594970703125
2020-05-01,126.04837799072266
2020-05-04,126.03141784667969
2020-05-05,127.07687377929688
2020-05-06,125.86988830566406
2020-05-07,125.4533920288086
2020-05-08,126.39692687988281
2020-05-11,126.74539947509766
2020-05-12,125.07093048095703
2020-05-13,125.06237030029297
2020-05-14,125.49591827392578
2020-05-15,127.87592315673828
2020-05-18,127.9439468383789
2020-05-19,126.66889190673828
2020-05-20,125.52987670898438
2020-05-21,124.70537567138672
2020-05-22,123.56700134277344
2020-05-26,123.7296371459961
2020-05-27,124.01209259033203
2020-05-28,125.79241180419922
2020-05-29,127.31587982177734
2020-06-01,125.98068237304688
2020-06-02,126.88794708251953
2020-06-03,127.23026275634766
2020-06-04,125.58694458007812
2020-06-05,126.07479095458984
2020-06-08,125.62118530273438
2020-06-09,124.92794799804688
2020-06-10,126.50276184082031
2020-06-11,120.57138061523438
2020-06-12,121.66688537597656
2020-06-15,120.89659118652344
2020-06-16,123.64405059814453
2020-06-17,123.26746368408203
2020-06-18,122.7453842163086
2020-06-19,123.10486602783203
2020-06-22,122.72824096679688
2020-06-23,122.27457427978516
2020-06-24,119.67266082763672
2020-06-25,119.54428100585938
2020-06-26,117.95228576660156
2020-06-29,119.0050277709961
2020-06-30,120.36592102050781
2020-07-01,120.1519775390625
2020-07-02,120.65693664550781
2020-07-06,122.37728881835938
2020-07-07,122.26604461669922
2020-07-08,122.62552642822266
2020-07-09,121.95791625976562
2020-07-10,121.85519409179688
2020-07-13,124.28598022460938
2020-07-14,126.60547637939453
2020-07-15,126.89649200439453
2020-07-16,127.74382781982422
2020-07-17,127.82942199707031
2020-07-20,128.0434112548828
2020-07-21,128.1632537841797
2020-07-22,128.39431762695312
2020-07-23,128.0519256591797
2020-07-24,126.77668762207031
2020-07-27,125.97209930419922
2020-07-28,125.67259216308594
2020-07-29,125.42434692382812
2020-07-30,125.68110656738281
2020-07-31,124.75670623779297
2020-08-03,126.11764526367188
2020-08-04,126.00634002685547
2020-08-05,127.01631164550781
2020-08-06,126.28878784179688
2020-08-07,127.18753051757812
2020-08-10,126.69962310791016
2020-08-11,125.79241180419922
2020-08-12,128.0947723388672
2020-08-13,126.6739501953125
2020-08-14,126.87937927246094
2020-08-17,127.52130126953125
2020-08-18,128.4627685546875
2020-08-19,128.7196044921875
2020-08-20,129.60116577148438
2020-08-21,130.748046875
2020-08-24,131.09271240234375
2020-08-25,131.0151824951172
2020-08-26,131.22195434570312
2020-08-27,131.80783081054688
2020-08-28,132.37649536132812
2020-08-31,132.17831420898438
2020-09-01,130.54991149902344
2020-09-02,132.54022216796875
2020-09-03,128.85255432128906
2020-09-04,128.02540588378906
2020-09-08,126.87946319580078
2020-09-09,128.9817657470703
2020-09-10,126.5779037475586
2020-09-11,127.32749938964844
2020-09-14,127.81864166259766
2020-09-15,128.2838897705078
2020-09-16,127.86168670654297
2020-09-17,126.80194091796875
2020-09-18,128.53375244140625
2020-09-21,125.01841735839844
2020-09-22,124.25159454345703
2020-09-23,124.44976806640625
2020-09-24,124.64794158935547
2020-09-25,125.50093841552734
2020-09-28,126.750244140625
2020-09-29,126.70719146728516
2020-09-30,128.27528381347656
2020-10-01,126.93118286132812
2020-10-02,126.0006332397461
2020-10-05,127.71526336669922
2020-10-06,126.01786804199219
2020-10-07,127.41366577148438
2020-10-08,128.2838897705078
2020-10-09,130.07601928710938
2020-10-12,130.82559204101562
2020-10-13,127.82723999023438
2020-10-14,127.60322570800781
2020-10-15,126.81916046142578
2020-10-16,127.60322570800781
2020-10-19,124.34637451171875
2020-10-20,124.54451751708984
2020-10-21,124.01033020019531
2020-10-22,125.00118255615234
2020-10-23,125.13904571533203
2020-10-26,124.0447998046875
2020-10-27,123.33829498291016
2020-10-28,119.21121978759766
2020-10-29,118.2031478881836
2020-10-30,118.13420104980469
2020-11-02,119.49554443359375
2020-11-03,119.33183288574219
2020-11-04,120.10729217529297
2020-11-05,120.4174575805664
2020-11-06,122.5628662109375
2020-11-09,125.86279296875
2020-11-10,127.75830841064453
2020-11-11,127.34473419189453
2020-11-12,127.77555084228516
2020-11-13,129.15411376953125
2020-11-16,129.97262573242188
2020-11-17,128.68020629882812
2020-11-18,126.97428131103516
2020-11-19,126.7761001586914
2020-11-20,126.10404205322266
2020-11-23,124.82000732421875
2020-11-24,124.82000732421875
2020-11-25,124.65515899658203
2020-11-27,124.93280792236328
2020-11-30,125.52276611328125
2020-12-01,127.92597961425781
2020-12-02,128.52459716796875
2020-12-03,129.2707061767578
2020-12-04,130.3726043701172
2020-12-07,129.24472045898438
2020-12-08,131.4831085205078
2020-12-09,132.82785034179688
2020-12-10,132.0904083251953
2020-12-11,132.69772338867188
2020-12-14,129.3314666748047
2020-12-15,130.63284301757812
2020-12-16,129.8520050048828
2020-12-17,133.27896118164062
2020-12-18,134.0511474609375
2020-12-21,132.75845336914062
2020-12-22,132.49815368652344
2020-12-23,131.82142639160156
2020-12-24,132.28131103515625
2020-12-28,132.9059295654297
2020-12-29,133.7301483154297
2020-12-30,135.38722229003906
2020-12-31,136.54115295410156
2021-01-04,135.7776641845703
2021-01-05,137.3740234375
2021-01-06,138.66671752929688
2021-01-07,139.1352081298828
2021-01-08,138.84893798828125
2021-01-11,138.26763916015625
2021-01-12,137.19180297851562
2021-01-13,136.98361206054688
2021-01-14,139.37814331054688
2021-01-15,139.07449340820312
2021-01-19,141.22613525390625
2021-01-20,140.87911987304688
2021-01-21,140.3151397705078
2021-01-22,141.8941650390625
2021-01-25,144.00238037109375
2021-01-26,147.9065399169922
2021-01-27,145.6508026123047
2021-01-28,146.76132202148438
2021-01-29,141.52978515625
2021-02-01,141.16537475585938
2021-02-02,139.89871215820312
2021-02-03,139.24801635742188
2021-02-04,140.5407257080078
2021-02-05,142.67498779296875
2021-02-08,143.0827178955078
2021-02-09,144.25399780273438
2021-02-10,144.7224884033203
2021-02-11,144.07179260253906
2021-02-12,144.52294921875
2021-02-16,143.212890625
2021-02-17,143.72479248046875
2021-02-18,143.79420471191406
2021-02-19,141.3996124267578
2021-02-22,141.31231689453125
2021-02-23,140.06394958496094
2021-02-24,141.9408721923828
2021-02-25,142.08926391601562
2021-02-26,138.33541870117188
2021-03-01,139.08619689941406
2021-03-02,138.82427978515625
2021-03-03,136.3798828125
2021-03-04,133.62994384765625
2021-03-05,136.275146484375
2021-03-08,137.4099884033203
2021-03-09,137.6719207763672
2021-03-10,138.93780517578125
2021-03-11,138.92901611328125
2021-03-12,139.33059692382812
2021-03-15,140.0464630126953
2021-03-16,140.87582397460938
2021-03-17,140.35202026367188
2021-03-18,140.09011840820312
2021-03-19,139.71475219726562
2021-03-22,140.11631774902344
2021-03-23,139.9853973388672
2021-03-24,141.34725952148438
2021-03-25,141.39962768554688
2021-03-26,143.98370361328125
2021-03-29,144.95272827148438
2021-03-30,144.0535430908203
2021-03-31,143.47735595703125
2021-04-01,142.15040588378906
2021-04-05,142.6741943359375
2021-04-06,142.63931274414062
2021-04-07,142.8313446044922
2021-04-08,142.27261352539062
2021-04-09,140.77105712890625
2021-04-12,141.11151123046875
2021-04-13,139.2258758544922
2021-04-14,139.60997009277344
2021-04-15,140.020263671875
2021-04-16,141.6353302001953
2021-04-19,142.02818298339844
2021-04-20,145.3368377685547
2021-04-21,145.43289184570312
2021-04-22,144.2019500732422
2021-04-23,144.498779296875
2021-04-26,143.2765655517578
2021-04-27,142.45596313476562
2021-04-28,141.40838623046875
2021-04-29,143.34642028808594
2021-04-30,142.06307983398438
2021-05-03,144.22817993164062
2021-05-04,146.4630126953125
2021-05-05,145.85189819335938
2021-05-06,146.4368438720703
2021-05-07,147.1002960205078
2021-05-10,148.6455078125
2021-05-11,147.43203735351562
2021-05-12,146.83839416503906
2021-05-13,148.37486267089844
2021-05-14,148.6018524169922
2021-05-17,148.75027465820312
2021-05-18,148.80264282226562
2021-05-19,148.4796600341797
2021-05-20,149.34393310546875
2021-05-21,149.24790954589844
2021-05-24,149.81887817382812
2021-05-25,149.40602111816406
2021-05-26,148.5187530517578
2021-05-27,148.29037475585938
2021-05-28,148.67686462402344
2021-06-01,145.40907287597656
2021-06-02,145.99765014648438
2021-06-03,145.8570556640625
2021-06-04,145.79556274414062
2021-06-07,144.80294799804688
2021-06-08,143.52920532226562
2021-06-09,145.4617919921875
2021-06-10,146.77064514160156
2021-06-11,144.90835571289062
2021-06-14,145.26852416992188
2021-06-15,144.49549865722656
2021-06-16,144.44277954101562
2021-06-17,145.1367645263672
2021-06-18,142.29061889648438
2021-06-21,143.92449951171875
2021-06-22,143.73123168945312
2021-06-23,142.86158752441406
2021-06-24,143.5116424560547
2021-06-25,144.24954223632812
2021-06-28,144.08262634277344
2021-06-29,144.09140014648438
2021-06-30,144.71510314941406
2021-07-01,145.78677368164062
2021-07-02,148.439697265625
2021-07-06,147.5524444580078
2021-07-07,148.8174591064453
2021-07-08,148.5275421142578
2021-07-09,149.11611938476562
2021-07-12,148.87892150878906
2021-07-13,148.69448852539062
2021-07-14,149.7046661376953
2021-07-15,147.9038543701172
2021-07-16,147.66665649414062
2021-07-19,146.59498596191406
2021-07-20,147.97415161132812
2021-07-21,148.8876953125
2021-07-22,149.3181610107422
2021-07-23,150.9081573486328
2021-07-26,150.97842407226562
2021-07-27,151.6724090576172
2021-07-28,151.25076293945312
2021-07-29,151.25076293945312
2021-07-30,151.26829528808594
2021-08-02,151.3297882080078
2021-08-03,153.19207763671875
2021-08-04,152.2873077392578
2021-08-05,152.5771942138672
2021-08-06,152.06768798828125
2021-08-09,152.59475708007812
2021-08-10,152.64747619628906
2021-08-11,152.67381286621094
2021-08-12,153.90367126464844
2021-08-13,154.82603454589844
2021-08-16,156.22274780273438
2021-08-17,157.65464782714844
2021-08-18,155.65179443359375
2021-08-19,156.864013671875
2021-08-20,157.62826538085938
2021-08-23,156.94781494140625
2021-08-24,154.98605346679688
2021-08-25,153.96104431152344
2021-08-26,153.13922119140625
2021-08-27,152.81228637695312
2021-08-30,153.45736694335938
2021-08-31,152.98902893066406
2021-09-01,153.52806091308594
2021-09-02,154.57957458496094
2021-09-03,154.67678833007812
2021-09-07,152.27325439453125
2021-09-08,151.90208435058594
2021-09-09,148.51766967773438
2021-09-10,147.5456085205078
2021-09-13,146.51171875
2021-09-14,145.62803649902344
2021-09-15,146.1759490966797
2021-09-16,145.99920654296875
2021-09-17,145.58389282226562
2021-09-20,144.75323486328125
2021-09-21,145.3894805908203
2021-09-22,144.85928344726562
2021-09-23,145.6811065673828
2021-09-24,145.23927307128906
2021-09-27,144.18771362304688
2021-09-28,143.8695831298828
2021-09-29,144.93881225585938
2021-09-30,142.7119903564453
2021-10-01,141.80178833007812
2021-10-04,140.69723510742188
2021-10-05,141.01535034179688
2021-10-06,141.3069305419922
2021-10-07,142.5706024169922
2021-10-08,142.2082977294922
2021-10-11,141.60740661621094
2021-10-12,139.34519958496094
2021-10-13,140.67953491210938
2021-10-14,141.4836883544922
2021-10-15,142.53524780273438
2021-10-18,141.49249267578125
2021-10-19,144.8062286376953
2021-10-20,144.72671508789062
2021-10-21,144.39097595214844
2021-10-22,144.67372131347656
2021-10-25,144.9918670654297
2021-10-26,146.46755981445312
2021-10-27,144.69139099121094
2021-10-28,143.90493774414062
2021-10-29,143.93142700195312
2021-11-01,144.05514526367188
2021-11-02,146.32615661621094
2021-11-03,145.8578338623047
2021-11-04,145.45135498046875
2021-11-05,144.41746520996094
2021-11-08,143.922607421875
2021-11-09,143.6044921875
2021-11-10,145.1597137451172
2021-11-11,144.09051513671875
2021-11-12,145.81369018554688
2021-11-15,144.49697875976562
2021-11-16,143.745849609375
2021-11-17,144.284912109375
2021-11-18,143.5072479248047
2021-11-19,143.94027709960938
2021-11-22,142.04576110839844
2021-11-23,142.92630004882812
2021-11-24,142.5260467529297
2021-11-26,141.6010284423828
2021-11-29,142.0902099609375
2021-11-30,138.6925048828125
2021-12-01,140.60479736328125
2021-12-02,139.72422790527344
2021-12-03,141.76107788085938
2021-12-06,144.9275665283203
2021-12-07,145.3011474609375
2021-12-08,146.1728057861328
2021-12-09,147.5603485107422
2021-12-10,147.19569396972656
2021-12-13,149.8284149169922
2021-12-14,151.46505737304688
2021-12-15,152.22113037109375
2021-12-16,153.88433837890625
2021-12-17,149.63278198242188
2021-12-20,149.205810546875
2021-12-21,148.72552490234375
2021-12-22,149.36593627929688
2021-12-23,149.65057373046875
2021-12-27,150.91360473632812
2021-12-28,151.51844787597656
2021-12-29,152.5857696533203
2021-12-30,153.26173400878906
2021-12-31,152.15882873535156
2022-01-03,152.57684326171875
2022-01-04,152.167724609375
2022-01-05,153.1816864013672
2022-01-06,152.65692138671875
2022-01-07,154.72044372558594
2022-01-10,153.9555206298828
2022-01-11,152.31895446777344
2022-01-12,151.02029418945312
2022-01-13,150.1041717529297
2022-01-14,149.285888671875
2022-01-18,148.62771606445312
2022-01-19,148.16517639160156
2022-01-20,146.9822235107422
2022-01-21,146.64419555664062
2022-01-24,144.9542236328125
2022-01-25,149.09913635253906
2022-01-26,149.76622009277344
2022-01-27,151.7318572998047
2022-01-28,152.7992401123047
2022-01-31,153.2439422607422
2022-02-01,151.98985290527344
2022-02-02,153.67088317871094
2022-02-03,153.66197204589844
2022-02-04,152.65692138671875
2022-02-07,152.14993286132812
2022-02-08,152.5502166748047
2022-02-09,152.53237915039062
2022-02-10,150.69122314453125
2022-02-11,149.1702423095703
2022-02-14,147.2935333251953
2022-02-15,148.814453125
2022-02-16,148.72552490234375
2022-02-17,147.8182830810547
2022-02-18,146.23385620117188
2022-02-22,144.24659729003906
2022-02-23,144.3181915283203
2022-02-24,141.56109619140625
2022-02-25,148.59710693359375
2022-02-28,147.3170166015625
2022-03-01,146.8067626953125
2022-03-02,148.6328887939453
2022-03-03,150.8170928955078
2022-03-04,151.7122344970703
2022-03-07,154.15603637695312
2022-03-08,151.0319366455078
2022-03-09,151.60482788085938
2022-03-10,151.87335205078125
2022-03-11,151.59588623046875
2022-03-14,153.69056701660156
2022-03-15,157.67404174804688
2022-03-16,156.223876953125
2022-03-17,158.2648468017578
2022-03-18,156.5102996826172
2022-03-21,157.3965301513672
2022-03-22,156.65350341796875
2022-03-23,156.06272888183594
2022-03-24,156.868408203125
2022-03-25,158.37225341796875
2022-03-28,159.1868438720703
2022-03-29,159.10630798339844
2022-03-30,160.76234436035156
2022-03-31,158.64974975585938
2022-04-01,159.50912475585938
2022-04-04,157.9694366455078
2022-04-05,158.98992919921875
2022-04-06,163.1255340576172
2022-04-07,162.704833984375
2022-04-08,163.027099609375
2022-04-11,160.98614501953125
2022-04-12,161.03985595703125
2022-04-13,161.7201690673828
2022-04-14,161.03985595703125
2022-04-18,159.03468322753906
2022-04-19,163.88644409179688
2022-04-20,164.61154174804688
2022-04-21,164.1371307373047
2022-04-22,162.50790405273438
2022-04-25,166.50926208496094
2022-04-26,165.31875610351562
2022-04-27,163.00921630859375
2022-04-28,164.22662353515625
2022-04-29,161.5411376953125
2022-05-02,159.9119110107422
2022-05-03,159.59864807128906
2022-05-04,161.308349609375
2022-05-05,158.22903442382812
2022-05-06,157.87994384765625
2022-05-09,158.7392578125
2022-05-10,158.52444458007812
2022-05-11,157.66506958007812
2022-05-12,159.22265625
2022-05-13,158.3096160888672
2022-05-16,159.4106903076172
2022-05-17,160.0730743408203
2022-05-18,157.10113525390625
2022-05-19,155.70468139648438
2022-05-20,158.42599487304688
2022-05-23,161.66026306152344
2022-05-24,163.42605590820312
2022-05-25,161.82240295410156
2022-05-26,161.6782684326172
2022-05-27,163.14675903320312
2022-05-31,161.74134826660156
2022-06-01,160.1016845703125
2022-06-02,159.59713745117188
2022-06-03,158.93948364257812
2022-06-06,158.9214630126953
2022-06-07,160.6692352294922
2022-06-08,159.71426391601562
2022-06-09,156.49798583984375
2022-06-10,155.4529571533203
2022-06-13,153.88534545898438
2022-06-14,151.52493286132812
2022-06-15,153.1466064453125
2022-06-16,153.22767639160156
2022-06-17,152.6691436767578
2022-06-21,155.8673553466797
2022-06-22,158.32688903808594
2022-06-23,161.85845947265625
2022-06-24,164.2278289794922
2022-06-27,164.07470703125
2022-06-28,159.40797424316406
2022-06-29,159.45301818847656
2022-06-30,159.92147827148438
2022-07-01,161.7323455810547
2022-07-05,160.4890899658203
2022-07-06,160.63319396972656
2022-07-07,160.8134002685547
2022-07-08,160.61521911621094
2022-07-11,160.67825317382812
2022-07-12,158.42599487304688
2022-07-13,158.05657958984375
2022-07-14,158.27281188964844
2022-07-15,160.57015991210938
2022-07-18,156.9664764404297
2022-07-19,154.67816162109375
2022-07-20,153.79527282714844
2022-07-21,154.3358154296875
2022-07-22,155.06553649902344
2022-07-25,155.37184143066406
2022-07-26,156.4709930419922
2022-07-27,156.03854370117188
2022-07-28,156.939453125
2022-07-29,157.22776794433594
2022-08-01,156.67822265625
2022-08-02,155.78631591796875
2022-08-03,157.29083251953125
2022-08-04,154.76828002929688
2022-08-05,154.15565490722656
2022-08-08,153.33580017089844
2022-08-09,153.31776428222656
2022-08-10,153.7592315673828
2022-08-11,150.57899475097656
2022-08-12,148.92132568359375
2022-08-15,149.63302612304688
2022-08-16,150.96641540527344
2022-08-17,150.97540283203125
2022-08-18,150.2456512451172
2022-08-19,152.5339813232422
2022-08-22,151.99887084960938
2022-08-23,150.67469787597656
2022-08-24,150.1758575439453
2022-08-25,151.5816650390625
2022-08-26,148.9877471923828
2022-08-29,147.83587646484375
2022-08-30,147.31890869140625
2022-08-31,146.330322265625
2022-09-01,149.95819091796875
2022-09-02,147.60006713867188
2022-09-06,147.99913024902344
2022-09-07,148.80633544921875
2022-09-08,150.00352478027344
2022-09-09,150.29379272460938
2022-09-12,150.2302703857422
2022-09-13,146.3212432861328
2022-09-14,149.3414764404297
2022-09-15,149.7223663330078
2022-09-16,152.0079345703125
2022-09-19,150.8107452392578
2022-09-20,149.6226043701172
2022-09-21,148.08985900878906
2022-09-22,150.72006225585938
2022-09-23,151.2097930908203
2022-09-26,150.28468322753906
2022-09-27,149.5954132080078
2022-09-28,150.88330078125
2022-09-29,149.2235565185547
2022-09-30,148.1623992919922
2022-10-03,148.01727294921875
2022-10-04,150.21214294433594
2022-10-05,149.7495880126953
2022-10-06,146.8472900390625
2022-10-07,145.29637145996094
2022-10-10,145.4868621826172
2022-10-11,147.59100341796875
2022-10-12,147.5547332763672
2022-10-13,149.78585815429688
2022-10-14,149.1600799560547
2022-10-17,151.09188842773438
2022-10-18,150.56585693359375
2022-10-19,149.36865234375
2022-10-20,149.7495880126953
2022-10-21,153.0146942138672
2022-10-24,155.07350158691406
2022-10-25,154.82862854003906
2022-10-26,156.18907165527344
2022-10-27,156.27975463867188
2022-10-28,158.6016387939453
2022-10-31,157.7853546142578
2022-11-01,156.98719787597656
2022-11-02,154.57467651367188
2022-11-03,154.8376922607422
2022-11-04,155.52696228027344
2022-11-07,156.88743591308594
2022-11-08,157.66741943359375
2022-11-09,156.40673828125
2022-11-10,158.23883056640625
2022-11-11,153.50442504882812
2022-11-14,155.91697692871094
2022-11-15,156.35235595703125
2022-11-16,157.32278442382812
2022-11-17,158.59251403808594
2022-11-18,159.80789184570312
2022-11-21,160.62940979003906
2022-11-22,161.40533447265625
2022-11-23,161.57876586914062
2022-11-25,161.78871154785156
2022-11-28,161.870849609375
2022-11-29,160.7389678955078
2022-11-30,162.48243713378906
2022-12-01,163.15794372558594
2022-12-02,163.28575134277344
2022-12-05,163.19442749023438
2022-12-06,160.74807739257812
2022-12-07,161.7247772216797
2022-12-08,161.752197265625
2022-12-09,160.4194793701172
2022-12-12,162.33639526367188
2022-12-13,163.58697509765625
2022-12-14,164.08900451660156
2022-12-15,162.0169219970703
2022-12-16,160.35556030273438
2022-12-19,160.18211364746094
2022-12-20,160.35556030273438
2022-12-21,162.19032287597656
2022-12-22,161.59701538085938
2022-12-23,162.0077667236328
2022-12-27,161.9621124267578
2022-12-28,161.25926208496094
2022-12-29,162.080810546875
2022-12-30,161.25015258789062
2023-01-03,162.65591430664062
2023-01-04,164.42677307128906
2023-01-05,163.21270751953125
2023-01-06,164.53627014160156
2023-01-09,160.27342224121094
2023-01-10,159.89002990722656
2023-01-11,159.63446044921875
2023-01-12,158.83114624023438
2023-01-13,158.31085205078125
2023-01-17,157.33413696289062
2023-01-18,154.9608154296875
2023-01-19,154.75082397460938
2023-01-20,154.02972412109375
2023-01-23,153.63719177246094
2023-01-24,153.63719177246094
2023-01-25,154.73257446289062
2023-01-26,154.16664123535156
2023-01-27,153.5641632080078
2023-01-30,147.87728881835938
2023-01-31,149.17347717285156
2023-02-01,150.54270935058594
2023-02-02,151.10867309570312
2023-02-03,150.25975036621094
2023-02-06,149.11871337890625
2023-02-07,149.15524291992188
2023-02-08,149.346923828125
2023-02-09,147.32957458496094
2023-02-10,148.0142059326172
2023-02-13,148.5618896484375
2023-02-14,147.91378784179688
2023-02-15,145.47654724121094
2023-02-16,144.445068359375
2023-02-17,147.46066284179688
2023-02-21,145.26332092285156
2023-02-22,145.0610809326172
2023-02-23,145.0150909423828
2023-02-24,143.39695739746094
2023-02-27,143.08438110351562
2023-02-28,140.9054412841797
2023-03-01,140.27102661132812
2023-03-02,140.16073608398438
2023-03-03,141.6041717529297
2023-03-06,143.02001953125
2023-03-07,141.6685333251953
2023-03-08,140.62960815429688
2023-03-09,139.0482635498047
2023-03-10,139.38841247558594
2023-03-13,140.7215576171875
2023-03-14,141.51222229003906
2023-03-15,141.90753173828125
2023-03-16,141.6133575439453
2023-03-17,140.09637451171875
2023-03-20,141.4846649169922
2023-03-21,141.4846649169922
2023-03-22,138.87356567382812
2023-03-23,138.94712829589844
2023-03-24,140.34458923339844
2023-03-27,140.94223022460938
2023-03-28,139.58151245117188
2023-03-29,140.9513702392578
2023-03-30,141.0617218017578
2023-03-31,142.50514221191406
2023-04-03,144.20603942871094
2023-04-04,145.71380615234375
2023-04-05,152.2598419189453
2023-04-06,151.83692932128906
2023-04-10,151.07388305664062
2023-04-11,151.0278778076172
2023-04-12,150.7061004638672
2023-04-13,152.71958923339844
2023-04-14,152.4713134765625
2023-04-17,152.31503295898438
2023-04-18,148.03067016601562
2023-04-19,149.4281768798828
2023-04-20,150.39353942871094
2023-04-21,149.57525634765625
2023-04-24,150.4854736328125
2023-04-25,151.86451721191406
2023-04-26,149.51087951660156
2023-04-27,149.8602752685547
2023-04-28,150.5038299560547
2023-05-01,150.41188049316406
2023-05-02,151.72659301757812
2023-05-03,149.74075317382812
2023-05-04,149.06039428710938
2023-05-05,149.56605529785156
2023-05-08,149.2258758544922
2023-05-09,148.0674591064453
2023-05-10,148.6190948486328
2023-05-11,148.01231384277344
2023-05-12,147.81924438476562
2023-05-15,146.6883544921875
2023-05-16,146.49530029296875
2023-05-17,146.17352294921875
2023-05-18,145.70460510253906
2023-05-19,146.09996032714844
2023-05-22,145.3125457763672
2023-05-23,145.25701904296875
2023-05-24,145.11807250976562
2023-05-25,143.03384399414062
2023-05-26,142.97824096679688
2023-05-30,142.99676513671875
2023-05-31,143.6359405517578
2023-06-01,143.1542510986328
2023-06-02,145.4052276611328
2023-06-05,146.65577697753906
2023-06-06,146.5260772705078
2023-06-07,146.84104919433594
2023-06-08,148.45281982421875
2023-06-09,148.2212677001953
2023-06-12,148.11935424804688
2023-06-13,148.8974609375
2023-06-14,149.65704345703125
2023-06-15,151.6671905517578
2023-06-16,152.1303253173828
2023-06-20,152.0377197265625
2023-06-21,151.80612182617188
2023-06-22,153.41795349121094
2023-06-23,153.28822326660156
2023-06-26,151.57456970214844
2023-06-27,151.2595977783203
2023-06-28,150.95388793945312
2023-06-29,152.00990295410156
2023-06-30,153.32528686523438
2023-07-03,151.315185546875
2023-07-05,150.81497192382812
2023-07-06,149.694091796875
2023-07-07,147.51724243164062
2023-07-10,147.75808715820312
2023-07-11,146.9429473876953
2023-07-12,146.4334259033203
2023-07-13,147.10964965820312
2023-07-14,148.09156799316406
2023-07-17,147.3505096435547
2023-07-18,147.3412322998047
2023-07-19,147.04483032226562
2023-07-20,155.97462463378906
2023-07-21,157.6512451171875
2023-07-24,158.4756622314453
2023-07-25,159.6891632080078
2023-07-26,159.99484252929688
2023-07-27,160.8933868408203
2023-07-28,161.62518310546875
2023-07-31,155.18722534179688
2023-08-01,156.447021484375
2023-08-02,157.39187622070312
2023-08-03,158.0680694580078
2023-08-04,156.5859375
2023-08-07,160.3468475341797
2023-08-08,160.4209442138672
2023-08-09,160.31907653808594
2023-08-10,159.4853515625
2023-08-11,161.04159545898438
2023-08-14,160.66177368164062
2023-08-15,160.1986541748047
2023-08-16,159.6891632080078
2023-08-17,161.18980407714844
2023-08-18,159.7818145751953
2023-08-21,155.0204620361328
2023-08-22,153.78848266601562
2023-08-23,152.4082489013672
2023-08-24,152.92697143554688
2023-08-25,155.11964416503906
2023-08-28,153.29086303710938
2023-08-29,153.30953979492188
2023-08-30,152.76837158203125
2023-08-31,150.85560607910156
2023-09-01,149.73593139648438
2023-09-05,149.92254638671875
2023-09-06,147.4313201904297
2023-09-07,149.31607055664062
2023-09-08,149.8105926513672
2023-09-11,151.76998901367188
2023-09-12,152.62841796875
2023-09-13,153.01095581054688
2023-09-14,152.77767944335938
2023-09-15,150.6409912109375
2023-09-18,151.5927276611328
2023-09-19,151.34080505371094
2023-09-20,152.0032501220703
2023-09-21,150.83694458007812
2023-09-22,149.75460815429688
2023-09-25,149.53067016601562
2023-09-26,148.3736572265625
2023-09-27,146.59156799316406
2023-09-28,146.37693786621094
2023-09-29,145.3226318359375
2023-10-02,144.76278686523438
2023-10-03,144.9400634765625
2023-10-04,145.10801696777344
2023-10-05,146.6195526123047
2023-10-06,147.08609008789062
2023-10-09,147.92584228515625
2023-10-10,147.7578887939453
2023-10-11,145.72381591796875
2023-10-12,145.86376953125
2023-10-13,146.34898376464844
2023-10-16,146.9834442138672
2023-10-17,145.63983154296875
2023-10-18,142.50479125976562
2023-10-19,142.12225341796875
2023-10-20,142.75672912597656
2023-10-23,141.2545166015625
2023-10-24,141.105224609375
2023-10-25,141.42247009277344
2023-10-26,139.02452087402344
2023-10-27,135.8521728515625
2023-10-30,137.18641662597656
2023-10-31,138.40867614746094
2023-11-01,138.73529052734375
2023-11-02,140.18150329589844
2023-11-03,141.20785522460938
2023-11-06,141.54376220703125
2023-11-07,140.79730224609375
2023-11-08,140.28416442871094
2023-11-09,137.55029296875
2023-11-10,137.39170837402344
2023-11-13,137.74624633789062
2023-11-14,137.7742462158203
2023-11-15,138.83790588378906
2023-11-16,140.05088806152344
2023-11-17,139.76162719726562
2023-11-20,140.99371337890625
2023-11-21,142.13174438476562
2023-11-22,141.84957885742188
2023-11-24,143.42967224121094
2023-11-27,142.2822265625
2023-11-28,142.61141967773438
2023-11-29,143.0628662109375
2023-11-30,145.461181640625
2023-12-01,148.9599609375
2023-12-04,149.43019104003906
2023-12-05,149.11984252929688
2023-12-06,147.30462646484375
2023-12-07,146.15716552734375
2023-12-08,145.23545837402344
2023-12-11,145.83741760253906
2023-12-12,145.84683227539062
2023-12-13,146.5240020751953
2023-12-14,147.53973388671875
2023-12-15,145.9314727783203
2023-12-18,146.19480895996094
2023-12-19,147.15414428710938
2023-12-20,144.15386962890625
2023-12-21,145.63047790527344
2023-12-22,146.213623046875
2023-12-26,146.85317993164062
2023-12-27,147.05068969726562
2023-12-28,147.26702880859375
2023-12-29,147.41746520996094
2024-01-02,150.4553680419922
2024-01-03,151.39588928222656
2024-01-04,151.07614135742188
2024-01-05,151.54638671875
2024-01-08,151.92257690429688
2024-01-09,152.0166473388672
2024-01-10,152.2423553466797
2024-01-11,151.56515502929688
2024-01-12,152.7314453125
2024-01-16,150.97267150878906
2024-01-17,150.88800048828125
2024-01-18,151.6216278076172
2024-01-19,152.06365966796875
2024-01-22,152.80670166015625
2024-01-23,150.3048858642578
2024-01-24,149.50546264648438
2024-01-25,150.0697479248047
2024-01-26,150.01332092285156
2024-01-29,149.8816375732422
2024-01-30,149.32675170898438
2024-01-31,149.4490203857422
2024-02-01,148.94113159179688
2024-02-02,147.29522705078125
2024-02-05,146.53338623046875
2024-02-06,148.65899658203125
2024-02-07,148.583740234375
2024-02-08,147.09768676757812
2024-02-09,147.43629455566406
2024-02-12,148.4614715576172
2024-02-13,147.16354370117188
2024-02-14,146.47698974609375
2024-02-15,148.52732849121094
2024-02-16,148.35671997070312
2024-02-20,149.59815979003906
2024-02-21,150.37525939941406
2024-02-22,152.0526123046875
2024-02-23,153.36985778808594
2024-02-26,152.37481689453125
2024-02-27,152.55487060546875
2024-02-28,153.0950469970703
2024-02-29,152.93394470214844
2024-03-01,153.63519287109375
2024-03-04,151.4745330810547
2024-03-05,151.5977325439453
2024-03-06,151.00070190429688
2024-03-07,150.55531311035156
2024-03-08,151.17129516601562
2024-03-11,152.79177856445312
2024-03-12,154.2227783203125
2024-03-13,152.66859436035156
2024-03-14,150.87753295898438
2024-03-15,149.9014129638672
2024-03-18,148.5557403564453
2024-03-19,148.0345458984375
2024-03-20,147.60804748535156
2024-03-21,147.59861755371094
2024-03-22,147.10580444335938
2024-03-25,147.09634399414062
2024-03-26,147.61753845214844
2024-03-27,149.6929473876953
2024-03-28,149.91090393066406
2024-04-01,149.52235412597656
2024-04-02,149.4749755859375
2024-04-03,146.1865692138672
2024-04-04,144.51869201660156
2024-04-05,144.41444396972656
2024-04-08,143.6562957763672
2024-04-09,144.3196563720703
2024-04-10,142.3390350341797
2024-04-11,141.00283813476562
2024-04-12,139.79931640625
2024-04-15,139.86566162109375
2024-04-16,136.88999938964844
2024-04-17,137.19326782226562
2024-04-18,138.11248779296875
2024-04-19,140.1688995361328
2024-04-22,141.31556701660156
2024-04-23,141.73257446289062
2024-04-24,140.7564697265625
2024-04-25,139.13595581054688
2024-04-26,138.49156188964844
2024-04-29,139.13595581054688
2024-04-30,137.02264404296875
2024-05-01,143.26776123046875
2024-05-02,142.07369995117188
2024-05-03,141.4577178955078
2024-05-06,140.8038330078125
2024-05-07,140.93650817871094
2024-05-08,141.15444946289062
2024-05-09,142.0073699951172
2024-05-10,142.06423950195312
2024-05-13,143.30567932128906
2024-05-14,143.45730590820312
2024-05-15,144.67979431152344
2024-05-16,146.2055206298828
2024-05-17,146.54669189453125
2024-05-20,144.5118408203125
2024-05-21,144.48318481445312
2024-05-22,146.6422119140625
2024-05-23,143.01199340820312
2024-05-24,140.40394592285156
2024-05-28,137.92965698242188
2024-05-29,137.9869842529297
2024-05-30,138.7894287109375
2024-05-31,140.11734008789062
2024-06-03,141.13955688476562
2024-06-04,141.19688415527344
2024-06-05,139.44863891601562
2024-06-06,139.87852478027344
2024-06-07,140.50904846191406
2024-06-10,140.5568084716797
2024-06-11,140.20333862304688
2024-06-12,138.91366577148438
2024-06-13,138.9518585205078
2024-06-14,139.037841796875
2024-06-17,139.42950439453125
2024-06-18,139.1428985595703
2024-06-20,141.1777801513672
2024-06-21,142.1044464111328
2024-06-24,142.45790100097656
2024-06-25,140.6141357421875
2024-06-26,140.26065063476562
2024-06-27,139.28622436523438
2024-06-28,139.63014221191406
2024-07-01,139.8976287841797
2024-07-02,139.50595092773438
2024-07-03,139.18115234375
2024-07-05,139.93585205078125
2024-07-08,138.9805145263672
2024-07-09,140.48037719726562
2024-07-10,142.75404357910156
2024-07-11,143.01199340820312
2024-07-12,143.1839599609375
2024-07-15,142.57254028320312
2024-07-16,144.26345825195312
2024-07-17,149.58462524414062
2024-07-18,148.4764404296875
2024-07-19,147.77906799316406
2024-07-22,147.3491668701172
2024-07-23,145.54359436035156
2024-07-24,149.2980194091797
2024-07-25,152.50790405273438
2024-07-26,153.46324157714844
2024-07-29,151.4761505126953
2024-07-30,154.1223907470703
2024-07-31,150.79788208007812
2024-08-01,153.57785034179688
2024-08-02,156.80685424804688
2024-08-05,154.0459747314453
2024-08-06,151.8678436279297
2024-08-07,151.80096435546875
2024-08-08,153.06201171875
2024-08-09,153.44410705566406
2024-08-12,152.73721313476562
2024-08-13,151.31373596191406
2024-08-14,151.39971923828125
2024-08-15,151.98248291015625
2024-08-16,152.2690887451172
2024-08-19,152.49835205078125
2024-08-20,153.0046844482422
2024-08-21,154.2179412841797
2024-08-22,155.0968475341797
2024-08-23,156.7973175048828
2024-08-26,157.25587463378906
2024-08-27,156.85159301757812
2024-08-28,157.78526306152344
2024-08-29,158.0836639404297
2024-08-30,159.6526641845703
2024-09-03,160.90403747558594
2024-09-04,161.09654235839844
2024-09-05,158.81524658203125
2024-09-06,158.22808837890625
2024-09-09,160.37461853027344
2024-09-10,161.11578369140625
2024-09-11,158.651611328125
2024-09-12,158.47833251953125
2024-09-13,159.3253936767578
2024-09-16,160.74038696289062
2024-09-17,160.81741333007812
2024-09-18,159.9318084716797
2024-09-19,158.651611328125
2024-09-20,158.01629638671875
2024-09-23,157.1114959716797
2024-09-24,156.6879425048828
2024-09-25,154.5895538330078
2024-09-26,155.3499755859375
2024-09-27,155.35958862304688
2024-09-30,155.99488830566406
2024-10-01,155.92752075195312
2024-10-02,155.13821411132812
2024-10-03,154.49327087402344
2024-10-04,154.2911376953125
2024-10-07,153.5595703125
2024-10-08,153.7135772705078
2024-10-09,154.63766479492188
2024-10-10,154.50289916992188
2024-10-11,155.4173583984375
2024-10-14,155.55210876464844
2024-10-15,157.9585418701172
2024-10-16,158.13180541992188
2024-10-17,158.314697265625
2024-10-18,158.94036865234375
2024-10-21,156.736083984375
2024-10-22,157.33287048339844
2024-10-23,159.6526641845703
2024-10-24,157.5446319580078
2024-10-25,154.8590545654297
2024-10-28,155.55210876464844
2024-10-29,154.09860229492188
2024-10-30,154.59915161132812
2024-10-31,153.87722778320312
2024-11-01,154.13711547851562
2024-11-04,152.31785583496094
2024-11-05,152.42373657226562
2024-11-06,151.97132873535156
2024-11-07,150.86436462402344
2024-11-08,149.6515350341797
2024-11-11,149.23760986328125
2024-11-12,146.92742919921875
2024-11-13,147.50498962402344
2024-11-14,146.18626403808594
2024-11-15,148.23654174804688
2024-11-18,148.9777374267578
2024-11-19,147.27395629882812
2024-11-20,147.37985229492188
2024-11-21,149.68038940429688
2024-11-22,149.3627471923828
2024-11-25,149.94993591308594
2024-11-26,149.93052673339844
2024-11-27,150.78436279296875
2024-11-29,150.4059600830078
2024-12-02,150.20220947265625
2024-12-03,147.83468627929688
2024-12-04,146.0008087158203
2024-12-05,145.0790252685547
2024-12-06,144.875244140625
2024-12-09,145.1566619873047
2024-12-10,144.79762268066406
2024-12-11,142.28456115722656
2024-12-12,141.89645385742188
2024-12-13,142.26515197753906
2024-12-16,139.57745361328125
2024-12-17,142.0614013671875
2024-12-18,140.45069885253906
2024-12-19,139.3154754638672
2024-12-20,140.17901611328125
2024-12-23,140.95526123046875
2024-12-24,141.51803588867188
2024-12-26,141.25604248046875
2024-12-27,140.74179077148438
2024-12-30,139.08258056640625
2024-12-31,140.32455444335938
2025-01-02,139.74237060546875
2025-01-03,139.90733337402344
2025-01-06,139.39306640625
2025-01-07,141.88674926757812
2025-01-08,138.04437255859375
2025-01-10,137.84059143066406
2025-01-13,140.17901611328125
2025-01-14,140.45069885253906
2025-01-15,140.66416931152344
2025-01-16,143.38101196289062
2025-01-17,142.66297912597656
2025-01-21,143.7497100830078
2025-01-22,140.95526123046875
2025-01-23,142.28456115722656
2025-01-24,142.45921325683594
2025-01-27,148.34893798828125
2025-01-28,145.91348266601562
2025-01-29,146.66061401367188
2025-01-30,148.3295135498047
2025-01-31,147.6309051513672
2025-02-03,147.35923767089844
2025-02-04,148.9311065673828
2025-02-05,150.09547424316406
2025-02-06,148.9505157470703
2025-02-07,148.5720977783203
2025-02-10,149.65884399414062
2025-02-11,151.49270629882812
2025-02-12,150.64852905273438
2025-02-13,152.5794219970703
2025-02-14,151.51211547851562
2025-02-18,151.59036254882812
2025-02-19,154.42674255371094
2025-02-20,156.17745971679688
2025-02-21,158.74000549316406
2025-02-24,160.14842224121094
2025-02-25,162.44686889648438
2025-02-26,159.50291442871094
2025-02-27,160.1386260986328
2025-02-28,161.4003448486328
2025-03-03,163.6107635498047
2025-03-04,161.79156494140625
2025-03-05,161.49813842773438
2025-03-06,162.19256591796875
2025-03-07,163.03372192382812
2025-03-10,164.02154541015625
2025-03-11,162.22190856933594
2025-03-12,159.27793884277344
2025-03-13,159.41488647460938
2025-03-14,159.2388153076172
2025-03-17,159.26815795898438
2025-03-18,160.64723205566406
2025-03-19,159.41488647460938
2025-03-20,159.4442138671875
2025-03-21,160.0408477783203
2025-03-24,159.70828247070312
2025-03-25,157.4880828857422
2025-03-26,158.1727294921875
2025-03-27,159.5518035888672
2025-03-28,160.11907958984375
2025-03-31,162.20236206054688
2025-04-01,149.88851928710938
2025-04-02,151.9522247314453
2025-04-03,156.3144073486328
2025-04-04,149.8787384033203
2025-04-07,147.31619262695312
2025-04-08,146.70980834960938
2025-04-09,147.65853881835938
2025-04-10,145.4285430908203
2025-04-11,148.40185546875
2025-04-14,150.9741668701172
2025-04-15,150.25039672851562
2025-04-16,150.5340576171875
2025-04-17,154.01596069335938
2025-04-21,153.47801208496094
2025-04-22,154.28981018066406
2025-04-23,151.9718017578125
2025-04-24,151.53164672851562
2025-04-25,151.18934631347656
2025-04-28,151.9424591064453
2025-04-29,152.49017333984375
2025-04-30,152.8813934326172
2025-05-01,151.07199096679688
2025-05-02,152.695556640625
2025-05-05,151.60012817382812
2025-05-06,151.08175659179688
2025-05-07,153.8496856689453
2025-05-08,152.2456512451172
2025-05-09,150.8372344970703
2025-05-12,150.75900268554688
2025-05-13,145.1840362548828
2025-05-14,143.14964294433594
2025-05-15,146.328369140625
2025-05-16,148.01065063476562
2025-05-19,149.1451873779297
2025-05-20,150.28952026367188
2025-05-21,149.82005310058594
2025-05-22,149.26255798339844
2025-05-23,149.58531188964844
2025-05-27,151.17349243164062
2025-05-28,150.36459350585938
2025-05-29,151.4990234375
2025-05-30,153.10694885253906
2025-06-02,153.2943572998047
2025-06-03,152.32763671875
2025-06-04,151.14390563964844
2025-06-05,151.57794189453125
2025-06-06,152.92938232421875
2025-06-09,153.1266632080078
2025-06-10,154.33013916015625
2025-06-11,153.15625
2025-06-12,154.53729248046875
2025-06-13,154.97132873535156
2025-06-16,153.11680603027344
2025-06-17,150.31529235839844
2025-06-18,148.68763732910156
2025-06-20,147.7603759765625
2025-06-23,149.2696533203125
2025-06-24,150.12786865234375
2025-06-25,150.21664428710938
2025-06-26,149.95028686523438
2025-06-27,150.34487915039062
2025-06-30,150.68028259277344
2025-07-01,153.80731201171875
2025-07-02,153.4521942138672
2025-07-03,153.89610290527344
2025-07-07,153.16612243652344
2025-07-08,153.6790771484375
2025-07-09,154.16244506835938
2025-07-10,155.55332946777344
2025-07-11,154.77403259277344
2025-07-14,154.69512939453125
2025-07-15,153.06747436523438
2025-07-16,162.54727172851562
2025-07-17,160.7716522216797
2025-07-18,161.4818878173828
2025-07-21,162.13294982910156
2025-07-22,165.6545867919922
2025-07-23,166.80874633789062
2025-07-24,167.2624969482422
2025-07-25,166.0195770263672
2025-07-28,163.96775817871094
2025-07-29,165.8321533203125
2025-07-30,164.99365234375
2025-07-31,162.5078125
2025-08-01,165.06271362304688
2025-08-04,168.72242736816406
2025-08-05,168.426513671875
2025-08-06,168.27853393554688
2025-08-07,169.20579528808594
2025-08-08,170.98141479492188
2025-08-11,171.46478271484375
2025-08-12,170.43885803222656
2025-08-13,172.056640625
2025-08-14,172.3525848388672
2025-08-15,174.24656677246094
2025-08-18,173.86184692382812
2025-08-19,175.39085388183594
2025-08-20,176.41676330566406
2025-08-21,176.5055389404297
2025-08-22,176.86065673828125
2025-08-25,175.99258422851562
2025-08-26,175.3765106201172
2025-08-27,175.67459106445312
2025-08-28,174.3430633544922
2025-08-29,176.0522003173828
2025-09-02,176.93658447265625
2025-09-03,176.87696838378906
2025-09-04,177.63217163085938
2025-09-05,177.3042449951172
2025-09-08,177.0061492919922
2025-09-09,175.84353637695312
2025-09-10,174.680908203125
2025-09-11,177.37380981445312
2025-09-12,176.93658447265625
2025-09-15,176.28074645996094
2025-09-16,175.34669494628906
2025-09-17,176.08201599121094
2025-09-18,173.0612030029297
2025-09-19,175.07839965820312
2025-09-22,173.1108856201172
2025-09-23,175.46592712402344
2025-09-24,175.5752410888672
2025-09-25,176.60867309570312
2025-09-26,178.57618713378906
2025-09-29,180.47412109375
2025-09-30,184.25015258789062
2025-10-01,184.87619018554688
2025-10-02,184.80662536621094
2025-10-03,187.44984436035156
2025-10-06,186.97286987304688
2025-10-07,187.69825744628906
2025-10-08,188.49322509765625
2025-10-09,189.87445068359375
2025-10-10,189.5167236328125
2025-10-13,189.69557189941406
2025-10-14,189.64590454101562
2025-10-15,189.96388244628906
2025-10-16,190.9078826904297
2025-10-17,192.00094604492188
2025-10-20,192.49778747558594
2025-10-21,190.66940307617188
2025-10-22,191.72271728515625
2025-10-23,191.25567626953125
2025-10-24,189.19873046875
2025-10-27,189.099365234375
2025-10-28,185.75062561035156
2025-10-29,185.42271423339844
2025-10-30,187.8572540283203
2025-10-31,187.6783905029297
2025-11-03,185.08485412597656
2025-11-04,185.6810760498047
2025-11-05,184.8264923095703
2025-11-06,185.79037475585938
2025-11-07,185.39291381835938
2025-11-10,187.22129821777344
2025-11-11,192.6071014404297
2025-11-12,193.16355895996094
2025-11-13,194.0181427001953
2025-11-14,194.69384765625
2025-11-17,198.32081604003906
2025-11-18,198.73817443847656
2025-11-19,201.23233032226562
2025-11-20,201.78880310058594
2025-11-21,202.61355590820312
2025-11-24,204.75
2025-11-25,206.6699981689453
2025-11-26,207.55999755859375
2025-11-28,206.9199981689453
2025-12-01,205.33999633789062
2025-12-02,205.4199981689453
2025-12-03,205.3300018310547
2025-12-04,202.47999572753906
