date,close
2010-12-09,20.65935707092285
2010-12-10,20.85771942138672
2010-12-13,20.78905487060547
2010-12-14,21.071325302124023
2010-12-15,21.24679183959961
2010-12-16,21.35360336303711
2010-12-17,21.284948348999023
2010-12-20,21.21627426147461
2010-12-21,21.414634704589844
2010-12-22,21.506179809570312
2010-12-23,21.59010124206543
2010-12-27,21.414634704589844
2010-12-28,21.36885643005371
2010-12-29,21.338340759277344
2010-12-30,21.24679183959961
2010-12-31,21.292570114135742
2011-01-03,21.345962524414062
2011-01-04,21.429895401000977
2011-01-05,21.361230850219727
2011-01-06,21.98681640625
2011-01-07,21.818971633911133
2011-01-10,21.529067993164062
2011-01-11,21.44515037536621
2011-01-12,21.780818939208984
2011-01-13,21.506179809570312
2011-01-14,21.59010124206543
2011-01-18,21.864742279052734
2011-01-19,21.719789505004883
2011-01-20,21.628246307373047
2011-01-21,21.376489639282227
2011-01-24,21.651132583618164
2011-01-25,21.70453643798828
2011-01-26,21.956296920776367
2011-01-27,22.02495002746582
2011-01-28,21.17050552368164
2011-01-31,21.155248641967773
2011-02-01,21.35360336303711
2011-02-02,21.315462112426758
2011-02-03,21.094219207763672
2011-02-04,21.18576431274414
2011-02-07,21.513809204101562
2011-02-08,21.574844360351562
2011-02-09,21.338340759277344
2011-02-10,20.979782104492188
2011-02-11,20.78905487060547
2011-02-14,20.77379608154297
2011-02-15,20.689373016357422
2011-02-16,20.73542594909668
2011-02-17,20.8812313079834
2011-02-18,20.76612091064453
2011-02-22,20.405441284179688
2011-02-23,20.405441284179688
2011-02-24,20.543577194213867
2011-02-25,20.374738693237305
2011-02-28,20.397768020629883
2011-03-01,20.075454711914062
2011-03-02,20.014066696166992
2011-03-03,20.106157302856445
2011-03-04,19.914302825927734
2011-03-07,19.737791061401367
2011-03-08,19.88360023498535
2011-03-09,19.868255615234375
2011-03-10,19.49989128112793
2011-03-11,19.707096099853516
2011-03-14,19.71476936340332
2011-03-15,19.484546661376953
2011-03-16,19.024105072021484
2011-03-17,19.016427993774414
2011-03-18,19.031770706176758
2011-03-21,19.43849754333496
2011-03-22,19.41547966003418
2011-03-23,19.59966468811035
2011-03-24,19.80685806274414
2011-03-25,19.66104507446289
2011-03-28,19.49989128112793
2011-03-29,19.56129264831543
2011-03-30,19.65337562561035
2011-03-31,19.484546661376953
2011-04-01,19.553613662719727
2011-04-04,19.60733413696289
2011-04-05,19.78384780883789
2011-04-06,20.06777572631836
2011-04-07,20.106157302856445
2011-04-08,20.006383895874023
2011-04-11,19.937320709228516
2011-04-12,19.676406860351562
2011-04-13,19.668729782104492
2011-04-14,19.507572174072266
2011-04-15,19.46920394897461
2011-04-18,19.24664878845215
2011-04-19,19.30036735534668
2011-04-20,19.768495559692383
2011-04-21,19.584314346313477
2011-04-25,19.65337562561035
2011-04-26,20.098480224609375
2011-04-27,20.244285583496094
2011-04-28,20.497533798217773
2011-04-29,19.891277313232422
2011-05-02,19.691753387451172
2011-05-03,19.80685806274414
2011-05-04,19.998714447021484
2011-05-05,19.791519165039062
2011-05-06,19.852907180786133
2011-05-09,19.822206497192383
2011-05-10,19.699426651000977
2011-05-11,19.461536407470703
2011-05-12,19.430831909179688
2011-05-13,19.208282470703125
2011-05-16,18.855270385742188
2011-05-17,18.94024658203125
2011-05-18,19.071550369262695
2011-05-19,19.094728469848633
2011-05-20,18.91706657409668
2011-05-23,18.669891357421875
2011-05-24,18.65443992614746
2011-05-25,18.685333251953125
2011-05-26,19.05610466003418
2011-05-27,19.125629425048828
2011-05-31,19.31873321533203
2011-06-01,18.87071418762207
2011-06-02,18.708507537841797
2011-06-03,18.46904945373535
2011-06-06,18.546300888061523
2011-06-07,18.584917068481445
2011-06-08,18.49222755432129
2011-06-09,18.507675170898438
2011-06-10,18.314559936523438
2011-06-13,18.569469451904297
2011-06-14,18.708507537841797
2011-06-15,18.33774185180664
2011-06-16,18.53857421875
2011-06-17,18.739404678344727
2011-06-20,18.901615142822266
2011-06-21,19.125629425048828
2011-06-22,19.040658950805664
2011-06-23,19.02520179748535
2011-06-24,18.770301818847656
2011-06-27,19.46550750732422
2011-06-28,19.928956985473633
2011-06-29,19.78992462158203
2011-06-30,20.083457946777344
2011-07-01,20.098901748657227
2011-07-05,20.10662078857422
2011-07-06,20.338356018066406
2011-07-07,20.678232192993164
2011-07-08,20.794099807739258
2011-07-11,20.57008934020996
2011-07-12,20.500574111938477
2011-07-13,20.57008934020996
2011-07-14,20.446496963500977
2011-07-15,20.68596076965332
2011-07-18,20.5391902923584
2011-07-19,21.273012161254883
2011-07-20,20.902240753173828
2011-07-21,20.933134078979492
2011-07-22,21.26528549194336
2011-07-25,21.558815002441406
2011-07-26,21.69013214111328
2011-07-27,21.110795974731445
2011-07-28,21.412046432495117
2011-07-29,21.164867401123047
2011-08-01,21.064453125
2011-08-02,20.70140838623047
2011-08-03,20.794099807739258
2011-08-04,20.037109375
2011-08-05,19.836267471313477
2011-08-08,18.909339904785156
2011-08-09,19.759029388427734
2011-08-10,18.69305992126465
2011-08-11,19.457775115966797
2011-08-12,19.38825225830078
2011-08-15,19.7049560546875
2011-08-16,19.704952239990234
2011-08-17,19.627222061157227
2011-08-18,19.176376342773438
2011-08-19,18.694446563720703
2011-08-22,18.640033721923828
2011-08-23,19.215248107910156
2011-08-24,19.355159759521484
2011-08-25,19.098655700683594
2011-08-26,19.627222061157227
2011-08-29,20.085834503173828
2011-08-30,20.38899803161621
2011-08-31,20.676607131958008
2011-09-01,20.373441696166992
2011-09-02,20.05474853515625
2011-09-06,19.829320907592773
2011-09-07,20.21021842956543
2011-09-08,20.3812198638916
2011-09-09,20.008113861083984
2011-09-12,20.12470817565918
2011-09-13,20.241302490234375
2011-09-14,20.598873138427734
2011-09-15,20.979755401611328
2011-09-16,21.0808048248291
2011-09-19,21.1507625579834
2011-09-20,20.971982955932617
2011-09-21,20.202444076538086
2011-09-22,19.479534149169922
2011-09-23,19.479534149169922
2011-09-26,19.774913787841797
2011-09-27,19.953697204589844
2011-09-28,19.883739471435547
2011-09-29,19.782682418823242
2011-09-30,19.34738540649414
2011-10-03,19.067554473876953
2011-10-04,19.69717788696289
2011-10-05,20.12470817565918
2011-10-06,20.47450065612793
2011-10-07,20.404539108276367
2011-10-10,20.94089126586914
2011-10-11,20.987531661987305
2011-10-12,20.95642852783203
2011-10-13,21.1274471282959
2011-10-14,21.197406768798828
2011-10-17,20.971982955932617
2011-10-18,21.228496551513672
2011-10-19,21.088581085205078
2011-10-20,21.018619537353516
2011-10-21,21.111900329589844
2011-10-24,21.135221481323242
2011-10-25,20.8398380279541
2011-10-26,20.668825149536133
2011-10-27,21.18185806274414
2011-10-28,20.971982955932617
2011-10-31,20.699922561645508
2011-11-01,20.202444076538086
2011-11-02,20.21798324584961
2011-11-03,20.6221866607666
2011-11-04,20.404539108276367
2011-11-07,20.832067489624023
2011-11-08,21.111900329589844
2011-11-09,20.365676879882812
2011-11-10,20.42786407470703
2011-11-11,20.917570114135742
2011-11-14,20.80097198486328
2011-11-15,20.94194221496582
2011-11-16,20.417221069335938
2011-11-17,20.002138137817383
2011-11-18,19.81418228149414
2011-11-21,19.5792236328125
2011-11-22,19.414772033691406
2011-11-23,19.164140701293945
2011-11-25,19.0310115814209
2011-11-28,19.477420806884766
2011-11-29,19.45392417907715
2011-11-30,20.033470153808594
2011-12-01,19.798519134521484
2011-12-02,19.751527786254883
2011-12-05,20.127450942993164
2011-12-06,20.096118927001953
2011-12-07,20.049123764038086
2011-12-08,19.892499923706055
2011-12-09,20.127450942993164
2011-12-12,19.978647232055664
2011-12-13,20.174434661865234
2011-12-14,20.041296005249023
2011-12-15,20.017803192138672
2011-12-16,20.362401962280273
2011-12-19,19.994304656982422
2011-12-20,20.385892868041992
2011-12-21,20.174434661865234
2011-12-22,20.21360206604004
2011-12-23,20.385892868041992
2011-12-27,20.393722534179688
2011-12-28,20.2214298248291
2011-12-29,20.3780574798584
2011-12-30,20.33106803894043
2012-01-03,20.96544075012207
2012-01-04,21.458831787109375
2012-01-05,21.678125381469727
2012-01-06,22.01487922668457
2012-01-09,21.72511100769043
2012-01-10,21.803424835205078
2012-01-11,21.709442138671875
2012-01-12,21.928735733032227
2012-01-13,22.124523162841797
2012-01-17,22.132362365722656
2012-01-18,22.10886001586914
2012-01-19,22.022716522216797
2012-01-20,23.267959594726562
2012-01-23,23.283615112304688
2012-01-24,22.978185653686523
2012-01-25,23.15047264099121
2012-01-26,23.103492736816406
2012-01-27,22.892030715942383
2012-01-30,23.189634323120117
2012-01-31,23.126983642578125
2012-02-01,23.408924102783203
2012-02-02,23.45591926574707
2012-02-03,23.683034896850586
2012-02-06,23.651708602905273
2012-02-07,23.769184112548828
2012-02-08,24.011960983276367
2012-02-09,24.098114013671875
2012-02-10,23.88665771484375
2012-02-13,23.949308395385742
2012-02-14,23.846830368041992
2012-02-15,23.689157485961914
2012-02-16,24.666688919067383
2012-02-17,24.635162353515625
2012-02-21,24.784936904907227
2012-02-22,24.650920867919922
2012-02-23,24.72974967956543
2012-02-24,24.81646728515625
2012-02-27,24.713991165161133
2012-02-28,25.123912811279297
2012-02-29,25.021434783935547
2012-03-01,25.45501708984375
2012-03-02,25.289461135864258
2012-03-05,25.06873321533203
2012-03-06,24.879533767700195
2012-03-07,25.10026741027832
2012-03-08,25.234270095825195
2012-03-09,25.218517303466797
2012-03-12,25.25792694091797
2012-03-13,25.75457763671875
2012-03-14,25.83340835571289
2012-03-15,25.8964786529541
2012-03-16,25.699390411376953
2012-03-19,25.38407325744629
2012-03-20,25.218517303466797
2012-03-21,25.15544891357422
2012-03-22,25.226404190063477
2012-03-23,25.234270095825195
2012-03-26,25.691513061523438
2012-03-27,25.636322021484375
2012-03-28,25.37618064880371
2012-03-29,25.321001052856445
2012-03-30,25.431365966796875
2012-04-02,25.45501708984375
2012-04-03,25.179100036621094
2012-04-04,24.603622436523438
2012-04-05,24.847997665405273
2012-04-09,24.516902923583984
2012-04-10,24.020265579223633
2012-04-11,23.925662994384766
2012-04-12,24.422311782836914
2012-04-13,24.288286209106445
2012-04-16,24.501140594482422
2012-04-17,24.784936904907227
2012-04-18,24.54843521118164
2012-04-19,24.44595718383789
2012-04-20,25.55748748779297
2012-04-23,25.321001052856445
2012-04-24,25.163331985473633
2012-04-25,25.38407325744629
2012-04-26,25.3131103515625
2012-04-27,25.210630416870117
2012-04-30,25.242158889770508
2012-05-01,25.234270095825195
2012-05-02,25.06873321533203
2012-05-03,25.037202835083008
2012-05-04,24.422311782836914
2012-05-07,24.162158966064453
2012-05-08,24.04391098022461
2012-05-09,24.248876571655273
2012-05-10,24.233102798461914
2012-05-11,24.5642032623291
2012-05-14,24.185810089111328
2012-05-15,23.971567153930664
2012-05-16,23.725584030151367
2012-05-17,23.582744598388672
2012-05-18,23.22568130493164
2012-05-21,23.606555938720703
2012-05-22,23.61448860168457
2012-05-23,23.098709106445312
2012-05-24,23.066972732543945
2012-05-25,23.059043884277344
2012-05-29,23.45578956604004
2012-05-30,23.281225204467773
2012-05-31,23.162200927734375
2012-06-01,22.575010299682617
2012-06-04,22.654354095458984
2012-06-05,22.62262535095215
2012-06-06,23.289159774780273
2012-06-07,23.193937301635742
2012-06-08,23.52720069885254
2012-06-11,22.932086944580078
2012-06-12,23.24154281616211
2012-06-13,23.11458396911621
2012-06-14,23.281225204467773
2012-06-15,23.82080078125
2012-06-18,23.67797088623047
2012-06-19,24.360374450683594
2012-06-20,24.54288101196289
2012-06-21,23.916019439697266
2012-06-22,24.360374450683594
2012-06-25,23.701780319213867
2012-06-26,23.82080078125
2012-06-27,23.939823150634766
2012-06-28,23.733518600463867
2012-06-29,24.273088455200195
2012-07-02,24.249286651611328
2012-07-03,24.40798568725586
2012-07-05,24.360374450683594
2012-07-06,23.955692291259766
2012-07-09,23.804933547973633
2012-07-10,23.5986270904541
2012-07-11,23.24948501586914
2012-07-12,22.71784210205078
2012-07-13,23.320898056030273
2012-07-16,23.360580444335938
2012-07-17,23.535140991210938
2012-07-18,24.162002563476562
2012-07-19,24.336570739746094
2012-07-20,23.900146484375
2012-07-23,23.233610153198242
2012-07-24,23.13045883178711
2012-07-25,22.876537322998047
2012-07-26,23.13839340209961
2012-07-27,23.61448860168457
2012-07-30,23.519269943237305
2012-07-31,23.38437271118164
2012-08-01,23.336767196655273
2012-08-02,23.162200927734375
2012-08-03,23.606555938720703
2012-08-06,23.765254974365234
2012-08-07,24.011240005493164
2012-08-08,24.066789627075195
2012-08-09,24.201675415039062
2012-08-10,24.13820457458496
2012-08-13,24.114398956298828
2012-08-14,24.066465377807617
2012-08-15,24.12238311767578
2012-08-16,24.585668563842773
2012-08-17,24.681509017944336
2012-08-20,24.553701400756836
2012-08-21,24.601633071899414
2012-08-22,24.393957138061523
2012-08-23,24.170299530029297
2012-08-24,24.40993309020996
2012-08-27,24.51377296447754
2012-08-28,24.46584701538086
2012-08-29,24.48181915283203
2012-08-30,24.21823501586914
2012-08-31,24.617616653442383
2012-09-04,24.27414894104004
2012-09-05,24.27414894104004
2012-09-06,25.040952682495117
2012-09-07,24.721454620361328
2012-09-10,24.537738800048828
2012-09-11,24.593647003173828
2012-09-12,24.585668563842773
2012-09-13,24.71346664428711
2012-09-14,24.92912483215332
2012-09-17,24.92912483215332
2012-09-18,24.90515899658203
2012-09-19,24.801328659057617
2012-09-20,25.120830535888672
2012-09-21,24.913148880004883
2012-09-24,24.585668563842773
2012-09-25,24.27414894104004
2012-09-26,24.098424911499023
2012-09-27,24.090431213378906
2012-09-28,23.77092742919922
2012-10-01,23.55526351928711
2012-10-02,23.691051483154297
2012-10-03,23.85080909729004
2012-10-04,23.986597061157227
2012-10-05,23.842815399169922
2012-10-08,23.786907196044922
2012-10-09,23.38752555847168
2012-10-10,23.147899627685547
2012-10-11,23.123943328857422
2012-10-12,23.32362937927246
2012-10-15,23.571237564086914
2012-10-16,23.55526351928711
2012-10-17,23.635141372680664
2012-10-18,23.563257217407227
2012-10-19,22.876319885253906
2012-10-22,22.365121841430664
2012-10-23,22.405057907104492
2012-10-24,22.285249710083008
2012-10-25,22.269277572631836
2012-10-26,22.532859802246094
2012-10-31,22.79645347595215
2012-11-01,23.579227447509766
2012-11-02,23.563257217407227
2012-11-05,23.667089462280273
2012-11-06,23.85080909729004
2012-11-07,23.2277774810791
2012-11-08,23.012115478515625
2012-11-09,23.028087615966797
2012-11-12,22.540851593017578
2012-11-13,21.816057205200195
2012-11-14,21.614734649658203
2012-11-15,21.46977424621582
2012-11-16,21.357032775878906
2012-11-19,21.526147842407227
2012-11-20,21.51003646850586
2012-11-21,21.70332145690918
2012-11-23,22.30731201171875
2012-11-26,22.057653427124023
2012-11-27,21.808006286621094
2012-11-28,22.03349494934082
2012-11-29,21.70332145690918
2012-11-30,21.437564849853516
2012-12-03,21.28455352783203
2012-12-04,21.236230850219727
2012-12-05,21.477827072143555
2012-12-06,21.526147842407227
2012-12-07,21.308712005615234
2012-12-10,21.695253372192383
2012-12-11,22.001285552978516
2012-12-12,21.93685531616211
2012-12-13,21.832168579101562
2012-12-14,21.590576171875
2012-12-17,21.824115753173828
2012-12-18,22.194561004638672
2012-12-19,21.99323081970215
2012-12-20,22.291194915771484
2012-12-21,22.105972290039062
2012-12-24,21.791906356811523
2012-12-26,21.630840301513672
2012-12-27,21.711368560791016
2012-12-28,21.381189346313477
2012-12-31,21.51003646850586
2013-01-02,22.242877960205078
2013-01-03,21.944913864135742
2013-01-04,21.534198760986328
2013-01-07,21.493940353393555
2013-01-08,21.381189346313477
2013-01-09,21.50199317932129
2013-01-10,21.308712005615234
2013-01-11,21.606678009033203
2013-01-14,21.654993057250977
2013-01-15,21.91270637512207
2013-01-16,21.77579116821289
2013-01-17,21.944913864135742
2013-01-18,21.944913864135742
2013-01-22,21.86438751220703
2013-01-23,22.23482322692871
2013-01-24,22.250934600830078
2013-01-25,22.452255249023438
2013-01-28,22.476425170898438
2013-01-29,22.55695343017578
2013-01-30,22.428102493286133
2013-01-31,22.105972290039062
2013-02-01,22.49252700805664
2013-02-04,22.097925186157227
2013-02-05,22.1462459564209
2013-02-06,22.017393112182617
2013-02-07,21.969072341918945
2013-02-08,22.186508178710938
2013-02-11,22.436159133911133
2013-02-12,22.452255249023438
2013-02-13,22.573057174682617
2013-02-14,22.581113815307617
2013-02-15,22.55695343017578
2013-02-19,22.77618980407715
2013-02-20,22.630035400390625
2013-02-21,22.32147216796875
2013-02-22,22.54071807861328
2013-02-25,22.22404670715332
2013-02-26,22.22404670715332
2013-02-27,22.581321716308594
2013-02-28,22.57319450378418
2013-03-01,22.69499397277832
2013-03-04,22.85738754272461
2013-03-05,23.019784927368164
2013-03-06,22.808666229248047
2013-03-07,22.849267959594727
2013-03-08,22.735591888427734
2013-03-11,22.630035400390625
2013-03-12,22.662513732910156
2013-03-13,22.670629501342773
2013-03-14,22.849267959594727
2013-03-15,22.768075942993164
2013-03-18,22.816795349121094
2013-03-19,22.881746292114258
2013-03-20,22.995426177978516
2013-03-21,22.82491111755371
2013-03-22,22.938587188720703
2013-03-25,22.865507125854492
2013-03-26,22.865507125854492
2013-03-27,23.036026000976562
2013-03-28,23.230897903442383
2013-04-01,23.230897903442383
2013-04-02,23.38518714904785
2013-04-03,23.1903076171875
2013-04-04,23.2227725982666
2013-04-05,23.30398178100586
2013-04-08,23.214664459228516
2013-04-09,24.04288673400879
2013-04-10,24.58692169189453
2013-04-11,23.498855590820312
2013-04-12,23.377056121826172
2013-04-15,23.29586410522461
2013-04-16,23.52322006225586
2013-04-17,23.409542083740234
2013-04-18,23.377056121826172
2013-04-19,24.172800064086914
2013-04-22,25.033512115478516
2013-04-23,24.84675407409668
2013-04-24,25.78865623474121
2013-04-25,25.9348201751709
2013-04-26,25.813016891479492
2013-04-29,26.478845596313477
2013-04-30,26.876712799072266
2013-05-01,26.56816291809082
2013-05-02,26.925439834594727
2013-05-03,27.19338607788086
2013-05-06,27.40450668334961
2013-05-07,27.04723358154297
2013-05-08,26.78740119934082
2013-05-09,26.519447326660156
2013-05-10,26.543800354003906
2013-05-13,26.81987762451172
2013-05-14,27.41678810119629
2013-05-15,27.67842674255371
2013-05-16,27.86651611328125
2013-05-17,28.512474060058594
2013-05-20,28.684181213378906
2013-05-21,28.496116638183594
2013-05-22,28.29987907409668
2013-05-23,27.923744201660156
2013-05-24,28.021873474121094
2013-05-28,28.63512420654297
2013-05-29,28.52065086364746
2013-05-30,28.643301010131836
2013-05-31,28.53700065612793
2013-06-03,29.10120391845703
2013-06-04,28.610607147216797
2013-06-05,28.438884735107422
2013-06-06,28.586061477661133
2013-06-07,29.1666202545166
2013-06-10,29.003074645996094
2013-06-11,28.487947463989258
2013-06-12,28.6187744140625
2013-06-13,28.389812469482422
2013-06-14,28.128162384033203
2013-06-17,28.6187744140625
2013-06-18,28.602426528930664
2013-06-19,28.283525466918945
2013-06-20,27.384075164794922
2013-06-21,27.204191207885742
2013-06-24,27.572147369384766
2013-06-25,27.5312557220459
2013-06-26,28.087278366088867
2013-06-27,28.30805015563965
2013-06-28,28.24263572692871
2013-07-01,28.0954647064209
2013-07-02,27.752033233642578
2013-07-03,27.809268951416016
2013-07-05,27.97279930114746
2013-07-08,28.0709285736084
2013-07-09,28.087278366088867
2013-07-10,28.37347412109375
2013-07-11,29.18297576904297
2013-07-12,29.1666202545166
2013-07-15,29.575456619262695
2013-07-16,29.657228469848633
2013-07-17,29.223854064941406
2013-07-18,28.978551864624023
2013-07-19,25.675128936767578
2013-07-22,26.17391014099121
2013-07-23,26.018556594848633
2013-07-24,26.133031845092773
2013-07-25,25.666948318481445
2013-07-26,25.855018615722656
2013-07-29,25.78959846496582
2013-07-30,26.04308319091797
2013-07-31,26.03490447998047
2013-08-01,25.895906448364258
2013-08-02,26.07578468322754
2013-08-05,25.920434951782227
2013-08-06,25.822307586669922
2013-08-07,26.214794158935547
2013-08-08,26.893470764160156
2013-08-09,26.73811912536621
2013-08-12,26.87711524963379
2013-08-13,26.539499282836914
2013-08-14,26.638315200805664
2013-08-15,26.177194595336914
2013-08-16,26.185422897338867
2013-08-19,25.847816467285156
2013-08-20,26.03721046447754
2013-08-21,26.02897071838379
2013-08-22,26.671260833740234
2013-08-23,28.614578247070312
2013-08-26,28.120512008666992
2013-08-27,27.38764762878418
2013-08-28,27.190027236938477
2013-08-29,27.626445770263672
2013-08-30,27.50293731689453
2013-09-03,26.251306533813477
2013-09-04,25.691360473632812
2013-09-05,25.716068267822266
2013-09-06,25.650192260742188
2013-09-09,26.070146560668945
2013-09-10,26.671260833740234
2013-09-11,26.959457397460938
2013-09-12,26.918283462524414
2013-09-13,27.198259353637695
2013-09-16,27.008859634399414
2013-09-17,27.11591148376465
2013-09-18,27.437055587768555
2013-09-19,27.700557708740234
2013-09-20,27.00063133239746
2013-09-23,26.959457397460938
2013-09-24,26.720661163330078
2013-09-25,26.77007293701172
2013-09-26,26.984161376953125
2013-09-27,27.39588737487793
2013-09-30,27.404115676879883
2013-10-01,27.651147842407227
2013-10-02,27.93112564086914
2013-10-03,27.8817081451416
2013-10-04,27.898181915283203
2013-10-07,27.420589447021484
2013-10-08,27.181795120239258
2013-10-09,27.231197357177734
2013-10-10,27.799367904663086
2013-10-11,28.10403823852539
2013-10-14,28.367549896240234
2013-10-15,28.400484085083008
2013-10-16,28.52400016784668
2013-10-17,28.754566192626953
2013-10-18,28.787498474121094
2013-10-21,28.812213897705078
2013-10-22,28.474599838256836
2013-10-23,27.799367904663086
2013-10-24,27.766433715820312
2013-10-25,29.42154312133789
2013-10-28,29.289798736572266
2013-10-29,29.24863052368164
2013-10-30,29.265094757080078
2013-10-31,29.158044815063477
2013-11-01,29.256866455078125
2013-11-04,29.59446907043457
2013-11-05,30.170875549316406
2013-11-06,31.4389705657959
2013-11-07,30.879051208496094
2013-11-08,31.10959815979004
2013-11-11,30.953147888183594
2013-11-12,30.763751983642578
2013-11-13,31.42250633239746
2013-11-14,31.307228088378906
2013-11-15,31.15900230407715
2013-11-18,30.63200569152832
2013-11-19,30.482666015625
2013-11-20,30.76475715637207
2013-11-21,31.030269622802734
2013-11-22,31.171302795410156
2013-11-25,31.229387283325195
2013-11-26,30.988771438598633
2013-11-27,31.196189880371094
2013-11-29,31.63593864440918
2013-12-02,31.901439666748047
2013-12-03,31.78526496887207
2013-12-04,32.30797576904297
2013-12-05,31.528057098388672
2013-12-06,31.826751708984375
2013-12-09,32.117149353027344
2013-12-10,31.61933708190918
2013-12-11,31.20449447631836
2013-12-12,30.880910873413086
2013-12-13,30.44118309020996
2013-12-16,30.607114791870117
2013-12-17,30.30013084411621
2013-12-18,30.349903106689453
2013-12-19,30.07611846923828
2013-12-20,30.532451629638672
2013-12-23,30.383089065551758
2013-12-24,30.76475715637207
2013-12-26,31.06345558166504
2013-12-27,30.938995361328125
2013-12-30,30.938995361328125
2013-12-31,31.03854751586914
2014-01-02,30.83112907409668
2014-01-03,30.623708724975586
2014-01-06,29.976558685302734
2014-01-07,30.208864212036133
2014-01-08,29.66956901550293
2014-01-09,29.47874641418457
2014-01-10,29.901884078979492
2014-01-13,29.022424697875977
2014-01-14,29.68616485595703
2014-01-15,30.499252319335938
2014-01-16,30.607114791870117
2014-01-17,30.18397331237793
2014-01-21,30.00974464416504
2014-01-22,29.810623168945312
2014-01-23,29.918479919433594
2014-01-24,30.540756225585938
2014-01-27,29.893587112426758
2014-01-28,30.09271240234375
2014-01-29,30.416282653808594
2014-01-30,30.582223892211914
2014-01-31,31.395309448242188
2014-02-03,30.266948699951172
2014-02-04,30.159074783325195
2014-02-05,29.719356536865234
2014-02-06,30.018035888671875
2014-02-07,30.333316802978516
2014-02-10,30.532451629638672
2014-02-11,30.83942413330078
2014-02-12,31.08833122253418
2014-02-13,31.20449447631836
2014-02-14,31.212783813476562
2014-02-18,31.2796630859375
2014-02-19,31.354904174804688
2014-02-20,31.55551528930664
2014-02-21,31.747764587402344
2014-02-24,31.505355834960938
2014-02-25,31.379966735839844
2014-02-26,31.32145118713379
2014-02-27,31.647464752197266
2014-02-28,32.02360916137695
2014-03-03,31.58057975769043
2014-03-04,32.107215881347656
2014-03-05,31.856441497802734
2014-03-06,31.88987159729004
2014-03-07,31.680892944335938
2014-03-10,31.614015579223633
2014-03-11,31.781206130981445
2014-03-12,31.990192413330078
2014-03-13,31.672529220581055
2014-03-14,31.51371192932129
2014-03-17,31.806285858154297
2014-03-18,33.06013870239258
2014-03-19,32.82609939575195
2014-03-20,33.712158203125
2014-03-21,33.57005310058594
2014-03-24,33.854244232177734
2014-03-25,33.72050476074219
2014-03-26,33.26076126098633
2014-03-27,32.901309967041016
2014-03-28,33.687068939208984
2014-03-31,34.26385498046875
2014-04-01,34.62329864501953
2014-04-02,34.564781188964844
2014-04-03,34.28056335449219
2014-04-04,33.32762145996094
2014-04-07,33.26911544799805
2014-04-08,33.28584671020508
2014-04-09,33.82918167114258
2014-04-10,32.901309967041016
2014-04-11,32.77592849731445
2014-04-14,32.750850677490234
2014-04-15,33.227333068847656
2014-04-16,33.77066421508789
2014-04-17,33.44465637207031
2014-04-21,33.38615036010742
2014-04-22,33.42796325683594
2014-04-23,33.17716979980469
2014-04-24,33.31928253173828
2014-04-25,33.36106491088867
2014-04-28,34.163543701171875
2014-04-29,33.86262512207031
2014-04-30,33.77066421508789
2014-05-01,33.436302185058594
2014-05-02,33.17716979980469
2014-05-05,32.9598388671875
2014-05-06,32.65053939819336
2014-05-07,32.951473236083984
2014-05-08,33.135372161865234
2014-05-09,33.05178451538086
2014-05-12,33.41122817993164
2014-05-13,34.02573776245117
2014-05-14,33.874210357666016
2014-05-15,33.33546447753906
2014-05-16,33.52908706665039
2014-05-19,33.46171951293945
2014-05-20,33.402801513671875
2014-05-21,33.96681594848633
2014-05-22,33.75636672973633
2014-05-23,33.773193359375
2014-05-27,33.83212661743164
2014-05-28,33.68061065673828
2014-05-29,33.95839309692383
2014-05-30,34.46346664428711
2014-06-02,34.337223052978516
2014-06-03,33.91631317138672
2014-06-04,33.941558837890625
2014-06-05,34.69076156616211
2014-06-06,34.91805648803711
2014-06-09,34.74126434326172
2014-06-10,34.60658645629883
2014-06-11,34.396141052246094
2014-06-12,34.160438537597656
2014-06-13,34.707611083984375
2014-06-16,34.93489456176758
2014-06-17,35.086421966552734
2014-06-18,35.06116485595703
2014-06-19,34.94329833984375
2014-06-20,35.086421966552734
2014-06-23,35.347381591796875
2014-06-24,35.14533996582031
2014-06-25,35.38105010986328
2014-06-26,35.12007522583008
2014-06-27,35.566246032714844
2014-06-30,35.10325622558594
2014-07-01,35.246360778808594
2014-07-02,35.2716064453125
2014-07-03,35.187442779541016
2014-07-07,35.347381591796875
2014-07-08,35.17060852050781
2014-07-09,35.077999114990234
2014-07-10,35.09482955932617
2014-07-11,35.43156051635742
2014-07-14,35.47364807128906
2014-07-15,35.73460388183594
2014-07-16,37.106754302978516
2014-07-17,37.485565185546875
2014-07-18,37.620235443115234
2014-07-21,37.74652099609375
2014-07-22,37.738094329833984
2014-07-23,37.77177810668945
2014-07-24,37.376121520996094
2014-07-25,37.460296630859375
2014-07-28,37.014156341552734
2014-07-29,36.94680404663086
2014-07-30,36.685848236083984
2014-07-31,36.33229446411133
2014-08-01,36.07974624633789
2014-08-04,36.50905990600586
2014-08-05,36.264949798583984
2014-08-06,35.97873306274414
2014-08-07,36.39121627807617
2014-08-08,36.36595916748047
2014-08-11,36.36595916748047
2014-08-12,36.63533020019531
2014-08-13,37.106754302978516
2014-08-14,37.266685485839844
2014-08-15,37.70442199707031
2014-08-18,37.973812103271484
2014-08-19,38.39733123779297
2014-08-20,38.07545852661133
2014-08-21,38.30416488647461
2014-08-22,38.24486541748047
2014-08-25,38.261802673339844
2014-08-26,38.126277923583984
2014-08-27,38.00769805908203
2014-08-28,38.01615905761719
2014-08-29,38.48204040527344
2014-09-02,38.19404983520508
2014-09-03,38.08391189575195
2014-09-04,38.33804702758789
2014-09-05,38.88862609863281
2014-09-08,39.362998962402344
2014-09-09,39.6086311340332
2014-09-10,39.67639923095703
2014-09-11,39.811927795410156
2014-09-12,39.557823181152344
2014-09-15,39.16817092895508
2014-09-16,39.6086311340332
2014-09-17,39.40533447265625
2014-09-18,39.540870666503906
2014-09-19,40.25240707397461
2014-09-22,39.86276626586914
2014-09-23,39.43922805786133
2014-09-24,39.879703521728516
2014-09-25,38.998748779296875
2014-09-26,39.31216812133789
2014-09-29,39.33757781982422
2014-09-30,39.269805908203125
2014-10-01,38.880157470703125
2014-10-02,38.7615852355957
2014-10-03,39.04110336303711
2014-10-06,39.04110336303711
2014-10-07,38.5667610168457
2014-10-08,39.62557601928711
2014-10-09,38.83781814575195
2014-10-10,37.29615020751953
2014-10-13,36.97427749633789
2014-10-14,37.04203414916992
2014-10-15,36.610042572021484
2014-10-16,36.20344543457031
2014-10-17,36.957332611083984
2014-10-20,37.3385009765625
2014-10-21,38.01615905761719
2014-10-22,37.59263610839844
2014-10-23,38.134742736816406
2014-10-24,39.07499694824219
2014-10-27,38.88862609863281
2014-10-28,39.37992858886719
2014-10-29,39.49005126953125
2014-10-30,39.00721740722656
2014-10-31,39.76959228515625
2014-11-03,40.18463897705078
2014-11-04,40.29476547241211
2014-11-05,40.54039001464844
2014-11-06,41.25194549560547
2014-11-07,41.23499298095703
2014-11-10,41.412872314453125
2014-11-11,41.395931243896484
2014-11-12,41.319698333740234
2014-11-13,42.022762298583984
2014-11-14,41.997344970703125
2014-11-17,41.895687103271484
2014-11-18,41.54621124267578
2014-11-19,41.10295867919922
2014-11-20,41.51213073730469
2014-11-21,40.89839553833008
2014-11-24,40.56595230102539
2014-11-25,40.46366882324219
2014-11-26,40.70233917236328
2014-11-28,40.753482818603516
2014-12-01,41.44392776489258
2014-12-02,41.30754470825195
2014-12-03,40.983638763427734
2014-12-04,41.63145065307617
2014-12-05,41.27344512939453
2014-12-08,40.65971755981445
2014-12-09,40.56595230102539
2014-12-10,39.97779083251953
2014-12-11,40.20794677734375
2014-12-12,40.020423889160156
2014-12-15,39.78173828125
2014-12-16,38.494606018066406
2014-12-17,38.98900604248047
2014-12-18,40.506282806396484
2014-12-19,40.62561798095703
2014-12-22,40.89839553833008
2014-12-23,41.29902267456055
2014-12-24,41.03478240966797
2014-12-26,40.813148498535156
2014-12-29,40.44661331176758
2014-12-30,40.0800895690918
2014-12-31,39.594207763671875
2015-01-02,39.85845184326172
2015-01-05,39.49192810058594
2015-01-06,38.91228103637695
2015-01-07,39.40668487548828
2015-01-08,40.56595230102539
2015-01-09,40.22498321533203
2015-01-12,39.72206115722656
2015-01-13,39.517494201660156
2015-01-14,39.17652893066406
2015-01-15,38.767372131347656
2015-01-16,39.41520309448242
2015-01-20,39.54305648803711
2015-01-21,39.14244842529297
2015-01-22,40.17383575439453
2015-01-23,40.216461181640625
2015-01-26,40.071556091308594
2015-01-27,36.36359786987305
2015-01-28,35.110557556152344
2015-01-29,35.809532165527344
2015-01-30,34.43716049194336
2015-02-02,35.18727493286133
2015-02-03,35.46004104614258
2015-02-04,35.664615631103516
2015-02-05,36.184574127197266
2015-02-06,36.15049362182617
2015-02-09,36.107879638671875
2015-02-10,36.31243896484375
2015-02-11,36.12492370605469
2015-02-12,36.73014831542969
2015-02-13,37.39501190185547
2015-02-17,37.412166595458984
2015-02-18,37.3692512512207
2015-02-19,37.343502044677734
2015-02-20,37.65253829956055
2015-02-23,37.90150833129883
2015-02-24,37.84998321533203
2015-02-25,37.76415252685547
2015-02-26,37.824241638183594
2015-02-27,37.643959045410156
2015-03-02,37.669715881347656
2015-03-03,37.15462875366211
2015-03-04,36.96577453613281
2015-03-05,37.00868606567383
2015-03-06,36.364845275878906
2015-03-09,36.78549575805664
2015-03-10,36.081539154052734
2015-03-11,36.038612365722656
2015-03-12,35.2144889831543
2015-03-13,35.52354431152344
2015-03-16,35.67805099487305
2015-03-17,35.798255920410156
2015-03-18,36.485023498535156
2015-03-19,36.30473709106445
2015-03-20,36.81124496459961
2015-03-23,36.7940673828125
2015-03-24,36.82841491699219
2015-03-25,35.592220306396484
2015-03-26,35.37760543823242
2015-03-27,35.17158126831055
2015-03-30,35.16298294067383
2015-03-31,34.90543746948242
2015-04-01,34.95695495605469
2015-04-02,34.58779525756836
2015-04-06,35.669490814208984
2015-04-07,35.652305603027344
2015-04-08,35.55788040161133
2015-04-09,35.6093864440918
2015-04-10,35.81541061401367
2015-04-13,35.84975051879883
2015-04-14,35.75532913208008
2015-04-15,36.278987884521484
2015-04-16,36.19314956665039
2015-04-17,35.72956466674805
2015-04-20,36.837005615234375
2015-04-21,36.60520935058594
2015-04-22,36.90567398071289
2015-04-23,37.20613479614258
2015-04-24,41.095008850097656
2015-04-27,41.23236846923828
2015-04-28,42.20243835449219
2015-04-29,42.11659622192383
2015-04-30,41.756046295166016
2015-05-01,41.77320861816406
2015-05-04,41.41265106201172
2015-05-05,40.86322784423828
2015-05-06,39.73005294799805
2015-05-07,40.090614318847656
2015-05-08,40.99198532104492
2015-05-11,40.66578674316406
2015-05-12,40.64861297607422
2015-05-13,40.88899230957031
2015-05-14,41.824703216552734
2015-05-15,41.46416091918945
2015-05-18,41.2151985168457
2015-05-19,41.11151885986328
2015-05-20,41.11151885986328
2015-05-21,40.973270416259766
2015-05-22,40.523963928222656
2015-05-26,40.2561149597168
2015-05-27,41.13743591308594
2015-05-28,40.999183654785156
2015-05-29,40.489402770996094
2015-06-01,40.80910110473633
2015-06-02,40.54124450683594
2015-06-03,40.48075866699219
2015-06-04,40.05738067626953
2015-06-05,39.86728286743164
2015-06-08,39.51301574707031
2015-06-09,39.44390106201172
2015-06-10,40.27338790893555
2015-06-11,40.126495361328125
2015-06-12,39.720394134521484
2015-06-15,39.29700469970703
2015-06-16,39.59942626953125
2015-06-17,39.720394134521484
2015-06-18,40.368431091308594
2015-06-19,39.83271789550781
2015-06-22,39.94504928588867
2015-06-23,39.66854476928711
2015-06-24,39.43526077270508
2015-06-25,39.44390106201172
2015-06-26,39.10691833496094
2015-06-29,38.3379020690918
2015-06-30,38.147830963134766
2015-07-01,38.40703201293945
2015-07-02,38.36381912231445
2015-07-06,38.35518264770508
2015-07-07,38.277427673339844
2015-07-08,38.2255859375
2015-07-09,38.4675178527832
2015-07-10,38.54528045654297
2015-07-13,39.34885025024414
2015-07-14,39.417972564697266
2015-07-15,39.53895568847656
2015-07-16,40.31658172607422
2015-07-17,40.28202438354492
2015-07-20,40.54124450683594
2015-07-21,40.852291107177734
2015-07-22,39.34885025024414
2015-07-23,39.84136199951172
2015-07-24,39.6944580078125
2015-07-27,39.18468475341797
2015-07-28,39.17604064941406
2015-07-29,39.99689865112305
2015-07-30,40.50667953491211
2015-07-31,40.35115432739258
2015-08-03,40.44619369506836
2015-08-04,41.07695770263672
2015-08-05,41.11151885986328
2015-08-06,40.28202438354492
2015-08-07,40.385704040527344
2015-08-10,40.89550018310547
2015-08-11,40.1005859375
2015-08-12,40.385704040527344
2015-08-13,40.377071380615234
2015-08-14,40.6103630065918
2015-08-17,40.88685989379883
2015-08-18,41.112998962402344
2015-08-19,40.53896713256836
2015-08-20,39.712703704833984
2015-08-21,37.460044860839844
2015-08-24,36.2510986328125
2015-08-25,35.1987190246582
2015-08-26,37.146934509277344
2015-08-27,38.181949615478516
2015-08-28,38.20802688598633
2015-08-31,37.8514404296875
2015-09-01,36.37287139892578
2015-09-02,37.7122688293457
2015-09-03,37.83404541015625
2015-09-04,37.05997085571289
2015-09-08,38.17324447631836
2015-09-09,37.460044860839844
2015-09-10,37.651405334472656
2015-09-11,37.81664276123047
2015-09-14,37.433963775634766
2015-09-15,38.25151062011719
2015-09-16,38.529850006103516
2015-09-17,38.48636245727539
2015-09-18,37.81664276123047
2015-09-21,38.364593505859375
2015-09-22,38.181949615478516
2015-09-23,38.15584945678711
2015-09-24,38.19064712524414
2015-09-25,38.21672821044922
2015-09-28,37.651405334472656
2015-09-29,37.7818603515625
2015-09-30,38.495052337646484
2015-10-01,38.799468994140625
2015-10-02,39.63441848754883
2015-10-05,40.556339263916016
2015-10-06,40.66071319580078
2015-10-07,40.70421600341797
2015-10-08,41.26955032348633
2015-10-09,40.97383499145508
2015-10-12,40.87816619873047
2015-10-13,40.78248977661133
2015-10-14,40.59984588623047
2015-10-15,40.886863708496094
2015-10-16,41.32173156738281
2015-10-19,41.417396545410156
2015-10-20,41.54787063598633
2015-10-21,41.05211639404297
2015-10-22,41.77400588989258
2015-10-23,45.98357391357422
2015-10-26,47.18383026123047
2015-10-27,46.69677734375
2015-10-28,46.94900894165039
2015-10-29,46.409759521484375
2015-10-30,45.78354263305664
2015-11-02,46.30540084838867
2015-11-03,47.096858978271484
2015-11-04,47.31430435180664
2015-11-05,47.29690933227539
2015-11-06,47.766571044921875
2015-11-09,47.10557174682617
2015-11-10,46.540218353271484
2015-11-11,46.66200256347656
2015-11-12,46.374977111816406
2015-11-13,45.957496643066406
2015-11-16,46.76636505126953
2015-11-17,46.3810920715332
2015-11-18,47.1516227722168
2015-11-19,47.23044204711914
2015-11-20,47.44933319091797
2015-11-23,47.44933319091797
2015-11-24,47.50185775756836
2015-11-25,47.011531829833984
2015-11-27,47.221675872802734
2015-11-30,47.58943557739258
2015-12-01,48.35120391845703
2015-12-02,48.34246826171875
2015-12-03,47.458099365234375
2015-12-04,48.955387115478516
2015-12-07,48.86781692504883
2015-12-08,48.85032653808594
2015-12-09,48.14107131958008
2015-12-10,48.39499282836914
2015-12-11,47.33549499511719
2015-12-14,48.281158447265625
2015-12-15,48.333709716796875
2015-12-16,49.14802169799805
2015-12-17,48.77151107788086
2015-12-18,47.39680862426758
2015-12-21,48.00972366333008
2015-12-22,48.465049743652344
2015-12-23,48.87657928466797
2015-12-24,48.745235443115234
2015-12-28,48.990413665771484
2015-12-29,49.51577377319336
2015-12-30,49.30562973022461
2015-12-31,48.57887649536133
2016-01-04,47.983455657958984
2016-01-05,48.20236587524414
2016-01-06,47.326759338378906
2016-01-07,45.680599212646484
2016-01-08,45.820709228515625
2016-01-11,45.794437408447266
2016-01-12,46.214725494384766
2016-01-13,45.216529846191406
2016-01-14,46.503684997558594
2016-01-15,44.64738464355469
2016-01-19,44.270870208740234
2016-01-20,44.472267150878906
2016-01-21,44.2008171081543
2016-01-22,45.78568649291992
2016-01-25,45.34786605834961
2016-01-26,45.680599212646484
2016-01-27,44.84877014160156
2016-01-28,45.58428955078125
2016-01-29,48.237388610839844
2016-02-01,47.90464782714844
2016-02-02,46.40736389160156
2016-02-03,45.671844482421875
2016-02-04,45.5317497253418
2016-02-05,43.92063522338867
2016-02-08,43.26392364501953
2016-02-09,43.15008544921875
2016-02-10,43.52659606933594
2016-02-11,43.509098052978516
2016-02-12,44.21832275390625
2016-02-16,45.05613327026367
2016-02-17,46.22905349731445
2016-02-18,46.02622604370117
2016-02-19,45.699920654296875
2016-02-22,46.431880950927734
2016-02-23,45.135498046875
2016-02-24,45.29425811767578
2016-02-25,45.94685363769531
2016-02-26,45.24134826660156
2016-02-29,44.870933532714844
2016-03-01,46.370155334472656
2016-03-02,46.696468353271484
2016-03-03,46.16732406616211
2016-03-04,45.885128021240234
2016-03-07,45.00322723388672
2016-03-08,45.54999923706055
2016-03-09,46.59946060180664
2016-03-10,45.90276336669922
2016-03-11,46.80229568481445
2016-03-14,46.890480041503906
2016-03-15,47.26087951660156
2016-03-16,47.931129455566406
2016-03-17,48.20450210571289
2016-03-18,47.172698974609375
2016-03-21,47.49899673461914
2016-03-22,47.6841926574707
2016-03-23,47.596012115478516
2016-03-24,47.80764389038086
2016-03-28,47.21678924560547
2016-03-29,48.24860382080078
2016-03-30,48.54845428466797
2016-03-31,48.70718765258789
2016-04-01,49.007041931152344
2016-04-04,48.88357925415039
2016-04-05,48.11632537841797
2016-04-06,48.610172271728516
2016-04-07,48.02812576293945
2016-04-08,47.99285888671875
2016-04-11,47.895851135253906
2016-04-12,48.19569778442383
2016-04-13,48.813018798828125
2016-04-14,48.821842193603516
2016-04-15,49.077579498291016
2016-04-18,49.79192352294922
2016-04-19,49.730186462402344
2016-04-20,49.024662017822266
2016-04-21,49.192230224609375
2016-04-22,45.664642333984375
2016-04-25,45.95566177368164
2016-04-26,45.36479187011719
2016-04-27,44.92384338378906
2016-04-28,44.006683349609375
2016-04-29,43.980224609375
2016-05-02,44.63282775878906
2016-05-03,43.900848388671875
2016-05-04,43.980224609375
2016-05-05,44.04195022583008
2016-05-06,44.438804626464844
2016-05-09,44.1566047668457
2016-05-10,44.99440383911133
2016-05-11,45.02085494995117
2016-05-12,45.42652893066406
2016-05-13,45.04732131958008
2016-05-16,45.7087516784668
2016-05-17,44.856197357177734
2016-05-18,45.12260818481445
2016-05-19,44.687461853027344
2016-05-20,44.95389175415039
2016-05-23,44.42992401123047
2016-05-24,45.815303802490234
2016-05-25,46.285980224609375
2016-05-26,46.08173751831055
2016-05-27,46.463600158691406
2016-05-31,47.06748962402344
2016-06-01,46.93427276611328
2016-06-02,46.605682373046875
2016-06-03,45.992916107177734
2016-06-06,46.29486083984375
2016-06-07,46.268218994140625
2016-06-08,46.214942932128906
2016-06-09,45.841957092285156
2016-06-10,45.71760940551758
2016-06-13,44.527610778808594
2016-06-14,44.25230026245117
2016-06-15,44.127994537353516
2016-06-16,44.74962615966797
2016-06-17,44.51873016357422
2016-06-20,44.46546173095703
2016-06-21,45.460086822509766
2016-06-22,45.282474517822266
2016-06-23,46.09950256347656
2016-06-24,44.25230026245117
2016-06-27,43.00901794433594
2016-06-28,43.90597152709961
2016-06-29,44.88283157348633
2016-06-30,45.44232177734375
2016-07-01,45.433441162109375
2016-07-05,45.44232177734375
2016-07-06,45.62881088256836
2016-07-07,45.62881088256836
2016-07-08,46.445838928222656
2016-07-11,46.70337677001953
2016-07-12,47.253971099853516
2016-07-13,47.520389556884766
2016-07-14,47.72464370727539
2016-07-15,47.68912124633789
2016-07-18,47.92001724243164
2016-07-19,47.147396087646484
2016-07-20,49.65175247192383
2016-07-21,49.5540657043457
2016-07-22,50.23787307739258
2016-07-25,50.379974365234375
2016-07-26,50.40659713745117
2016-07-27,49.900413513183594
2016-07-28,49.91816329956055
2016-07-29,50.3355712890625
2016-08-01,50.24676513671875
2016-08-02,50.24676513671875
2016-08-03,50.59309768676758
2016-08-04,50.96608352661133
2016-08-05,51.47227096557617
2016-08-08,51.56109619140625
2016-08-09,51.68541717529297
2016-08-10,51.52558898925781
2016-08-11,51.77422332763672
2016-08-12,51.454532623291016
2016-08-15,51.614376068115234
2016-08-16,51.32841873168945
2016-08-17,51.43566131591797
2016-08-18,51.471397399902344
2016-08-19,51.489261627197266
2016-08-22,51.53395080566406
2016-08-23,51.73054504394531
2016-08-24,51.784156799316406
2016-08-25,51.980751037597656
2016-08-26,51.85564422607422
2016-08-29,51.9182014465332
2016-08-30,51.73054504394531
2016-08-31,51.3463020324707
2016-09-01,51.462459564208984
2016-09-02,51.53395080566406
2016-09-06,51.4803352355957
2016-09-07,51.5250129699707
2016-09-08,51.319496154785156
2016-09-09,50.22929763793945
2016-09-12,50.97990417480469
2016-09-13,50.5152473449707
2016-09-14,50.273983001708984
2016-09-15,51.10501480102539
2016-09-16,51.15864181518555
2016-09-19,50.8726806640625
2016-09-20,50.76545333862305
2016-09-21,51.61436462402344
2016-09-22,51.66798782348633
2016-09-23,51.319496154785156
2016-09-26,50.84587860107422
2016-09-27,51.784156799316406
2016-09-28,51.85564422607422
2016-09-29,51.292667388916016
2016-09-30,51.471397399902344
2016-10-03,51.31056213378906
2016-10-04,51.149696350097656
2016-10-05,51.50714111328125
2016-10-06,51.59650421142578
2016-10-07,51.650123596191406
2016-10-10,51.86458969116211
2016-10-11,51.10501480102539
2016-10-12,51.03353500366211
2016-10-13,50.86375427246094
2016-10-14,51.31056213378906
2016-10-17,51.13182830810547
2016-10-18,51.5250129699707
2016-10-19,51.408851623535156
2016-10-20,51.15864181518555
2016-10-21,53.31221008300781
2016-10-24,54.50965118408203
2016-10-25,54.500694274902344
2016-10-26,54.179012298583984
2016-10-27,53.70539093017578
2016-10-28,53.49987030029297
2016-10-31,53.5445671081543
2016-11-01,53.43731689453125
2016-11-02,53.106693267822266
2016-11-03,52.91009521484375
2016-11-04,52.463294982910156
2016-11-07,53.99134826660156
2016-11-08,54.03605270385742
2016-11-09,53.76795196533203
2016-11-10,52.454349517822266
2016-11-11,52.74031066894531
2016-11-14,51.936073303222656
2016-11-15,52.9616584777832
2016-11-16,53.66336441040039
2016-11-17,54.554012298583984
2016-11-18,54.29311752319336
2016-11-21,54.751930236816406
2016-11-22,54.9858512878418
2016-11-23,54.338104248046875
2016-11-25,54.455055236816406
2016-11-28,54.52703857421875
2016-11-29,54.958839416503906
2016-11-30,54.21215057373047
2016-12-01,53.258541107177734
2016-12-02,53.30351257324219
2016-12-05,54.17616653442383
2016-12-06,53.933258056640625
2016-12-07,55.21074676513672
2016-12-08,54.886871337890625
2016-12-09,55.75053024291992
2016-12-12,55.93047332763672
2016-12-13,56.65917205810547
2016-12-14,56.38926315307617
2016-12-15,56.299312591552734
2016-12-16,56.04741668701172
2016-12-19,57.23493957519531
2016-12-20,57.162967681884766
2016-12-21,57.162967681884766
2016-12-22,57.17196273803711
2016-12-23,56.89308166503906
2016-12-27,56.92905807495117
2016-12-28,56.66815948486328
2016-12-29,56.58720016479492
2016-12-30,55.90347671508789
2017-01-03,56.299312591552734
2017-01-04,56.04741668701172
2017-01-05,56.04741668701172
2017-01-06,56.53322219848633
2017-01-09,56.3532829284668
2017-01-10,56.335296630859375
2017-01-11,56.84809112548828
2017-01-12,56.3263053894043
2017-01-13,56.40726852416992
2017-01-17,56.25433349609375
2017-01-18,56.22734069824219
2017-01-19,56.04741668701172
2017-01-20,56.44325256347656
2017-01-23,56.64117431640625
2017-01-24,57.14498519897461
2017-01-25,57.28891372680664
2017-01-26,57.819705963134766
2017-01-27,59.17815017700195
2017-01-30,58.59339141845703
2017-01-31,58.161563873291016
2017-02-01,57.1989631652832
2017-02-02,56.83008575439453
2017-02-03,57.28891372680664
2017-02-06,57.252925872802734
2017-02-07,57.06399917602539
2017-02-08,56.9830322265625
2017-02-09,57.63078689575195
2017-02-10,57.57680130004883
2017-02-13,58.22454833984375
2017-02-14,58.4417610168457
2017-02-15,58.40556335449219
2017-02-16,58.396507263183594
2017-02-17,58.48701477050781
2017-02-21,58.369354248046875
2017-02-22,58.25168991088867
2017-02-23,58.48701477050781
2017-02-24,58.48701477050781
2017-02-27,58.13401412963867
2017-02-28,57.90774917602539
2017-03-01,58.776641845703125
2017-03-02,57.93490219116211
2017-03-03,58.15213394165039
2017-03-06,58.17023468017578
2017-03-07,58.28789138793945
2017-03-08,58.82189178466797
2017-03-09,58.58658218383789
2017-03-10,58.7675895690918
2017-03-13,58.5684700012207
2017-03-14,58.29694747924805
2017-03-15,58.604679107666016
2017-03-16,58.50511932373047
2017-03-17,58.71329116821289
2017-03-20,58.7675895690918
2017-03-21,58.115936279296875
2017-03-22,58.85810089111328
2017-03-23,58.71329116821289
2017-03-24,58.81285095214844
2017-03-27,58.921451568603516
2017-03-28,59.09342575073242
2017-03-29,59.25634002685547
2017-03-30,59.47355270385742
2017-03-31,59.60932159423828
2017-04-03,59.32875061035156
2017-04-04,59.4916877746582
2017-04-05,59.33779525756836
2017-04-06,59.4916877746582
2017-04-07,59.4464225769043
2017-04-10,59.310630798339844
2017-04-11,59.26538848876953
2017-04-12,59.03913116455078
2017-04-13,58.78570556640625
2017-04-17,59.26538848876953
2017-04-18,59.183937072753906
2017-04-19,58.867164611816406
2017-04-20,59.28348922729492
2017-04-21,60.098079681396484
2017-04-24,61.12081527709961
2017-04-25,61.47378921508789
2017-04-26,61.39236831665039
2017-04-27,61.79061508178711
2017-04-28,61.96255874633789
2017-05-01,62.822383880615234
2017-05-02,62.72283172607422
2017-05-03,62.52373123168945
2017-05-04,62.279361724853516
2017-05-05,62.451332092285156
2017-05-08,62.39698791503906
2017-05-09,62.48749923706055
2017-05-10,62.731876373291016
2017-05-11,61.96255874633789
2017-05-12,61.89014434814453
2017-05-15,61.935401916503906
2017-05-16,63.182518005371094
2017-05-17,61.425662994384766
2017-05-18,61.63501739501953
2017-05-19,61.61680603027344
2017-05-22,62.30863571166992
2017-05-23,62.51800537109375
2017-05-24,62.599910736083984
2017-05-25,63.37367630004883
2017-05-26,63.683128356933594
2017-05-30,64.09276580810547
2017-05-31,63.57390594482422
2017-06-01,63.81061935424805
2017-06-02,65.3216323852539
2017-06-05,65.79499053955078
2017-06-06,66.01346588134766
2017-06-07,65.89513397216797
2017-06-08,65.49459838867188
2017-06-09,64.01085662841797
2017-06-12,63.51931381225586
2017-06-13,64.31124877929688
2017-06-14,63.96531295776367
2017-06-15,63.62851333618164
2017-06-16,63.71957778930664
2017-06-19,64.5114974975586
2017-06-20,63.637638092041016
2017-06-21,63.96531295776367
2017-06-22,63.956233978271484
2017-06-23,64.82098388671875
2017-06-26,64.20199584960938
2017-06-27,63.00043487548828
2017-06-28,63.537506103515625
2017-06-29,62.34504318237305
2017-06-30,62.74556350708008
2017-07-03,62.05375289916992
2017-07-05,62.88209533691406
2017-07-06,62.417842864990234
2017-07-07,63.22800064086914
2017-07-10,63.70136642456055
2017-07-11,63.71043395996094
2017-07-12,64.76638793945312
2017-07-13,65.33075714111328
2017-07-14,66.25013732910156
2017-07-17,66.76899719238281
2017-07-18,66.7234878540039
2017-07-19,67.23324584960938
2017-07-20,67.56092834472656
2017-07-21,67.1695327758789
2017-07-24,66.99657440185547
2017-07-25,67.53363037109375
2017-07-26,67.40618896484375
2017-07-27,66.59603881835938
2017-07-28,66.48678588867188
2017-07-31,66.17730712890625
2017-08-01,66.06806945800781
2017-08-02,65.77678680419922
2017-08-03,65.67666625976562
2017-08-04,66.15909576416016
2017-08-07,65.90420532226562
2017-08-08,66.25923156738281
2017-08-09,65.96796417236328
2017-08-10,65.00303649902344
2017-08-11,65.9952621459961
2017-08-14,66.98748016357422
2017-08-15,67.00577545166016
2017-08-16,67.3992691040039
2017-08-17,66.25534057617188
2017-08-18,66.33771514892578
2017-08-21,66.0265884399414
2017-08-22,66.95085144042969
2017-08-23,66.54818725585938
2017-08-24,66.520751953125
2017-08-25,66.63970947265625
2017-08-28,66.64888000488281
2017-08-29,66.85021209716797
2017-08-30,67.7287368774414
2017-08-31,68.42420959472656
2017-09-01,67.66465759277344
2017-09-05,67.36268615722656
2017-09-06,67.17050170898438
2017-09-07,68.03069305419922
2017-09-08,67.70126342773438
2017-09-11,68.41506958007812
2017-09-12,68.34184265136719
2017-09-13,68.8268814086914
2017-09-14,68.42420959472656
2017-09-15,68.91838836669922
2017-09-18,68.7811050415039
2017-09-19,69.03734588623047
2017-09-20,68.57978820800781
2017-09-21,67.9117202758789
2017-09-22,68.09475708007812
2017-09-25,67.04237365722656
2017-09-26,67.04237365722656
2017-09-27,67.58228302001953
2017-09-28,67.6006088256836
2017-09-29,68.16798400878906
2017-10-02,68.27781677246094
2017-10-03,67.95752716064453
2017-10-04,68.35100555419922
2017-10-05,69.52236938476562
2017-10-06,69.54983520507812
2017-10-09,69.81520080566406
2017-10-10,69.81520080566406
2017-10-11,69.93415832519531
2017-10-12,70.57476043701172
2017-10-13,70.91338348388672
2017-10-16,71.05977630615234
2017-10-17,71.00486755371094
2017-10-18,71.02320098876953
2017-10-19,71.2977294921875
2017-10-20,72.121337890625
2017-10-23,72.13963317871094
2017-10-24,72.1671142578125
2017-10-25,71.95661163330078
2017-10-26,72.07559204101562
2017-10-27,76.69697570800781
2017-10-30,76.77020263671875
2017-10-31,76.12045288085938
2017-11-01,76.12045288085938
2017-11-02,76.91661071777344
2017-11-03,76.99897003173828
2017-11-06,77.30097198486328
2017-11-07,77.11795806884766
2017-11-08,77.38331604003906
2017-11-09,76.95321655273438
2017-11-10,76.75186920166016
2017-11-13,76.8067855834961
2017-11-14,76.91661071777344
2017-11-15,76.31880187988281
2017-11-16,76.52113342285156
2017-11-17,75.78535461425781
2017-11-20,75.90489196777344
2017-11-21,76.9993896484375
2017-11-22,76.43833923339844
2017-11-24,76.5763168334961
2017-11-27,77.1373291015625
2017-11-28,78.0662841796875
2017-11-29,76.64989471435547
2017-11-30,77.41326904296875
2017-12-01,77.49605560302734
2017-12-04,74.57131958007812
2017-12-05,75.04039001464844
2017-12-06,76.13485717773438
2017-12-07,75.86812591552734
2017-12-08,77.4040756225586
2017-12-11,78.38819885253906
2017-12-12,78.7100830078125
2017-12-13,78.49853515625
2017-12-14,77.89153289794922
2017-12-15,79.87812805175781
2017-12-18,79.44584655761719
2017-12-19,78.94000244140625
2017-12-20,78.65489959716797
2017-12-21,78.63650512695312
2017-12-22,78.64570617675781
2017-12-26,78.54452514648438
2017-12-27,78.82962799072266
2017-12-28,78.8388442993164
2017-12-29,78.67328643798828
2018-01-02,79.05036926269531
2018-01-03,79.41826629638672
2018-01-04,80.11726379394531
2018-01-05,81.11055755615234
2018-01-08,81.19335174560547
2018-01-09,81.13814544677734
2018-01-10,80.77027130126953
2018-01-11,81.00940704345703
2018-01-12,82.40737915039062
2018-01-16,81.25772094726562
2018-01-17,82.9040298461914
2018-01-18,82.86722564697266
2018-01-19,82.77525329589844
2018-01-22,84.25601196289062
2018-01-23,84.52278137207031
2018-01-24,84.44916534423828
2018-01-25,84.91822052001953
2018-01-26,86.50935363769531
2018-01-29,86.38057708740234
2018-01-30,85.2953109741211
2018-01-31,87.38309478759766
2018-02-01,86.69329833984375
2018-02-02,84.4123764038086
2018-02-05,80.93579864501953
2018-02-06,83.99852752685547
2018-02-07,82.41655731201172
2018-02-08,78.18583679199219
2018-02-09,81.10136413574219
2018-02-12,81.97511291503906
2018-02-13,82.61892700195312
2018-02-14,83.91258239746094
2018-02-15,85.6220474243164
2018-02-16,85.01220703125
2018-02-20,85.67749786376953
2018-02-21,84.54090881347656
2018-02-22,84.76272583007812
2018-02-23,86.91571807861328
2018-02-26,88.17241668701172
2018-02-27,87.04509735107422
2018-02-28,86.64776611328125
2018-03-01,85.79762268066406
2018-03-02,85.98243713378906
2018-03-05,86.52762603759766
2018-03-06,86.23193359375
2018-03-07,86.73092651367188
2018-03-08,87.25761413574219
2018-03-09,89.20735931396484
2018-03-12,89.41986846923828
2018-03-13,87.23914337158203
2018-03-14,86.72166442871094
2018-03-15,87.0265884399414
2018-03-16,87.41471862792969
2018-03-19,85.8345947265625
2018-03-20,86.0563735961914
2018-03-21,85.45573425292969
2018-03-22,82.97003936767578
2018-03-23,80.55828857421875
2018-03-26,86.65701293945312
2018-03-27,82.67435455322266
2018-03-28,82.60041046142578
2018-03-29,84.3376235961914
2018-04-02,81.79652404785156
2018-04-03,82.8961181640625
2018-04-04,85.31713104248047
2018-04-05,85.36332702636719
2018-04-06,83.37664031982422
2018-04-09,83.8756103515625
2018-04-10,85.82534790039062
2018-04-11,84.88282775878906
2018-04-12,86.47218322753906
2018-04-13,86.01016235351562
2018-04-16,87.01738739013672
2018-04-17,88.77305603027344
2018-04-18,89.11494445800781
2018-04-19,88.81002807617188
2018-04-20,87.78433990478516
2018-04-23,88.10774993896484
2018-04-24,86.04713439941406
2018-04-25,85.29864501953125
2018-04-26,87.10053253173828
2018-04-27,88.54204559326172
2018-04-30,86.41673278808594
2018-05-01,87.78433990478516
2018-05-02,86.40750122070312
2018-05-03,86.92495727539062
2018-05-04,87.93218994140625
2018-05-07,88.91166687011719
2018-05-08,88.53278350830078
2018-05-09,89.57698822021484
2018-05-10,90.47329711914062
2018-05-11,90.27923583984375
2018-05-14,90.58418273925781
2018-05-15,89.9281234741211
2018-05-16,90.1601333618164
2018-05-17,89.25990295410156
2018-05-18,89.42696380615234
2018-05-21,90.5777587890625
2018-05-22,90.48494720458984
2018-05-23,91.56149291992188
2018-05-24,91.23667907714844
2018-05-25,91.28307342529297
2018-05-29,90.9582748413086
2018-05-30,91.83061981201172
2018-05-31,91.7285385131836
2018-06-01,93.53821563720703
2018-06-04,94.35491180419922
2018-06-05,94.8375015258789
2018-06-06,95.11592864990234
2018-06-07,93.62174987792969
2018-06-08,94.31778717041016
2018-06-11,93.77949523925781
2018-06-12,94.02083587646484
2018-06-13,93.59390258789062
2018-06-14,94.1229019165039
2018-06-15,92.92570495605469
2018-06-18,93.60317993164062
2018-06-19,93.60317993164062
2018-06-20,94.54052734375
2018-06-21,93.86305236816406
2018-06-22,93.18556213378906
2018-06-25,91.3109130859375
2018-06-26,91.95127868652344
2018-06-27,90.52206420898438
2018-06-28,91.53366088867188
2018-06-29,91.51509094238281
2018-07-02,92.8143539428711
2018-07-03,91.92340850830078
2018-07-05,92.58235168457031
2018-07-06,93.8816146850586
2018-07-09,94.52196502685547
2018-07-10,94.77255249023438
2018-07-11,94.64264678955078
2018-07-12,96.693603515625
2018-07-13,97.8443832397461
2018-07-16,97.36178588867188
2018-07-17,98.32697296142578
2018-07-18,97.55667877197266
2018-07-19,96.88848876953125
2018-07-20,98.62393951416016
2018-07-23,100.20162963867188
2018-07-24,99.91395568847656
2018-07-25,102.8558578491211
2018-07-26,101.73291778564453
2018-07-27,99.93250274658203
2018-07-30,97.78871154785156
2018-07-31,98.44761657714844
2018-08-01,98.63320922851562
2018-08-02,99.83042907714844
2018-08-03,100.2666015625
2018-08-06,100.3501205444336
2018-08-07,101.04615020751953
2018-08-08,101.61225891113281
2018-08-09,101.77933502197266
2018-08-10,101.15752410888672
2018-08-13,100.42434692382812
2018-08-14,101.67723083496094
2018-08-15,100.29844665527344
2018-08-16,100.27976989746094
2018-08-17,100.22391510009766
2018-08-20,99.56248474121094
2018-08-21,98.73332214355469
2018-08-22,99.73944091796875
2018-08-23,100.20525360107422
2018-08-24,100.98784637451172
2018-08-27,102.10578155517578
2018-08-28,102.72065734863281
2018-08-29,104.36030578613281
2018-08-30,104.29509735107422
2018-08-31,104.64910125732422
2018-09-04,104.0715103149414
2018-09-05,101.07168579101562
2018-09-06,101.30458068847656
2018-09-07,100.8108139038086
2018-09-10,101.90082550048828
2018-09-11,103.6336441040039
2018-09-12,104.0715103149414
2018-09-13,105.18946075439453
2018-09-14,105.61801147460938
2018-09-17,104.47209930419922
2018-09-18,105.46894836425781
2018-09-19,104.06219482421875
2018-09-20,105.80432891845703
2018-09-21,106.44715881347656
2018-09-24,106.8291244506836
2018-09-25,106.6241455078125
2018-09-26,106.18630981445312
2018-09-27,106.5868911743164
2018-09-28,106.54960632324219
2018-10-01,107.70484161376953
2018-10-02,107.27628326416016
2018-10-03,107.29491424560547
2018-10-04,105.07765197753906
2018-10-05,104.46277618408203
2018-10-08,103.27031707763672
2018-10-09,104.58390045166016
2018-10-10,98.90103149414062
2018-10-11,98.6681137084961
2018-10-12,102.07783508300781
2018-10-15,100.2425308227539
2018-10-16,103.41006469726562
2018-10-17,103.13990020751953
2018-10-18,101.08097839355469
2018-10-19,101.23005676269531
2018-10-22,102.13373565673828
2018-10-23,100.70834350585938
2018-10-24,95.32359313964844
2018-10-25,100.8946762084961
2018-10-26,99.64630126953125
2018-10-29,96.74896240234375
2018-10-30,96.63717651367188
2018-10-31,99.50656127929688
2018-11-01,98.67742156982422
2018-11-02,98.90103149414062
2018-11-05,100.15869140625
2018-11-06,100.35433197021484
2018-11-07,104.30440521240234
2018-11-08,104.1087875366211
2018-11-09,102.07783508300781
2018-11-12,99.56248474121094
2018-11-13,99.6276626586914
2018-11-14,98.21485137939453
2018-11-15,100.37618255615234
2018-11-16,101.3211898803711
2018-11-19,97.88736724853516
2018-11-20,95.16464233398438
2018-11-21,96.47454071044922
2018-11-23,96.43714141845703
2018-11-26,99.6183090209961
2018-11-27,100.24518585205078
2018-11-28,103.9690933227539
2018-11-29,103.09893798828125
2018-11-30,103.75386047363281
2018-12-03,104.87666320800781
2018-12-04,101.53640747070312
2018-12-06,102.16328430175781
2018-12-07,98.07449340820312
2018-12-10,100.66622161865234
2018-12-11,101.60187530517578
2018-12-12,102.06033325195312
2018-12-13,102.40653991699219
2018-12-14,99.20661926269531
2018-12-17,96.2686767578125
2018-12-18,97.27920532226562
2018-12-19,97.0172119140625
2018-12-20,94.9775161743164
2018-12-21,91.90859985351562
2018-12-24,88.07243347167969
2018-12-26,94.08863067626953
2018-12-27,94.66874694824219
2018-12-28,93.92957305908203
2018-12-31,95.03363800048828
2019-01-02,94.61260986328125
2019-01-03,91.13200378417969
2019-01-04,95.37049102783203
2019-01-07,95.49211120605469
2019-01-08,96.18450164794922
2019-01-09,97.55988311767578
2019-01-10,96.93299865722656
2019-01-11,96.18450164794922
2019-01-14,95.48274993896484
2019-01-15,98.25228118896484
2019-01-16,98.59847259521484
2019-01-17,99.29084777832031
2019-01-18,100.77853393554688
2019-01-22,98.87915802001953
2019-01-23,99.8428726196289
2019-01-24,99.36568450927734
2019-01-25,100.27326202392578
2019-01-28,98.31776428222656
2019-01-29,96.31549835205078
2019-01-30,99.53410339355469
2019-01-31,97.7095947265625
2019-02-01,96.16577911376953
2019-02-04,98.9352798461914
2019-02-05,100.3200454711914
2019-02-06,99.20661926269531
2019-02-07,98.49554443359375
2019-02-08,98.86978912353516
2019-02-11,98.4768295288086
2019-02-12,100.01128387451172
2019-02-13,99.93643188476562
2019-02-14,100.02064514160156
2019-02-15,101.25570678710938
2019-02-19,101.20891571044922
2019-02-20,100.68272399902344
2019-02-21,102.80631256103516
2019-02-22,104.27214050292969
2019-02-25,104.85472869873047
2019-02-26,105.57826232910156
2019-02-27,105.39971923828125
2019-02-28,105.26818084716797
2019-03-01,105.73798370361328
2019-03-04,105.48430633544922
2019-03-05,104.95807647705078
2019-03-06,105.00507354736328
2019-03-07,103.72713470458984
2019-03-08,103.83989715576172
2019-03-11,106.01988983154297
2019-03-12,106.76219940185547
2019-03-13,107.5890884399414
2019-03-14,107.67366027832031
2019-03-15,108.91398620605469
2019-03-18,110.47379302978516
2019-03-19,110.54895782470703
2019-03-20,110.42681884765625
2019-03-21,112.96382904052734
2019-03-22,109.98519134521484
2019-03-25,110.55838012695312
2019-03-26,110.79325866699219
2019-03-27,109.7220687866211
2019-03-28,109.87239837646484
2019-03-29,110.82147979736328
2019-04-01,111.83627319335938
2019-04-02,111.99601745605469
2019-04-03,112.72893524169922
2019-04-04,112.15575408935547
2019-04-05,112.65373229980469
2019-04-08,112.69134521484375
2019-04-09,112.08057403564453
2019-04-10,112.9356689453125
2019-04-11,113.06721496582031
2019-04-12,113.64977264404297
2019-04-15,113.74376678466797
2019-04-16,113.48062896728516
2019-04-17,114.42029571533203
2019-04-18,115.92371368408203
2019-04-22,116.29019927978516
2019-04-23,117.86878204345703
2019-04-24,117.46473693847656
2019-04-25,121.35485076904297
2019-04-26,122.0501937866211
2019-04-29,121.93743896484375
2019-04-30,122.71734619140625
2019-05-01,120.16150665283203
2019-05-02,118.59229278564453
2019-05-03,121.11994934082031
2019-05-06,120.41521453857422
2019-05-07,117.94395446777344
2019-05-08,117.9345474243164
2019-05-09,117.92516326904297
2019-05-10,119.45677947998047
2019-05-13,115.9049072265625
2019-05-14,117.20162963867188
2019-05-15,118.85208892822266
2019-05-16,121.59656524658203
2019-05-17,120.78549194335938
2019-05-20,119.04073333740234
2019-05-21,119.6820297241211
2019-05-22,120.40823364257812
2019-05-23,119.00298309326172
2019-05-24,119.0595932006836
2019-05-28,118.984130859375
2019-05-29,117.83354187011719
2019-05-30,118.57857513427734
2019-05-31,116.64519500732422
2019-06-03,113.02360534667969
2019-06-04,116.1547622680664
2019-06-05,118.67288970947266
2019-06-06,120.54969787597656
2019-06-07,123.92604064941406
2019-06-10,125.05780029296875
2019-06-11,124.5862808227539
2019-06-12,124.01099395751953
2019-06-13,124.79374694824219
2019-06-14,124.91632843017578
2019-06-17,125.29363250732422
2019-06-18,127.47220611572266
2019-06-19,127.97208404541016
2019-06-20,129.160400390625
2019-06-21,129.1792449951172
2019-06-24,129.9431915283203
2019-06-25,125.84062194824219
2019-06-26,126.31219482421875
2019-06-27,126.51966857910156
2019-06-28,126.34049224853516
2019-07-01,127.96263885498047
2019-07-02,128.8114776611328
2019-07-03,129.64141845703125
2019-07-05,129.26414489746094
2019-07-08,129.1698455810547
2019-07-09,128.69827270507812
2019-07-10,130.0092315673828
2019-07-11,130.52793884277344
2019-07-12,130.9994354248047
2019-07-15,130.9994354248047
2019-07-16,129.28302001953125
2019-07-17,128.5190887451172
2019-07-18,128.66050720214844
2019-07-19,128.8491668701172
2019-07-22,130.5562286376953
2019-07-23,131.36732482910156
2019-07-24,132.71597290039062
2019-07-25,132.21612548828125
2019-07-26,133.30067443847656
2019-07-29,133.00830078125
2019-07-30,132.3669891357422
2019-07-31,128.5190887451172
2019-08-01,130.20724487304688
2019-08-02,129.11325073242188
2019-08-05,124.69003295898438
2019-08-06,127.02891540527344
2019-08-07,127.58534240722656
2019-08-08,130.9900360107422
2019-08-09,129.87718200683594
2019-08-12,128.0663604736328
2019-08-13,130.71656799316406
2019-08-14,126.78014373779297
2019-08-15,126.49618530273438
2019-08-16,128.81454467773438
2019-08-19,130.97203063964844
2019-08-20,129.8838348388672
2019-08-21,131.33155822753906
2019-08-22,130.37591552734375
2019-08-23,126.22181701660156
2019-08-26,128.17108154296875
2019-08-27,128.4454803466797
2019-08-28,128.27517700195312
2019-08-29,130.69760131835938
2019-08-30,130.45159912109375
2019-09-03,128.7294158935547
2019-09-04,130.2340087890625
2019-09-05,132.52389526367188
2019-09-06,131.6249542236328
2019-09-09,130.1298828125
2019-09-10,128.7672576904297
2019-09-11,128.8050994873047
2019-09-12,130.1298828125
2019-09-13,129.94064331054688
2019-09-16,129.00384521484375
2019-09-17,130.0068359375
2019-09-18,131.07614135742188
2019-09-19,133.48915100097656
2019-09-20,131.94671630859375
2019-09-23,131.66281127929688
2019-09-24,129.9974365234375
2019-09-25,131.87100219726562
2019-09-26,132.0413055419922
2019-09-27,130.32859802246094
2019-09-30,131.55873107910156
2019-10-01,129.7040557861328
2019-10-02,127.4140853881836
2019-10-03,128.9564971923828
2019-10-04,130.69760131835938
2019-10-07,129.75135803222656
2019-10-08,128.3792724609375
2019-10-09,130.81121826171875
2019-10-10,131.6249542236328
2019-10-11,132.17381286621094
2019-10-14,132.05081176757812
2019-10-15,133.9622344970703
2019-10-16,132.86459350585938
2019-10-17,132.18328857421875
2019-10-18,130.0258331298828
2019-10-21,130.99098205566406
2019-10-22,129.04168701171875
2019-10-23,129.86489868164062
2019-10-24,132.4197998046875
2019-10-25,133.16738891601562
2019-10-28,136.44143676757812
2019-10-29,135.15452575683594
2019-10-30,136.83883666992188
2019-10-31,135.66551208496094
2019-11-01,135.9967041015625
2019-11-04,136.78211975097656
2019-11-05,136.6969451904297
2019-11-06,136.31845092773438
2019-11-07,136.50770568847656
2019-11-08,138.11636352539062
2019-11-11,138.2582244873047
2019-11-12,139.16668701171875
2019-11-13,139.3937530517578
2019-11-14,140.10348510742188
2019-11-15,141.91078186035156
2019-11-18,142.26095581054688
2019-11-19,142.3082733154297
2019-11-20,142.06141662597656
2019-11-21,141.92849731445312
2019-11-22,142.032958984375
2019-11-25,143.59005737304688
2019-11-26,144.34962463378906
2019-11-27,144.62501525878906
2019-11-29,143.73248291015625
2019-12-02,141.9949493408203
2019-12-03,141.76702880859375
2019-12-04,142.27978515625
2019-12-05,142.355712890625
2019-12-06,144.08380126953125
2019-12-09,143.7135009765625
2019-12-10,143.49513244628906
2019-12-11,144.03634643554688
2019-12-12,145.4984893798828
2019-12-13,146.72335815429688
2019-12-16,147.67282104492188
2019-12-17,146.87527465820312
2019-12-18,146.5714111328125
2019-12-19,147.84373474121094
2019-12-20,149.4578399658203
2019-12-23,149.4578399658203
2019-12-24,149.4293670654297
2019-12-26,150.6542205810547
2019-12-27,150.9295654296875
2019-12-30,149.6287841796875
2019-12-31,149.7332000732422
2020-01-02,152.5056610107422
2020-01-03,150.6067352294922
2020-01-06,150.99598693847656
2020-01-07,149.6192626953125
2020-01-08,152.00244140625
2020-01-09,153.90139770507812
2020-01-10,153.18930053710938
2020-01-13,155.0313262939453
2020-01-14,153.93943786621094
2020-01-15,154.93637084960938
2020-01-16,157.77529907226562
2020-01-17,158.65834045410156
2020-01-21,158.088623046875
2020-01-22,157.3290252685547
2020-01-23,158.29754638671875
2020-01-24,156.70240783691406
2020-01-27,154.0818634033203
2020-01-28,157.10118103027344
2020-01-29,159.5508575439453
2020-01-30,164.05137634277344
2020-01-31,161.63023376464844
2020-02-03,165.57052612304688
2020-02-04,171.0205841064453
2020-02-05,170.8116912841797
2020-02-06,174.35324096679688
2020-02-07,174.6001434326172
2020-02-10,179.16712951660156
2020-02-11,175.12234497070312
2020-02-12,175.3787384033203
2020-02-13,174.42921447753906
2020-02-14,175.98635864257812
2020-02-18,177.77137756347656
2020-02-19,178.3045654296875
2020-02-20,175.5816192626953
2020-02-21,170.03102111816406
2020-02-24,162.7000274658203
2020-02-25,160.01519775390625
2020-02-26,162.0145263671875
2020-02-27,150.5991668701172
2020-02-28,154.24560546875
2020-03-02,164.50900268554688
2020-03-03,156.6258544921875
2020-03-04,162.3763427734375
2020-03-05,158.30145263671875
2020-03-06,153.8267364501953
2020-03-09,143.4014892578125
2020-03-10,153.20787048339844
2020-03-11,146.26722717285156
2020-03-12,132.3955078125
2020-03-13,151.21803283691406
2020-03-16,128.92996215820312
2020-03-17,139.5456085205078
2020-03-18,133.67132568359375
2020-03-19,135.87057495117188
2020-03-20,130.76748657226562
2020-03-23,129.4630584716797
2020-03-24,141.23077392578125
2020-03-25,139.8788604736328
2020-03-26,148.62838745117188
2020-03-27,142.5255889892578
2020-03-30,152.55093383789062
2020-03-31,150.15171813964844
2020-04-01,144.82008361816406
2020-04-02,147.81907653808594
2020-04-03,146.45765686035156
2020-04-06,157.3494110107422
2020-04-07,155.6547393798828
2020-04-08,157.2161102294922
2020-04-09,157.22561645507812
2020-04-13,157.57789611816406
2020-04-14,165.37533569335938
2020-04-15,163.64260864257812
2020-04-16,168.55531311035156
2020-04-17,170.04052734375
2020-04-20,166.670166015625
2020-04-21,159.77720642089844
2020-04-22,165.20399475097656
2020-04-23,163.20468139648438
2020-04-24,166.1846466064453
2020-04-27,165.70860290527344
2020-04-28,161.67181396484375
2020-04-29,168.9265899658203
2020-04-30,170.6212921142578
2020-05-01,166.2036895751953
2020-05-04,170.26904296875
2020-05-05,172.09701538085938
2020-05-06,173.79173278808594
2020-05-07,174.80093383789062
2020-05-08,175.8291473388672
2020-05-11,177.79042053222656
2020-05-12,173.7631378173828
2020-05-13,171.1354217529297
2020-05-14,171.8780517578125
2020-05-15,174.38197326660156
2020-05-18,176.0481719970703
2020-05-19,174.82952880859375
2020-05-20,177.25450134277344
2020-05-21,175.12545776367188
2020-05-22,175.20184326171875
2020-05-26,173.3496551513672
2020-05-27,173.57875061035156
2020-05-28,173.1873779296875
2020-05-29,174.95361328125
2020-06-01,174.55259704589844
2020-06-02,176.53846740722656
2020-06-03,176.96810913085938
2020-06-04,174.63853454589844
2020-06-05,178.72479248046875
2020-06-08,179.83226013183594
2020-06-09,181.20706176757812
2020-06-10,187.92837524414062
2020-06-11,177.83689880371094
2020-06-12,179.24032592773438
2020-06-15,180.38600158691406
2020-06-16,184.80638122558594
2020-06-17,185.44602966308594
2020-06-18,187.43186950683594
2020-06-19,186.3148193359375
2020-06-22,191.489501953125
2020-06-23,192.768798828125
2020-06-24,188.88304138183594
2020-06-25,191.26988220214844
2020-06-26,187.44140625
2020-06-29,189.45590209960938
2020-06-30,194.29635620117188
2020-07-01,195.43246459960938
2020-07-02,196.9217987060547
2020-07-06,201.16085815429688
2020-07-07,198.82176208496094
2020-07-08,203.19439697265625
2020-07-09,204.61695861816406
2020-07-10,203.9963836669922
2020-07-13,197.6951904296875
2020-07-14,198.917236328125
2020-07-15,198.6212615966797
2020-07-16,194.6877899169922
2020-07-17,193.69488525390625
2020-07-20,202.0200653076172
2020-07-21,199.29910278320312
2020-07-22,202.16326904296875
2020-07-23,193.37020874023438
2020-07-24,192.1864013671875
2020-07-27,194.62094116210938
2020-07-28,192.8738250732422
2020-07-29,194.82150268554688
2020-07-30,194.66867065429688
2020-07-31,195.7284393310547
2020-08-03,206.73643493652344
2020-08-04,203.63356018066406
2020-08-05,203.29940795898438
2020-08-06,206.55502319335938
2020-08-07,202.86024475097656
2020-08-10,198.82176208496094
2020-08-11,194.17227172851562
2020-08-12,199.71917724609375
2020-08-13,199.2513885498047
2020-08-14,199.4423370361328
2020-08-17,200.7598419189453
2020-08-18,201.91506958007812
2020-08-19,200.69007873535156
2020-08-20,205.36036682128906
2020-08-21,203.86744689941406
2020-08-24,204.5086212158203
2020-08-25,207.16920471191406
2020-08-26,211.6481170654297
2020-08-27,216.84481811523438
2020-08-28,219.07467651367188
2020-08-31,215.8398895263672
2020-09-01,217.5051727294922
2020-09-02,221.6969757080078
2020-09-03,207.96356201171875
2020-09-04,205.0446014404297
2020-09-08,193.95252990722656
2020-09-09,202.2117156982422
2020-09-10,196.54611206054688
2020-09-11,195.26368713378906
2020-09-14,196.58441162109375
2020-09-15,199.80958557128906
2020-09-16,196.2398223876953
2020-09-17,194.1918182373047
2020-09-18,191.78005981445312
2020-09-21,193.837646484375
2020-09-22,198.50802612304688
2020-09-23,191.97149658203125
2020-09-24,194.45980834960938
2020-09-25,198.89085388183594
2020-09-28,200.44122314453125
2020-09-29,198.35488891601562
2020-09-30,201.2930145263672
2020-10-01,203.3314971923828
2020-10-02,197.3308868408203
2020-10-05,201.34085083007812
2020-10-06,197.06292724609375
2020-10-07,200.81451416015625
2020-10-08,201.53224182128906
2020-10-09,206.53753662109375
2020-10-12,211.88735961914062
2020-10-13,213.28465270996094
2020-10-14,211.3705291748047
2020-10-15,210.22216796875
2020-10-16,210.22216796875
2020-10-19,205.015869140625
2020-10-20,205.42739868164062
2020-10-21,205.57093811035156
2020-10-22,205.65707397460938
2020-10-23,206.9394989013672
2020-10-26,201.05372619628906
2020-10-27,204.08753967285156
2020-10-28,193.9716796875
2020-10-29,195.92404174804688
2020-10-30,193.77073669433594
2020-11-02,193.63671875
2020-11-03,197.56056213378906
2020-11-04,207.09263610839844
2020-11-05,213.69615173339844
2020-11-06,214.10769653320312
2020-11-09,209.00669860839844
2020-11-10,201.94375610351562
2020-11-11,207.2457733154297
2020-11-12,206.18345642089844
2020-11-13,207.2074432373047
2020-11-16,207.89654541015625
2020-11-17,205.2455596923828
2020-11-18,202.53965759277344
2020-11-19,203.82545471191406
2020-11-20,201.87757873535156
2020-11-23,201.60890197753906
2020-11-24,205.20718383789062
2020-11-25,205.2167510986328
2020-11-27,206.521728515625
2020-11-30,205.40869140625
2020-12-01,207.46212768554688
2020-12-02,206.6560516357422
2020-12-03,205.5718231201172
2020-12-04,205.68692016601562
2020-12-07,205.6197509765625
2020-12-08,207.2702178955078
2020-12-09,203.23052978515625
2020-12-10,202.00233459472656
2020-12-11,204.63143920898438
2020-12-14,205.53343200683594
2020-12-15,205.46627807617188
2020-12-16,210.40786743164062
2020-12-17,210.54220581054688
2020-12-18,209.74581909179688
2020-12-21,213.58396911621094
2020-12-22,214.87933349609375
2020-12-23,212.0774688720703
2020-12-24,213.73744201660156
2020-12-28,215.8581085205078
2020-12-29,215.08084106445312
2020-12-30,212.71075439453125
2020-12-31,213.4208221435547
2021-01-04,208.8822021484375
2021-01-05,209.08372497558594
2021-01-06,203.66232299804688
2021-01-07,209.4579315185547
2021-01-08,210.7340850830078
2021-01-11,208.6903076171875
2021-01-12,206.23385620117188
2021-01-13,207.58680725097656
2021-01-14,204.4011688232422
2021-01-15,204.04612731933594
2021-01-19,207.6828155517578
2021-01-20,215.2631072998047
2021-01-21,215.86766052246094
2021-01-22,216.80801391601562
2021-01-25,220.24317932128906
2021-01-26,222.92990112304688
2021-01-27,223.476806640625
2021-01-28,229.26280212402344
2021-01-29,222.5748748779297
2021-02-01,229.95372009277344
2021-02-02,229.8193817138672
2021-02-03,233.16818237304688
2021-02-04,232.2182159423828
2021-02-05,232.4005126953125
2021-02-08,232.65960693359375
2021-02-09,233.906982421875
2021-02-10,232.99542236328125
2021-02-11,234.59793090820312
2021-02-12,235.07766723632812
2021-02-16,233.83982849121094
2021-02-17,234.85928344726562
2021-02-18,234.46498107910156
2021-02-19,231.7528533935547
2021-02-22,225.5399169921875
2021-02-23,224.34738159179688
2021-02-24,225.5784149169922
2021-02-25,220.2310791015625
2021-02-26,223.49142456054688
2021-03-01,227.876953125
2021-03-02,224.9243927001953
2021-03-03,218.8557586669922
2021-03-04,218.0574951171875
2021-03-05,222.7412872314453
2021-03-08,218.69224548339844
2021-03-09,224.83786010742188
2021-03-10,223.5298614501953
2021-03-11,228.0597381591797
2021-03-12,226.73252868652344
2021-03-15,225.8284454345703
2021-03-16,228.6175537109375
2021-03-17,227.97314453125
2021-03-18,221.89488220214844
2021-03-19,221.5390625
2021-03-22,226.96331787109375
2021-03-23,228.49253845214844
2021-03-24,226.45359802246094
2021-03-25,223.4529266357422
2021-03-26,227.43458557128906
2021-03-29,226.24200439453125
2021-03-30,222.981689453125
2021-03-31,226.7517547607422
2021-04-01,233.08004760742188
2021-04-05,239.54302978515625
2021-04-06,238.3793182373047
2021-04-07,240.3412628173828
2021-04-08,243.56307983398438
2021-04-09,246.0636749267578
2021-04-12,246.1213836669922
2021-04-13,248.60267639160156
2021-04-14,245.8135986328125
2021-04-15,249.57408142089844
2021-04-16,250.76666259765625
2021-04-19,248.8430938720703
2021-04-20,248.38150024414062
2021-04-21,250.61273193359375
2021-04-22,247.3331756591797
2021-04-23,251.16091918945312
2021-04-26,251.54559326171875
2021-04-27,251.94955444335938
2021-04-28,244.82302856445312
2021-04-29,242.85140991210938
2021-04-30,242.5340576171875
2021-05-03,242.22628784179688
2021-05-04,238.31198120117188
2021-05-05,237.04248046875
2021-05-06,240.1777801513672
2021-05-07,242.80332946777344
2021-05-10,237.7252960205078
2021-05-11,236.81166076660156
2021-05-12,229.858154296875
2021-05-13,233.73402404785156
2021-05-14,238.658203125
2021-05-17,235.80178833007812
2021-05-18,233.78211975097656
2021-05-19,234.3605194091797
2021-05-20,237.5994110107422
2021-05-21,236.33665466308594
2021-05-24,241.7445068359375
2021-05-25,242.6506805419922
2021-05-26,242.42897033691406
2021-05-27,240.32749938964844
2021-05-28,240.68414306640625
2021-06-01,238.486328125
2021-06-02,238.38990783691406
2021-06-03,236.85720825195312
2021-06-04,241.75416564941406
2021-06-07,244.66534423828125
2021-06-08,243.4700164794922
2021-06-09,244.45327758789062
2021-06-10,247.97177124023438
2021-06-11,248.59837341308594
2021-06-14,250.52630615234375
2021-06-15,249.05137634277344
2021-06-16,248.10671997070312
2021-06-17,251.49993896484375
2021-06-18,250.0828399658203
2021-06-21,253.16757202148438
2021-06-22,255.94383239746094
2021-06-23,255.71249389648438
2021-06-24,257.081298828125
2021-06-25,255.47142028808594
2021-06-28,259.0381774902344
2021-06-29,261.62164306640625
2021-06-30,261.13958740234375
2021-07-01,261.81439208984375
2021-07-02,267.6464538574219
2021-07-06,267.65606689453125
2021-07-07,269.84423828125
2021-07-08,267.4246520996094
2021-07-09,267.9259033203125
2021-07-12,267.3282470703125
2021-07-13,270.8564453125
2021-07-14,272.3313903808594
2021-07-15,270.9046936035156
2021-07-16,270.6346740722656
2021-07-19,267.0295104980469
2021-07-20,269.25628662109375
2021-07-21,271.26129150390625
2021-07-22,275.8305358886719
2021-07-23,279.23333740234375
2021-07-26,278.63568115234375
2021-07-27,276.21612548828125
2021-07-28,275.9076232910156
2021-07-29,276.177490234375
2021-07-30,274.6448669433594
2021-08-02,274.55810546875
2021-08-03,276.77520751953125
2021-08-04,276.1872253417969
2021-08-05,279.0886535644531
2021-08-06,279.0308837890625
2021-08-09,277.941650390625
2021-08-10,276.1197509765625
2021-08-11,276.6112976074219
2021-08-12,279.3682556152344
2021-08-13,282.2987365722656
2021-08-16,283.9857177734375
2021-08-17,282.5204772949219
2021-08-18,280.7916564941406
2021-08-19,286.6252136230469
2021-08-20,293.95574951171875
2021-08-23,294.2358093261719
2021-08-24,292.27520751953125
2021-08-25,291.6861267089844
2021-08-26,288.86590576171875
2021-08-27,289.4743347167969
2021-08-30,293.2120361328125
2021-08-31,291.560546875
2021-09-01,291.5121765136719
2021-09-02,290.85540771484375
2021-09-03,290.8458557128906
2021-09-07,289.91864013671875
2021-09-08,289.94757080078125
2021-09-09,287.0887451171875
2021-09-10,285.6014099121094
2021-09-13,286.8376770019531
2021-09-14,289.5419006347656
2021-09-15,294.4000244140625
2021-09-16,294.78631591796875
2021-09-17,289.6192626953125
2021-09-20,284.2396240234375
2021-09-21,284.7225036621094
2021-09-22,288.3732604980469
2021-09-23,289.3198547363281
2021-09-24,289.1170349121094
2021-09-27,284.1141052246094
2021-09-28,273.828125
2021-09-29,274.29168701171875
2021-09-30,272.282958984375
2021-10-01,279.21734619140625
2021-10-04,273.43212890625
2021-10-05,278.8890075683594
2021-10-06,283.09027099609375
2021-10-07,284.7708435058594
2021-10-08,284.7708435058594
2021-10-11,284.1719970703125
2021-10-12,282.86822509765625
2021-10-13,286.180908203125
2021-10-14,292.4007568359375
2021-10-15,293.8108215332031
2021-10-18,296.78564453125
2021-10-19,297.6934509277344
2021-10-20,296.9014587402344
2021-10-21,300.1369323730469
2021-10-22,298.5917053222656
2021-10-25,297.5969543457031
2021-10-26,299.5091857910156
2021-10-27,312.12274169921875
2021-10-28,313.2624206542969
2021-10-29,320.28387451171875
2021-11-01,318.11083984375
2021-11-02,321.7423095703125
2021-11-03,322.5824890136719
2021-11-04,324.9390869140625
2021-11-05,324.5721130371094
2021-11-08,325.4703369140625
2021-11-09,324.46588134765625
2021-11-10,319.491943359375
2021-11-11,321.0661315917969
2021-11-12,325.2095947265625
2021-11-15,324.5818176269531
2021-11-16,327.9041748046875
2021-11-17,328.126708984375
2021-11-18,330.20703125
2021-11-19,331.98736572265625
2021-11-22,328.8136901855469
2021-11-23,326.7333679199219
2021-11-24,326.9559326171875
2021-11-26,318.9927062988281
2021-11-29,325.71746826171875
2021-11-30,319.8731994628906
2021-12-01,319.3797302246094
2021-12-02,318.80889892578125
2021-12-03,312.5390319824219
2021-12-06,315.61590576171875
2021-12-07,324.0628662109375
2021-12-08,324.1112976074219
2021-12-09,322.3019104003906
2021-12-10,331.4358825683594
2021-12-13,328.3975830078125
2021-12-14,317.6961669921875
2021-12-15,323.8016357421875
2021-12-16,314.3677062988281
2021-12-17,313.3033752441406
2021-12-20,309.5394592285156
2021-12-21,316.6802062988281
2021-12-22,322.398681640625
2021-12-23,323.84039306640625
2021-12-27,331.34869384765625
2021-12-28,330.1876525878906
2021-12-29,330.86492919921875
2021-12-30,328.3203125
2021-12-31,325.4175109863281
2022-01-03,323.89837646484375
2022-01-04,318.344482421875
2022-01-05,306.1238708496094
2022-01-06,303.7049865722656
2022-01-07,303.8597717285156
2022-01-10,304.0822448730469
2022-01-11,304.7693176269531
2022-01-12,307.9526062011719
2022-01-13,294.9192810058594
2022-01-14,300.144287109375
2022-01-18,292.8389587402344
2022-01-19,293.49688720703125
2022-01-20,291.8229675292969
2022-01-21,286.4335632324219
2022-01-24,286.7625427246094
2022-01-25,279.13800048828125
2022-01-26,287.091552734375
2022-01-27,290.12005615234375
2022-01-28,298.2670593261719
2022-01-31,300.89898681640625
2022-02-01,298.7508544921875
2022-02-02,303.2985534667969
2022-02-03,291.4843444824219
2022-02-04,296.02239990234375
2022-02-07,291.1940612792969
2022-02-08,294.6871032714844
2022-02-09,301.1214599609375
2022-02-10,292.5777587890625
2022-02-11,285.4756774902344
2022-02-14,285.43695068359375
2022-02-15,290.72967529296875
2022-02-16,290.3902282714844
2022-02-17,281.8870544433594
2022-02-18,279.17218017578125
2022-02-22,278.9686584472656
2022-02-23,271.74517822265625
2022-02-24,285.62969970703125
2022-02-25,288.26690673828125
2022-02-28,289.7018127441406
2022-03-01,285.9786376953125
2022-03-02,291.0592956542969
2022-03-03,286.919189453125
2022-03-04,281.0434875488281
2022-03-07,270.42657470703125
2022-03-08,267.4596862792969
2022-03-09,279.7248840332031
2022-03-10,276.90338134765625
2022-03-11,271.5512390136719
2022-03-14,268.0317077636719
2022-03-15,278.4159240722656
2022-03-16,285.4356994628906
2022-03-17,286.2405090332031
2022-03-18,291.2919921875
2022-03-21,290.0606384277344
2022-03-22,294.8116149902344
2022-03-23,290.3805847167969
2022-03-24,294.8503723144531
2022-03-25,294.44317626953125
2022-03-28,301.2496032714844
2022-03-29,305.8163757324219
2022-03-30,304.3134765625
2022-03-31,298.93231201171875
2022-04-01,300.008544921875
2022-04-04,305.3897399902344
2022-04-05,301.4241027832031
2022-04-06,290.3902282714844
2022-04-07,292.203369140625
2022-04-08,287.9372253417969
2022-04-11,276.5834655761719
2022-04-12,273.4807434082031
2022-04-13,278.8716125488281
2022-04-14,271.3185729980469
2022-04-18,271.98760986328125
2022-04-19,276.6221923828125
2022-04-20,277.64990234375
2022-04-21,272.26873779296875
2022-04-22,265.69500732421875
2022-04-25,272.1815490722656
2022-04-26,262.0008850097656
2022-04-27,274.60546875
2022-04-28,280.8205261230469
2022-04-29,269.0788269042969
2022-05-02,275.81744384765625
2022-05-03,273.2091979980469
2022-05-04,281.159912109375
2022-05-05,268.9140319824219
2022-05-06,266.3736877441406
2022-05-09,256.5324401855469
2022-05-10,261.3027038574219
2022-05-11,252.625
2022-05-12,247.58319091796875
2022-05-13,253.1776580810547
2022-05-16,253.54612731933594
2022-05-17,258.7043151855469
2022-05-18,246.92556762695312
2022-05-19,246.0120391845703
2022-05-20,245.4483642578125
2022-05-23,253.31057739257812
2022-05-24,252.30960083007812
2022-05-25,255.1279754638672
2022-05-26,258.4127197265625
2022-05-27,265.5459899902344
2022-05-31,264.2146301269531
2022-06-01,264.7491455078125
2022-06-02,266.8482971191406
2022-06-03,262.4167175292969
2022-06-06,261.1825256347656
2022-06-07,264.8268737792969
2022-06-08,262.79583740234375
2022-06-09,257.333984375
2022-06-10,245.86627197265625
2022-06-13,235.43841552734375
2022-06-14,237.6056365966797
2022-06-15,244.67091369628906
2022-06-16,238.0720977783203
2022-06-17,240.67665100097656
2022-06-21,246.5951690673828
2022-06-22,246.00233459472656
2022-06-23,251.57098388671875
2022-06-24,260.1620788574219
2022-06-27,257.4311828613281
2022-06-28,249.2579803466797
2022-06-29,252.93157958984375
2022-06-30,249.59811401367188
2022-07-01,252.27069091796875
2022-07-05,255.4486541748047
2022-07-06,258.7139587402344
2022-07-07,260.84234619140625
2022-07-08,260.12322998046875
2022-07-11,257.0618896484375
2022-07-12,246.52711486816406
2022-07-13,245.6038360595703
2022-07-14,246.92556762695312
2022-07-15,249.49124145507812
2022-07-18,247.09078979492188
2022-07-19,252.22210693359375
2022-07-20,254.88499450683594
2022-07-21,257.3825988769531
2022-07-22,253.02870178222656
2022-07-25,251.5418243408203
2022-07-26,244.8069610595703
2022-07-27,261.1727294921875
2022-07-28,268.6268005371094
2022-07-29,272.8348388671875
2022-08-01,270.1817626953125
2022-08-02,267.08160400390625
2022-08-03,274.51617431640625
2022-08-04,275.66290283203125
2022-08-05,274.9438171386719
2022-08-08,272.42669677734375
2022-08-09,274.3509521484375
2022-08-10,281.01788330078125
2022-08-11,278.9381103515625
2022-08-12,283.69036865234375
2022-08-15,285.2064514160156
2022-08-16,284.46783447265625
2022-08-17,283.7179260253906
2022-08-18,282.5979309082031
2022-08-19,278.6828308105469
2022-08-22,270.50201416015625
2022-08-23,269.22625732421875
2022-08-24,268.59320068359375
2022-08-25,271.57330322265625
2022-08-26,261.09405517578125
2022-08-29,258.3087158203125
2022-08-30,256.1076965332031
2022-08-31,254.64686584472656
2022-09-01,253.6047821044922
2022-09-02,249.3780059814453
2022-09-06,246.641357421875
2022-09-07,251.35507202148438
2022-09-08,251.77381896972656
2022-09-09,257.558837890625
2022-09-12,259.69171142578125
2022-09-13,245.41424560546875
2022-09-14,245.6382598876953
2022-09-15,238.97674560546875
2022-09-16,238.3534393310547
2022-09-19,238.13916015625
2022-09-20,236.12319946289062
2022-09-21,232.7145233154297
2022-09-22,234.69154357910156
2022-09-23,231.71141052246094
2022-09-26,231.253662109375
2022-09-27,230.2407989501953
2022-09-28,234.7792205810547
2022-09-29,231.30238342285156
2022-09-30,226.82240295410156
2022-10-03,234.4578399658203
2022-10-04,242.38540649414062
2022-10-05,242.69705200195312
2022-10-06,240.3499298095703
2022-10-07,228.12742614746094
2022-10-10,223.26763916015625
2022-10-11,219.52786254882812
2022-10-12,219.85897827148438
2022-10-13,228.12742614746094
2022-10-14,222.59564208984375
2022-10-17,231.3315887451172
2022-10-18,232.27626037597656
2022-10-19,230.30899047851562
2022-10-20,229.987548828125
2022-10-21,235.8018035888672
2022-10-24,240.7979278564453
2022-10-25,244.11895751953125
2022-10-26,225.28363037109375
2022-10-27,220.8328857421875
2022-10-28,229.7148895263672
2022-10-31,226.07249450683594
2022-11-01,222.21583557128906
2022-11-02,214.3564453125
2022-11-03,208.6591033935547
2022-11-04,215.61277770996094
2022-11-07,221.9236602783203
2022-11-08,222.89756774902344
2022-11-09,218.6513214111328
2022-11-10,236.6393585205078
2022-11-11,240.66159057617188
2022-11-14,235.24668884277344
2022-11-15,235.65570068359375
2022-11-16,236.08543395996094
2022-11-17,236.03660583496094
2022-11-18,235.58734130859375
2022-11-21,236.39797973632812
2022-11-22,239.30836486816406
2022-11-23,241.79884338378906
2022-11-25,241.71096801757812
2022-11-28,236.11473083496094
2022-11-29,234.7181396484375
2022-11-30,249.18231201171875
2022-12-01,248.74281311035156
2022-12-02,249.06509399414062
2022-12-05,244.357666015625
2022-12-06,239.39627075195312
2022-12-07,238.66378784179688
2022-12-08,241.62303161621094
2022-12-09,239.6892852783203
2022-12-12,246.61370849609375
2022-12-13,250.92074584960938
2022-12-14,251.21376037597656
2022-12-15,243.19544982910156
2022-12-16,238.976318359375
2022-12-19,234.83531188964844
2022-12-20,236.15380859375
2022-12-21,238.72239685058594
2022-12-22,232.62811279296875
2022-12-23,233.15548706054688
2022-12-27,231.42681884765625
2022-12-28,229.05355834960938
2022-12-29,235.38226318359375
2022-12-30,234.22006225585938
2023-01-03,233.98565673828125
2023-01-04,223.7503662109375
2023-01-05,217.11891174316406
2023-01-06,219.67770385742188
2023-01-09,221.81661987304688
2023-01-10,223.50619506835938
2023-01-11,230.26461791992188
2023-01-12,232.9406280517578
2023-01-13,233.64378356933594
2023-01-17,234.73764038085938
2023-01-18,230.3036651611328
2023-01-19,226.51425170898438
2023-01-20,234.61068725585938
2023-01-23,236.91558837890625
2023-01-24,236.38819885253906
2023-01-25,234.99156188964844
2023-01-26,242.20904541015625
2023-01-27,242.3653106689453
2023-01-30,237.04254150390625
2023-01-31,242.02346801757812
2023-02-01,246.8480987548828
2023-02-02,258.42144775390625
2023-02-03,252.31735229492188
2023-02-06,250.77423095703125
2023-02-07,261.31231689453125
2023-02-08,260.50164794921875
2023-02-09,257.4643249511719
2023-02-10,256.9564514160156
2023-02-13,264.9844970703125
2023-02-14,265.81463623046875
2023-02-15,263.69000244140625
2023-02-16,256.669921875
2023-02-17,252.66542053222656
2023-02-21,247.3880615234375
2023-02-22,246.25233459472656
2023-02-23,249.4441680908203
2023-02-24,244.01019287109375
2023-02-27,244.93052673339844
2023-02-28,244.2060089111328
2023-03-01,241.12185668945312
2023-03-02,245.86068725585938
2023-03-03,249.9532928466797
2023-03-06,251.5002899169922
2023-03-07,248.83712768554688
2023-03-08,248.39651489257812
2023-03-09,247.04541015625
2023-03-10,243.39337158203125
2023-03-13,248.6119384765625
2023-03-14,255.33837890625
2023-03-15,259.89111328125
2023-03-16,270.4262390136719
2023-03-17,273.5886535644531
2023-03-20,266.5391540527344
2023-03-21,268.0567932128906
2023-03-22,266.5978698730469
2023-03-23,271.855712890625
2023-03-24,274.7048645019531
2023-03-27,270.6024169921875
2023-03-28,269.4764709472656
2023-03-29,274.6461486816406
2023-03-30,278.1120300292969
2023-03-31,282.27325439453125
2023-04-03,281.22564697265625
2023-04-04,281.1766662597656
2023-04-05,278.39605712890625
2023-04-06,285.5043029785156
2023-04-10,283.3404235839844
2023-04-11,276.9176025390625
2023-04-12,277.5637512207031
2023-04-13,283.781005859375
2023-04-14,280.1583251953125
2023-04-17,282.7627258300781
2023-04-18,282.341796875
2023-04-19,282.4201354980469
2023-04-20,280.1289978027344
2023-04-21,279.7863464355469
2023-04-24,275.8797302246094
2023-04-25,269.66253662109375
2023-04-26,289.1954345703125
2023-04-27,298.45770263671875
2023-04-28,300.8368835449219
2023-05-01,299.17242431640625
2023-05-02,299.0255126953125
2023-05-03,298.03668212890625
2023-05-04,299.0255126953125
2023-05-05,304.156005859375
2023-05-08,302.19781494140625
2023-05-09,300.5823059082031
2023-05-10,305.7813720703125
2023-05-11,303.6272888183594
2023-05-12,302.5111389160156
2023-05-15,302.99090576171875
2023-05-16,305.2232360839844
2023-05-17,308.10809326171875
2023-05-18,312.543212890625
2023-05-19,312.36663818359375
2023-05-22,315.1533508300781
2023-05-23,309.34442138671875
2023-05-24,307.9609069824219
2023-05-25,319.8044128417969
2023-05-26,326.64361572265625
2023-05-30,324.9951477050781
2023-05-31,322.2280578613281
2023-06-01,326.3394775390625
2023-06-02,329.10650634765625
2023-06-05,329.6363525390625
2023-06-06,327.4187927246094
2023-06-07,317.3120422363281
2023-06-08,319.15679931640625
2023-06-09,320.65814208984375
2023-06-12,325.6231384277344
2023-06-13,328.0173645019531
2023-06-14,331.0101623535156
2023-06-15,341.5682678222656
2023-06-16,335.906494140625
2023-06-20,331.7068176269531
2023-06-21,327.30108642578125
2023-06-22,333.3356628417969
2023-06-23,328.733642578125
2023-06-26,322.4341735839844
2023-06-27,328.2921142578125
2023-06-28,329.548095703125
2023-06-29,328.76312255859375
2023-06-30,334.15008544921875
2023-07-03,331.6479187011719
2023-07-05,331.804931640625
2023-07-06,334.86639404296875
2023-07-07,330.89239501953125
2023-07-10,325.60345458984375
2023-07-11,326.2314453125
2023-07-12,330.8727722167969
2023-07-13,336.2303466796875
2023-07-14,338.7618713378906
2023-07-17,339.2427062988281
2023-07-18,352.7445068359375
2023-07-19,348.417236328125
2023-07-20,340.3612976074219
2023-07-21,337.3194580078125
2023-07-24,338.63427734375
2023-07-25,344.3941345214844
2023-07-26,331.4320373535156
2023-07-27,324.51434326171875
2023-07-28,332.0207824707031
2023-07-31,329.6168212890625
2023-08-01,330.0289001464844
2023-08-02,321.3547668457031
2023-08-03,320.530517578125
2023-08-04,321.6294860839844
2023-08-07,323.91583251953125
2023-08-08,319.9319763183594
2023-08-09,316.18365478515625
2023-08-10,316.8704833984375
2023-08-11,314.986572265625
2023-08-14,317.95965576171875
2023-08-15,315.82061767578125
2023-08-16,315.0535888671875
2023-08-17,311.5923767089844
2023-08-18,311.19903564453125
2023-08-21,316.5089111328125
2023-08-22,317.0792236328125
2023-08-23,321.54345703125
2023-08-24,314.6307678222656
2023-08-25,317.590576171875
2023-08-28,318.298583984375
2023-08-29,322.929931640625
2023-08-30,323.3035888671875
2023-08-31,322.2908020019531
2023-09-01,323.17584228515625
2023-09-05,327.98419189453125
2023-09-06,327.325439453125
2023-09-07,324.40496826171875
2023-09-08,328.69219970703125
2023-09-11,332.30096435546875
2023-09-12,326.23382568359375
2023-09-13,330.45233154296875
2023-09-14,333.0482177734375
2023-09-15,324.709716796875
2023-09-18,323.5691223144531
2023-09-19,323.1658935546875
2023-09-20,315.4174499511719
2023-09-21,314.1981506347656
2023-09-22,311.7201843261719
2023-09-25,312.2413635253906
2023-09-26,306.9314880371094
2023-09-27,307.57061767578125
2023-09-28,308.4064636230469
2023-09-29,310.4811706542969
2023-10-02,316.43023681640625
2023-10-03,308.1606140136719
2023-10-04,313.6376647949219
2023-10-05,314.03094482421875
2023-10-06,321.79913330078125
2023-10-09,324.31640625
2023-10-10,322.9102783203125
2023-10-11,326.873046875
2023-10-12,325.6340637207031
2023-10-13,322.2613525390625
2023-10-16,327.08941650390625
2023-10-17,326.51904296875
2023-10-18,324.6015930175781
2023-10-19,325.7914123535156
2023-10-20,321.2190246582031
2023-10-23,323.82476806640625
2023-10-24,325.01458740234375
2023-10-25,334.9854431152344
2023-10-26,322.4186706542969
2023-10-27,324.3066101074219
2023-10-30,331.68145751953125
2023-10-31,332.4681091308594
2023-11-01,340.2952575683594
2023-11-02,342.50775146484375
2023-11-03,346.9129638671875
2023-11-06,350.5807189941406
2023-11-07,354.5140380859375
2023-11-08,357.1393737792969
2023-11-09,354.6712951660156
2023-11-10,363.5014343261719
2023-11-13,360.56134033203125
2023-11-14,364.0914306640625
2023-11-15,364.2392272949219
2023-11-16,370.6437683105469
2023-11-17,364.4165954589844
2023-11-20,371.8951110839844
2023-11-21,367.5893249511719
2023-11-22,372.2991027832031
2023-11-24,371.8852233886719
2023-11-27,373.0478820800781
2023-11-28,377.07781982421875
2023-11-29,373.28436279296875
2023-11-30,373.343505859375
2023-12-01,369.0081787109375
2023-12-04,363.7170715332031
2023-12-05,367.04736328125
2023-12-06,363.38201904296875
2023-12-07,365.5004577636719
2023-12-08,368.73223876953125
2023-12-11,365.8453063964844
2023-12-12,368.8800354003906
2023-12-13,368.8702087402344
2023-12-14,360.55419921875
2023-12-15,365.2836608886719
2023-12-18,367.1754455566406
2023-12-19,367.7765197753906
2023-12-20,365.1753234863281
2023-12-21,368.0523681640625
2023-12-22,369.0771179199219
2023-12-26,369.15594482421875
2023-12-27,368.5746154785156
2023-12-28,369.766845703125
2023-12-29,370.51568603515625
2024-01-02,365.42156982421875
2024-01-03,365.1556091308594
2024-01-04,362.53466796875
2024-01-05,362.3474426269531
2024-01-08,369.18548583984375
2024-01-09,370.2693786621094
2024-01-10,377.1467590332031
2024-01-11,378.9794616699219
2024-01-12,382.7630310058594
2024-01-16,384.53662109375
2024-01-17,383.7483825683594
2024-01-18,388.0837097167969
2024-01-19,392.813232421875
2024-01-22,390.6849365234375
2024-01-23,393.0398254394531
2024-01-24,396.64599609375
2024-01-25,398.922119140625
2024-01-26,397.99591064453125
2024-01-29,403.7008972167969
2024-01-30,402.58746337890625
2024-01-31,391.73919677734375
2024-02-01,397.8481140136719
2024-02-02,405.1788330078125
2024-02-05,399.690673828125
2024-02-06,399.53302001953125
2024-02-07,407.96722412109375
2024-02-08,408.0263977050781
2024-02-09,414.37176513671875
2024-02-12,409.1595153808594
2024-02-13,400.350830078125
2024-02-14,404.22039794921875
2024-02-15,401.32806396484375
2024-02-16,398.8602600097656
2024-02-20,397.60662841796875
2024-02-21,397.0044250488281
2024-02-22,406.35260009765625
2024-02-23,405.0594177246094
2024-02-26,402.2955322265625
2024-02-27,402.2362976074219
2024-02-28,402.4731750488281
2024-02-29,408.3170471191406
2024-03-01,410.15301513671875
2024-03-04,409.5805358886719
2024-03-05,397.4684143066406
2024-03-06,396.91558837890625
2024-03-07,403.8749084472656
2024-03-08,400.99249267578125
2024-03-11,399.3143310546875
2024-03-12,409.9358825683594
2024-03-13,409.7581481933594
2024-03-14,419.74798583984375
2024-03-15,411.0611877441406
2024-03-18,411.9496154785156
2024-03-19,415.98699951171875
2024-03-20,419.7578125
2024-03-21,423.8445129394531
2024-03-22,423.22265625
2024-03-25,417.4183044433594
2024-03-26,416.2238464355469
2024-03-27,416.0067443847656
2024-03-28,415.3058776855469
2024-04-01,419.1063537597656
2024-04-02,416.0166320800781
2024-04-03,415.0393371582031
2024-04-04,412.5024108886719
2024-04-05,420.0440979003906
2024-04-08,419.1260986328125
2024-04-09,420.7943115234375
2024-04-10,417.8132019042969
2024-04-11,422.4230651855469
2024-04-12,416.4706726074219
2024-04-15,408.3170471191406
2024-04-16,409.244873046875
2024-04-17,406.5401611328125
2024-04-18,399.0675354003906
2024-04-19,393.9838562011719
2024-04-22,395.8001403808594
2024-04-23,402.32513427734375
2024-04-24,403.79595947265625
2024-04-25,393.90484619140625
2024-04-26,401.0912170410156
2024-04-29,397.0735778808594
2024-04-30,384.3197937011719
2024-05-01,389.8576354980469
2024-05-02,392.72027587890625
2024-05-03,401.4267883300781
2024-05-06,408.21826171875
2024-05-07,404.07232666015625
2024-05-08,405.25689697265625
2024-05-09,407.01397705078125
2024-05-10,409.4028015136719
2024-05-13,408.39593505859375
2024-05-14,411.19940185546875
2024-05-15,418.3887939453125
2024-05-16,416.32196044921875
2024-05-17,415.5506591796875
2024-05-20,420.62371826171875
2024-05-21,424.28271484375
2024-05-22,425.7463073730469
2024-05-23,422.2653503417969
2024-05-24,425.3902893066406
2024-05-28,425.54852294921875
2024-05-29,424.4112548828125
2024-05-30,410.0720520019531
2024-05-31,410.5269470214844
2024-06-03,408.934814453125
2024-06-04,411.4565124511719
2024-06-05,419.3085021972656
2024-06-06,419.81280517578125
2024-06-07,419.1502685546875
2024-06-10,423.12567138671875
2024-06-11,427.8822937011719
2024-06-12,436.16943359375
2024-06-13,436.6836853027344
2024-06-14,437.6627197265625
2024-06-17,443.39837646484375
2024-06-18,441.390869140625
2024-06-20,440.75799560546875
2024-06-21,444.7927551269531
2024-06-24,442.7061462402344
2024-06-25,445.94976806640625
2024-06-26,447.1463928222656
2024-06-27,447.8287353515625
2024-06-28,441.9941101074219
2024-07-01,451.66571044921875
2024-07-02,454.1874084472656
2024-07-03,455.660888671875
2024-07-05,462.3755798339844
2024-07-08,461.07025146484375
2024-07-09,454.44451904296875
2024-07-10,461.08013916015625
2024-07-11,449.6581726074219
2024-07-12,448.5209045410156
2024-07-15,448.9263916015625
2024-07-16,444.53564453125
2024-07-17,438.6021423339844
2024-07-18,435.487060546875
2024-07-19,432.26324462890625
2024-07-22,438.0285949707031
2024-07-23,439.9173889160156
2024-07-24,424.1442565917969
2024-07-25,413.7607116699219
2024-07-26,420.55450439453125
2024-07-29,421.9983215332031
2024-07-30,418.2305603027344
2024-07-31,413.71124267578125
2024-08-01,412.4849853515625
2024-08-02,403.9605712890625
2024-08-05,390.7684631347656
2024-08-06,395.1790466308594
2024-08-07,394.01214599609375
2024-08-08,398.2248840332031
2024-08-09,401.5179138183594
2024-08-12,402.2991943359375
2024-08-13,409.4193420410156
2024-08-14,412.2377624511719
2024-08-15,417.1119689941406
2024-08-16,414.5758056640625
2024-08-19,417.6073303222656
2024-08-20,420.8468933105469
2024-08-21,420.19305419921875
2024-08-22,411.6829528808594
2024-08-23,412.9114074707031
2024-08-26,409.64215087890625
2024-08-27,409.9889221191406
2024-08-28,406.77899169921875
2024-08-29,409.27557373046875
2024-08-30,413.2581787109375
2024-09-03,405.6298522949219
2024-09-04,405.0948791503906
2024-09-05,404.5896301269531
2024-09-06,397.9618835449219
2024-09-09,401.9444274902344
2024-09-10,410.3455505371094
2024-09-11,419.1033020019531
2024-09-12,423.02642822265625
2024-09-13,426.5830383300781
2024-09-16,427.3260192871094
2024-09-17,431.1005859375
2024-09-18,426.8009948730469
2024-09-19,434.607666015625
2024-09-20,431.2194519042969
2024-09-23,429.4758605957031
2024-09-24,425.17620849609375
2024-09-25,428.0888977050781
2024-09-26,427.2962951660156
2024-09-27,424.0368957519531
2024-09-30,426.29571533203125
2024-10-01,416.775146484375
2024-10-02,413.248291015625
2024-10-03,412.663818359375
2024-10-04,412.188232421875
2024-10-07,405.7289123535156
2024-10-08,410.850830078125
2024-10-09,413.5751953125
2024-10-10,411.9702453613281
2024-10-11,412.44580078125
2024-10-14,415.2395935058594
2024-10-15,414.84326171875
2024-10-16,412.2476501464844
2024-10-17,412.84210205078125
2024-10-18,414.2686767578125
2024-10-21,414.8829040527344
2024-10-22,423.5317077636719
2024-10-23,420.6487731933594
2024-10-24,420.7775573730469
2024-10-25,424.1656799316406
2024-10-28,422.6202392578125
2024-10-29,427.9303894042969
2024-10-30,428.50494384765625
2024-10-31,402.5686340332031
2024-11-01,406.5511474609375
2024-11-04,404.6589660644531
2024-11-05,407.6310119628906
2024-11-06,416.2698669433594
2024-11-07,421.47100830078125
2024-11-08,418.6079406738281
2024-11-11,414.1200866699219
2024-11-12,419.0933532714844
2024-11-13,421.2431945800781
2024-11-14,422.91748046875
2024-11-15,411.1380920410156
2024-11-18,411.8910217285156
2024-11-19,413.90216064453125
2024-11-20,411.6235046386719
2024-11-21,409.8466491699219
2024-11-22,413.9464111328125
2024-11-25,415.7232971191406
2024-11-26,424.8559265136719
2024-11-27,419.89251708984375
2024-11-29,420.3591003417969
2024-12-02,427.8240661621094
2024-12-03,428.04241943359375
2024-12-04,434.2168884277344
2024-12-05,439.3787841796875
2024-12-06,440.32183837890625
2024-12-09,442.75384521484375
2024-12-10,440.0835876464844
2024-12-11,445.7021484375
2024-12-12,446.2679748535156
2024-12-13,443.9947204589844
2024-12-16,448.2830810546875
2024-12-17,451.1320495605469
2024-12-18,434.1871337890625
2024-12-19,433.8297119140625
2024-12-20,433.40289306640625
2024-12-23,432.0627746582031
2024-12-24,436.11285400390625
2024-12-26,434.9018249511719
2024-12-27,427.3773193359375
2024-12-30,421.71905517578125
2024-12-31,418.4134216308594
2025-01-02,415.51483154296875
2025-01-03,420.2499084472656
2025-01-06,424.7169494628906
2025-01-07,419.2770690917969
2025-01-08,421.4510498046875
2025-01-10,415.8821105957031
2025-01-13,414.135009765625
2025-01-14,412.62615966796875
2025-01-15,423.188232421875
2025-01-16,421.4708557128906
2025-01-17,425.8883361816406
2025-01-21,425.3622131347656
2025-01-22,442.9326171875
2025-01-23,443.4388122558594
2025-01-24,440.8082580566406
2025-01-27,431.3778076171875
2025-01-28,443.9252624511719
2025-01-29,439.09088134765625
2025-01-30,411.95111083984375
2025-01-31,412.0206298828125
2025-02-03,407.9109191894531
2025-02-04,409.3503112792969
2025-02-05,410.26361083984375
2025-02-06,412.7750549316406
2025-02-07,406.7494812011719
2025-02-10,409.201416015625
2025-02-11,408.4270935058594
2025-02-12,406.0447082519531
2025-02-13,407.5337219238281
2025-02-14,405.43914794921875
2025-02-18,406.64031982421875
2025-02-19,411.7327575683594
2025-02-20,413.91107177734375
2025-02-21,406.03326416015625
2025-02-24,401.8457336425781
2025-02-25,395.77825927734375
2025-02-26,397.5985412597656
2025-02-27,390.4368896484375
2025-02-28,394.87310791015625
2025-03-03,386.4184265136719
2025-03-04,386.53778076171875
2025-03-05,398.8816223144531
2025-03-06,394.773681640625
2025-03-07,391.2127380371094
2025-03-10,378.1328430175781
2025-03-11,378.4213562011719
2025-03-12,381.2262878417969
2025-03-13,376.750244140625
2025-03-14,386.4880676269531
2025-03-17,386.6273193359375
2025-03-18,381.4749450683594
2025-03-19,385.75201416015625
2025-03-20,384.7772521972656
2025-03-21,389.1736755371094
2025-03-24,390.98394775390625
2025-03-25,393.0528869628906
2025-03-26,387.89056396484375
2025-03-27,388.4972839355469
2025-03-28,376.78009033203125
2025-03-31,373.3883056640625
2025-04-01,380.1520080566406
2025-04-02,380.1023254394531
2025-04-03,371.12042236328125
2025-04-04,357.92120361328125
2025-04-07,355.9517822265625
2025-04-08,352.66937255859375
2025-04-09,388.40777587890625
2025-04-10,379.3165283203125
2025-04-11,386.378662109375
2025-04-14,385.7420654296875
2025-04-15,383.6731872558594
2025-04-16,369.6284484863281
2025-04-17,365.8188781738281
2025-04-21,357.2050476074219
2025-04-22,364.864013671875
2025-04-23,372.3936462402344
2025-04-24,385.2347717285156
2025-04-25,389.7605285644531
2025-04-28,389.07421875
2025-04-29,391.9388732910156
2025-04-30,393.15234375
2025-05-01,423.1316223144531
2025-05-02,432.9589538574219
2025-05-05,433.8442077636719
2025-05-06,430.99945068359375
2025-05-07,431.03924560546875
2025-05-08,435.83355712890625
2025-05-09,436.3905334472656
2025-05-12,446.8644104003906
2025-05-13,446.74505615234375
2025-05-14,450.5247802734375
2025-05-15,451.54119873046875
2025-05-16,452.6772155761719
2025-05-19,457.26104736328125
2025-05-20,456.56353759765625
2025-05-21,450.983154296875
2025-05-22,453.26513671875
2025-05-23,448.6015625
2025-05-27,459.0746765136719
2025-05-28,455.7563781738281
2025-05-29,457.0717468261719
2025-05-30,458.7458190917969
2025-06-02,460.3502197265625
2025-06-03,461.3467102050781
2025-06-04,462.2435302734375
2025-06-05,466.0401611328125
2025-06-06,468.730712890625
2025-06-09,471.0924072265625
2025-06-10,469.2688293457031
2025-06-11,470.9628601074219
2025-06-12,477.1909484863281
2025-06-13,473.2946472167969
2025-06-16,477.46002197265625
2025-06-17,476.3638610839844
2025-06-18,478.5561218261719
2025-06-20,475.7261047363281
2025-06-23,484.2959289550781
2025-06-24,488.3915100097656
2025-06-25,490.5439453125
2025-06-26,495.705810546875
2025-06-27,494.20111083984375
2025-06-30,495.66595458984375
2025-07-01,490.3247375488281
2025-07-02,489.36810302734375
2025-07-03,497.0909423828125
2025-07-07,495.974853515625
2025-07-08,494.8786926269531
2025-07-09,501.74456787109375
2025-07-10,499.7216796875
2025-07-11,501.55523681640625
2025-07-14,501.2562561035156
2025-07-15,504.04644775390625
2025-07-16,503.8471374511719
2025-07-17,509.9058532714844
2025-07-18,508.2616271972656
2025-07-21,508.2715759277344
2025-07-22,503.4983825683594
2025-07-23,504.0962829589844
2025-07-24,509.0887145996094
2025-07-25,511.9088439941406
2025-07-28,510.7030334472656
2025-07-29,510.7727966308594
2025-07-30,511.4404296875
2025-07-31,531.62939453125
2025-08-01,522.2723388671875
2025-08-04,533.7619018554688
2025-08-05,525.8995361328125
2025-08-06,523.0994262695312
2025-08-07,519.0138549804688
2025-08-08,520.2095947265625
2025-08-11,519.9405517578125
2025-08-12,527.3843383789062
2025-08-13,518.7547607421875
2025-08-14,520.6480102539062
2025-08-15,518.3461303710938
2025-08-18,515.286865234375
2025-08-19,507.98260498046875
2025-08-20,503.9468078613281
2025-08-21,503.2980041503906
2025-08-22,506.2824401855469
2025-08-25,503.3179931640625
2025-08-26,501.1021423339844
2025-08-27,505.7933349609375
2025-08-28,508.68792724609375
2025-08-29,505.7434387207031
2025-09-02,504.1763610839844
2025-09-03,504.40594482421875
2025-09-04,507.02105712890625
2025-09-05,494.0752868652344
2025-09-08,497.2693176269531
2025-09-09,497.4789123535156
2025-09-10,499.43524169921875
2025-09-11,500.0740661621094
2025-09-12,508.94744873046875
2025-09-15,514.397216796875
2025-09-16,508.08905029296875
2025-09-17,509.06719970703125
2025-09-18,507.5001525878906
2025-09-19,516.96240234375
2025-09-22,513.4889526367188
2025-09-23,508.2787170410156
2025-09-24,509.19696044921875
2025-09-25,506.0827941894531
2025-09-26,510.5045166015625
2025-09-29,513.6386108398438
2025-09-30,516.982421875
2025-10-01,518.7391357421875
2025-10-02,514.7765502929688
2025-10-03,516.3834838867188
2025-10-06,527.5825805664062
2025-10-07,523.0010986328125
2025-10-08,523.8695068359375
2025-10-09,521.4241333007812
2025-10-10,510.0054626464844
2025-10-13,513.0896606445312
2025-10-14,512.610595703125
2025-10-15,512.4708251953125
2025-10-16,510.65423583984375
2025-10-17,512.62060546875
2025-10-20,515.8245239257812
2025-10-21,516.6929321289062
2025-10-22,519.5675659179688
2025-10-23,519.5875244140625
2025-10-24,522.6318359375
2025-10-27,530.527099609375
2025-10-28,541.057373046875
2025-10-29,540.538330078125
2025-10-30,524.77783203125
2025-10-31,516.8426513671875
2025-11-03,516.0641479492188
2025-11-04,513.3692016601562
2025-11-05,506.2125549316406
2025-11-06,496.1713562011719
2025-11-07,495.8918762207031
2025-11-10,505.0547180175781
2025-11-11,507.7297058105469
2025-11-12,510.1851501464844
2025-11-13,502.34979248046875
2025-11-14,509.2268981933594
2025-11-17,506.54193115234375
2025-11-18,492.8675537109375
2025-11-19,486.2099914550781
2025-11-20,478.42999267578125
2025-11-21,472.1199951171875
2025-11-24,474.0
2025-11-25,476.989990234375
2025-11-26,485.5
2025-11-28,492.010009765625
2025-12-01,486.739990234375
2025-12-02,490.0
2025-12-03,477.7300109863281
2025-12-04,480.8399963378906
