date,close
2010-12-09,2.729285955429077
2010-12-10,2.780428886413574
2010-12-13,2.625714063644409
2010-12-14,2.549285888671875
2010-12-15,2.549999952316284
2010-12-16,2.5950000286102295
2010-12-17,2.571713924407959
2010-12-20,2.5435709953308105
2010-12-21,2.6605710983276367
2010-12-22,2.6478569507598877
2010-12-23,2.636857032775879
2010-12-27,2.571571111679077
2010-12-28,2.623857021331787
2010-12-29,2.5752859115600586
2010-12-30,2.568571090698242
2010-12-31,2.509999990463257
2011-01-03,2.5487139225006104
2011-01-04,2.5910000801086426
2011-01-05,2.567570924758911
2011-01-06,2.5427141189575195
2011-01-07,2.561429023742676
2011-01-10,2.684000015258789
2011-01-11,2.666429042816162
2011-01-12,2.698570966720581
2011-01-13,2.7355709075927734
2011-01-14,2.735429048538208
2011-01-18,2.7668569087982178
2011-01-19,2.7267138957977295
2011-01-20,2.642857074737549
2011-01-21,2.601285934448242
2011-01-24,2.628000020980835
2011-01-25,2.6677141189575195
2011-01-26,2.6147139072418213
2011-01-27,3.0124289989471436
2011-01-28,3.114000082015991
2011-01-31,3.05828595161438
2011-02-01,3.041429042816162
2011-02-02,3.0179998874664307
2011-02-03,3.0212860107421875
2011-02-04,3.143857002258301
2011-02-07,3.1145710945129395
2011-02-08,3.1089999675750732
2011-02-09,3.1755709648132324
2011-02-10,3.188570976257324
2011-02-11,3.3010001182556152
2011-02-14,3.536428928375244
2011-02-15,3.439857006072998
2011-02-16,3.3959999084472656
2011-02-17,3.366142988204956
2011-02-18,3.364428997039795
2011-02-22,3.1657140254974365
2011-02-23,3.0171430110931396
2011-02-24,3.0739998817443848
2011-02-25,3.0348570346832275
2011-02-28,2.9524290561676025
2011-03-01,2.923285961151123
2011-03-02,2.9175710678100586
2011-03-03,2.9052860736846924
2011-03-04,3.0102860927581787
2011-03-07,2.9628570079803467
2011-03-08,2.7921431064605713
2011-03-09,2.756999969482422
2011-03-10,2.857429027557373
2011-03-11,2.921999931335449
2011-03-14,2.874285936355591
2011-03-15,3.1015710830688477
2011-03-16,3.054857015609741
2011-03-17,3.0557138919830322
2011-03-18,2.991429090499878
2011-03-21,3.0405709743499756
2011-03-22,3.1627140045166016
2011-03-23,3.2722859382629395
2011-03-24,3.2732861042022705
2011-03-25,3.2858569622039795
2011-03-28,3.3902859687805176
2011-03-29,3.3911430835723877
2011-03-30,3.3992860317230225
2011-03-31,3.3968570232391357
2011-04-01,3.4584290981292725
2011-04-04,3.496000051498413
2011-04-05,3.489000082015991
2011-04-06,3.42814302444458
2011-04-07,3.3422861099243164
2011-04-08,3.3551430702209473
2011-04-11,3.2594289779663086
2011-04-12,3.3417139053344727
2011-04-13,3.4107139110565186
2011-04-14,3.381856918334961
2011-04-15,3.364142894744873
2011-04-18,3.3332860469818115
2011-04-19,3.450714111328125
2011-04-20,3.4918570518493652
2011-04-21,3.6031429767608643
2011-04-25,3.5952858924865723
2011-04-26,3.2701430320739746
2011-04-27,3.370857000350952
2011-04-28,3.3481431007385254
2011-04-29,3.323857069015503
2011-05-02,3.3884289264678955
2011-05-03,3.303428888320923
2011-05-04,3.2741429805755615
2011-05-05,3.2901430130004883
2011-05-06,3.2781429290771484
2011-05-09,3.377285957336426
2011-05-10,3.394714117050171
2011-05-11,3.438143014907837
2011-05-12,3.510999917984009
2011-05-13,3.521713972091675
2011-05-16,3.38700008392334
2011-05-17,3.384856939315796
2011-05-18,3.4648571014404297
2011-05-19,3.4675710201263428
2011-05-20,3.512856960296631
2011-05-23,3.54042911529541
2011-05-24,3.5371429920196533
2011-05-25,3.706713914871216
2011-05-26,3.767857074737549
2011-05-27,3.7787139415740967
2011-05-31,3.8685710430145264
2011-06-01,3.818000078201294
2011-06-02,3.8814289569854736
2011-06-03,3.9100000858306885
2011-06-06,3.751286029815674
2011-06-07,3.7669999599456787
2011-06-08,3.7465710639953613
2011-06-09,3.750999927520752
2011-06-10,3.694571018218994
2011-06-13,3.6745710372924805
2011-06-14,3.73042893409729
2011-06-15,3.673142910003662
2011-06-16,3.561429023742676
2011-06-17,3.509571075439453
2011-06-20,3.509000062942505
2011-06-21,3.6235709190368652
2011-06-22,3.55228590965271
2011-06-23,3.6531429290771484
2011-06-24,3.6708569526672363
2011-06-27,3.7160000801086426
2011-06-28,3.7869999408721924
2011-06-29,3.7848570346832275
2011-06-30,3.752713918685913
2011-07-01,3.8284289836883545
2011-07-05,4.137570858001709
2011-07-06,4.156570911407471
2011-07-07,4.17742919921875
2011-07-08,4.2162861824035645
2011-07-11,4.15342903137207
2011-07-12,4.160999774932861
2011-07-13,4.267570972442627
2011-07-14,4.094571113586426
2011-07-15,4.098999977111816
2011-07-18,3.9857139587402344
2011-07-19,4.104143142700195
2011-07-20,4.019999980926514
2011-07-21,3.94014310836792
2011-07-22,3.9511430263519287
2011-07-25,4.021856784820557
2011-07-26,3.812999963760376
2011-07-27,3.8488569259643555
2011-07-28,3.808856964111328
2011-07-29,3.7998569011688232
2011-08-01,3.762571096420288
2011-08-02,3.674285888671875
2011-08-03,3.7142860889434814
2011-08-04,3.510999917984009
2011-08-05,3.4444289207458496
2011-08-08,3.2377140522003174
2011-08-09,3.3971428871154785
2011-08-10,3.3202860355377197
2011-08-11,3.4732859134674072
2011-08-12,3.4857139587402344
2011-08-15,3.5182859897613525
2011-08-16,3.4148569107055664
2011-08-17,3.317713975906372
2011-08-18,3.1068570613861084
2011-08-19,2.9315710067749023
2011-08-22,2.9315710067749023
2011-08-23,3.1362860202789307
2011-08-24,3.0861430168151855
2011-08-25,3.0832860469818115
2011-08-26,3.1698570251464844
2011-08-29,3.2148571014404297
2011-08-30,3.3754289150238037
2011-08-31,3.357285976409912
2011-09-01,3.3324289321899414
2011-09-02,3.044429063796997
2011-09-06,3.125286102294922
2011-09-07,3.085714101791382
2011-09-08,3.0171430110931396
2011-09-09,2.9138569831848145
2011-09-12,3.000714063644409
2011-09-13,2.982142925262451
2011-09-14,2.9815709590911865
2011-09-15,2.4178569316864014
2011-09-16,2.2170000076293945
2011-09-19,2.0535709857940674
2011-09-20,1.857571005821228
2011-09-21,1.8357139825820923
2011-09-22,1.8361430168151855
2011-09-23,1.8480000495910645
2011-09-26,1.8888570070266724
2011-09-27,1.8212859630584717
2011-09-28,1.8162859678268433
2011-09-29,1.6169999837875366
2011-09-30,1.6181429624557495
2011-10-03,1.6178569793701172
2011-10-04,1.6414289474487305
2011-10-05,1.7108570337295532
2011-10-06,1.760571002960205
2011-10-07,1.6744290590286255
2011-10-10,1.5945709943771362
2011-10-11,1.5522860288619995
2011-10-12,1.623142957687378
2011-10-13,1.6715710163116455
2011-10-14,1.6577140092849731
2011-10-17,1.6761430501937866
2011-10-18,1.5962860584259033
2011-10-19,1.563143014907837
2011-10-20,1.5925710201263428
2011-10-21,1.6720000505447388
2011-10-24,1.6977139711380005
2011-10-25,1.1052860021591187
2011-10-26,1.1342860460281372
2011-10-27,1.1551430225372314
2011-10-28,1.2020000219345093
2011-10-31,1.1725709438323975
2011-11-01,1.144142985343933
2011-11-02,1.1912859678268433
2011-11-03,1.3184289932250977
2011-11-04,1.2860000133514404
2011-11-07,1.2975709438323975
2011-11-08,1.292428970336914
2011-11-09,1.2578569650650024
2011-11-10,1.215999960899353
2011-11-11,1.2535710334777832
2011-11-14,1.2245709896087646
2011-11-15,1.232571005821228
2011-11-16,1.1597139835357666
2011-11-17,1.0922859907150269
2011-11-18,1.1151429414749146
2011-11-21,1.0638569593429565
2011-11-22,1.0064289569854736
2011-11-23,0.9785709977149963
2011-11-25,0.9122859835624695
2011-11-28,0.9992859959602356
2011-11-29,0.9652860164642334
2011-11-30,0.9218569993972778
2011-12-01,0.9595710039138794
2011-12-02,0.9481430053710938
2011-12-05,1.0017139911651611
2011-12-06,0.9734290242195129
2011-12-07,1.027999997138977
2011-12-08,0.9917140007019043
2011-12-09,1.0127140283584595
2011-12-12,1.0751429796218872
2011-12-13,1.0301430225372314
2011-12-14,1.0148570537567139
2011-12-15,0.9959999918937683
2011-12-16,0.9974290132522583
2011-12-19,0.9592859745025635
2011-12-20,1.0199999809265137
2011-12-21,1.0138570070266724
2011-12-22,1.0548570156097412
2011-12-23,1.0374289751052856
2011-12-27,1.0085710287094116
2011-12-28,0.9885709881782532
2011-12-29,0.9900000095367432
2011-12-30,0.989857017993927
2012-01-03,1.031999945640564
2012-01-04,1.1492860317230225
2012-01-05,1.1328569650650024
2012-01-06,1.232714056968689
2012-01-09,1.4025709629058838
2012-01-10,1.36899995803833
2012-01-11,1.3164290189743042
2012-01-12,1.3164290189743042
2012-01-13,1.3482860326766968
2012-01-17,1.3531429767608643
2012-01-18,1.4077140092849731
2012-01-19,1.4780000448226929
2012-01-20,1.4320000410079956
2012-01-23,1.3422859907150269
2012-01-24,1.3238569498062134
2012-01-25,1.357714056968689
2012-01-26,1.6572860479354858
2012-01-27,1.7684290409088135
2012-01-30,1.7918570041656494
2012-01-31,1.7171430587768555
2012-02-01,1.7567139863967896
2012-02-02,1.7714289426803589
2012-02-03,1.806143045425415
2012-02-06,1.8464289903640747
2012-02-07,1.8268569707870483
2012-02-08,1.7714289426803589
2012-02-09,1.7834290266036987
2012-02-10,1.770429015159607
2012-02-13,1.690000057220459
2012-02-14,1.7581429481506348
2012-02-15,1.7437139749526978
2012-02-16,1.7415709495544434
2012-02-17,1.7407139539718628
2012-02-21,1.6771429777145386
2012-02-22,1.605713963508606
2012-02-23,1.6141430139541626
2012-02-24,1.5952860116958618
2012-02-27,1.562999963760376
2012-02-28,1.6188570261001587
2012-02-29,1.5818569660186768
2012-03-01,1.6107139587402344
2012-03-02,1.644286036491394
2012-03-05,1.5829999446868896
2012-03-06,1.5304290056228638
2012-03-07,1.5027140378952026
2012-03-08,1.5438569784164429
2012-03-09,1.559000015258789
2012-03-12,1.5171430110931396
2012-03-13,1.519286036491394
2012-03-14,1.5035710334777832
2012-03-15,1.5738569498062134
2012-03-16,1.570857048034668
2012-03-19,1.6332859992980957
2012-03-20,1.6431430578231812
2012-03-21,1.7157139778137207
2012-03-22,1.6961430311203003
2012-03-23,1.7170000076293945
2012-03-26,1.7427140474319458
2012-03-27,1.723857045173645
2012-03-28,1.6972860097885132
2012-03-29,1.6435710191726685
2012-03-30,1.6434290409088135
2012-04-02,1.6281429529190063
2012-04-03,1.6137139797210693
2012-04-04,1.5751429796218872
2012-04-05,1.5785709619522095
2012-04-09,1.5240000486373901
2012-04-10,1.4559999704360962
2012-04-11,1.4258569478988647
2012-04-12,1.489428997039795
2012-04-13,1.488142967224121
2012-04-16,1.4450000524520874
2012-04-17,1.5288569927215576
2012-04-18,1.527999997138977
2012-04-19,1.5298570394515991
2012-04-20,1.5158569812774658
2012-04-23,1.4548569917678833
2012-04-24,1.2525709867477417
2012-04-25,1.2335710525512695
2012-04-26,1.2152860164642334
2012-04-27,1.1962859630584717
2012-04-30,1.1448570489883423
2012-05-01,1.1622860431671143
2012-05-02,1.1747139692306519
2012-05-03,1.085286021232605
2012-05-04,1.0448570251464844
2012-05-07,1.0492860078811646
2012-05-08,1.039857029914856
2012-05-09,1.0621429681777954
2012-05-10,1.0345710515975952
2012-05-11,1.1054290533065796
2012-05-14,1.0994290113449097
2012-05-15,1.1068569421768188
2012-05-16,1.059999942779541
2012-05-17,1.028143048286438
2012-05-18,0.9994289875030518
2012-05-21,1.0248570442199707
2012-05-22,0.9672859907150269
2012-05-23,1.0272860527038574
2012-05-24,1.0038570165634155
2012-05-25,1.0031429529190063
2012-05-29,0.9919999837875366
2012-05-30,0.9620000123977661
2012-05-31,0.9062860012054443
2012-06-01,0.8992859721183777
2012-06-04,0.9285709857940674
2012-06-05,0.9261429905891418
2012-06-06,0.9411429762840271
2012-06-07,0.923429012298584
2012-06-08,0.9377139806747437
2012-06-11,0.8999999761581421
2012-06-12,0.9002860188484192
2012-06-13,0.8975710272789001
2012-06-14,0.8951429724693298
2012-06-15,0.939857006072998
2012-06-18,0.9532859921455383
2012-06-19,0.9975709915161133
2012-06-20,0.9737139940261841
2012-06-21,0.9405710101127625
2012-06-22,0.9694290161132812
2012-06-25,0.9575710296630859
2012-06-26,0.9542859792709351
2012-06-27,0.9498569965362549
2012-06-28,0.9622859954833984
2012-06-29,0.9784290194511414
2012-07-02,0.9692860245704651
2012-07-03,1.02914297580719
2012-07-05,1.167428970336914
2012-07-06,1.1698570251464844
2012-07-09,1.1855709552764893
2012-07-10,1.1461429595947266
2012-07-11,1.1662859916687012
2012-07-12,1.2138570547103882
2012-07-13,1.2128570079803467
2012-07-16,1.1854289770126343
2012-07-17,1.1682859659194946
2012-07-18,1.1610000133514404
2012-07-19,1.1874289512634277
2012-07-20,1.1688569784164429
2012-07-23,1.1419999599456787
2012-07-24,1.148429036140442
2012-07-25,0.8611429929733276
2012-07-26,0.814428985118866
2012-07-27,0.8417140245437622
2012-07-30,0.824999988079071
2012-07-31,0.8121430277824402
2012-08-01,0.7785710096359253
2012-08-02,0.7695710062980652
2012-08-03,0.7701429724693298
2012-08-06,0.8112859725952148
2012-08-07,0.8271430134773254
2012-08-08,0.8257139921188354
2012-08-09,0.8272860050201416
2012-08-10,0.8557140231132507
2012-08-13,0.8558570146560669
2012-08-14,0.882286012172699
2012-08-15,0.9037140011787415
2012-08-16,0.9187139868736267
2012-08-17,0.9098569750785828
2012-08-20,0.91771399974823
2012-08-21,0.9371430277824402
2012-08-22,0.9342859983444214
2012-08-23,0.9150000214576721
2012-08-24,0.9022859930992126
2012-08-27,0.8912860155105591
2012-08-28,0.8992859721183777
2012-08-29,0.9062860012054443
2012-08-30,0.8640000224113464
2012-08-31,0.8531429767608643
2012-09-04,0.7990000247955322
2012-09-05,0.7851430177688599
2012-09-06,0.8092859983444214
2012-09-07,0.8094289898872375
2012-09-10,0.7988569736480713
2012-09-11,0.8165709972381592
2012-09-12,0.8172860145568848
2012-09-13,0.8285710215568542
2012-09-14,0.8645709753036499
2012-09-17,0.8145710229873657
2012-09-18,0.8008570075035095
2012-09-19,0.814857006072998
2012-09-20,0.8391429781913757
2012-09-21,0.8255710005760193
2012-09-24,0.8055710196495056
2012-09-25,0.7685710191726685
2012-09-26,0.7875710129737854
2012-09-27,0.7935709953308105
2012-09-28,0.7777140140533447
2012-10-01,0.8007140159606934
2012-10-02,0.8065710067749023
2012-10-03,0.8939999938011169
2012-10-04,0.9524289965629578
2012-10-05,0.9508569836616516
2012-10-08,1.050286054611206
2012-10-09,0.9361429810523987
2012-10-10,0.9357140064239502
2012-10-11,0.9425709843635559
2012-10-12,0.9190000295639038
2012-10-15,0.9251430034637451
2012-10-16,0.9435709714889526
2012-10-17,0.9788569808006287
2012-10-18,0.9622859954833984
2012-10-19,0.9282860159873962
2012-10-22,0.9697139859199524
2012-10-23,0.9745709896087646
2012-10-24,0.8588569760322571
2012-10-25,0.8787140250205994
2012-10-26,0.9940000176429749
2012-10-31,1.1319999694824219
2012-11-01,1.1098569631576538
2012-11-02,1.0985709428787231
2012-11-05,1.1177140474319458
2012-11-06,1.090999960899353
2012-11-07,1.1097140312194824
2012-11-08,1.085286021232605
2012-11-09,1.1128569841384888
2012-11-12,1.1169999837875366
2012-11-13,1.1372859477996826
2012-11-14,1.139714002609253
2012-11-15,1.1640000343322754
2012-11-16,1.1557140350341797
2012-11-19,1.1622860431671143
2012-11-20,1.1771429777145386
2012-11-21,1.1857140064239502
2012-11-23,1.184999942779541
2012-11-26,1.172286033630371
2012-11-27,1.186856985092163
2012-11-28,1.1747139692306519
2012-11-29,1.1625709533691406
2012-11-30,1.1672860383987427
2012-12-03,1.0857139825820923
2012-12-04,1.2378569841384888
2012-12-05,1.190999984741211
2012-12-06,1.2309999465942383
2012-12-07,1.2282860279083252
2012-12-10,1.2114289999008179
2012-12-11,1.229714035987854
2012-12-12,1.2961430549621582
2012-12-13,1.3222860097885132
2012-12-14,1.3328570127487183
2012-12-17,1.352856993675232
2012-12-18,1.366286039352417
2012-12-19,1.3425710201263428
2012-12-20,1.3357139825820923
2012-12-21,1.3048570156097412
2012-12-24,1.2890000343322754
2012-12-26,1.2949999570846558
2012-12-27,1.292857050895691
2012-12-28,1.276142954826355
2012-12-31,1.3227139711380005
2013-01-02,1.3144290447235107
2013-01-03,1.3798569440841675
2013-01-04,1.3711429834365845
2013-01-07,1.4171429872512817
2013-01-08,1.3880000114440918
2013-01-09,1.3701430559158325
2013-01-10,1.399999976158142
2013-01-11,1.4470000267028809
2013-01-14,1.477856993675232
2013-01-15,1.452713966369629
2013-01-16,1.392570972442627
2013-01-17,1.3957140445709229
2013-01-18,1.4167139530181885
2013-01-22,1.397286057472229
2013-01-23,1.4751429557800293
2013-01-24,2.0980000495910645
2013-01-25,2.422286033630371
2013-01-28,2.31585693359375
2013-01-29,2.4159998893737793
2013-01-30,2.395714044570923
2013-01-31,2.3605709075927734
2013-02-01,2.354285955429077
2013-02-04,2.496285915374756
2013-02-05,2.491286039352417
2013-02-06,2.6344289779663086
2013-02-07,2.59942889213562
2013-02-08,2.5852859020233154
2013-02-11,2.541285991668701
2013-02-12,2.5421431064605713
2013-02-13,2.6610000133514404
2013-02-14,2.677143096923828
2013-02-15,2.7072858810424805
2013-02-19,2.806428909301758
2013-02-20,2.673142910003662
2013-02-21,2.6735711097717285
2013-02-22,2.5694289207458496
2013-02-25,2.561713933944702
2013-02-26,2.629857063293457
2013-02-27,2.6331429481506348
2013-02-28,2.686856985092163
2013-03-01,2.7052860260009766
2013-03-04,2.5887138843536377
2013-03-05,2.5961430072784424
2013-03-06,2.613429069519043
2013-03-07,2.5937139987945557
2013-03-08,2.63857102394104
2013-03-11,2.57785701751709
2013-03-12,2.6015710830688477
2013-03-13,2.747999906539917
2013-03-14,2.690999984741211
2013-03-15,2.640713930130005
2013-03-18,2.6512858867645264
2013-03-19,2.5910000801086426
2013-03-20,2.615000009536743
2013-03-21,2.5998570919036865
2013-03-22,2.5899999141693115
2013-03-25,2.582714080810547
2013-03-26,2.7230000495910645
2013-03-27,2.7177140712738037
2013-03-28,2.7039999961853027
2013-04-01,2.606142997741699
2013-04-02,2.5241429805755615
2013-04-03,2.4248569011688232
2013-04-04,2.3812859058380127
2013-04-05,2.3522861003875732
2013-04-08,2.3294289112091064
2013-04-09,2.419429063796997
2013-04-10,2.3724288940429688
2013-04-11,2.4715709686279297
2013-04-12,2.4742860794067383
2013-04-15,2.5214290618896484
2013-04-16,2.5121428966522217
2013-04-17,2.419429063796997
2013-04-18,2.3402860164642334
2013-04-19,2.3338570594787598
2013-04-22,2.490999937057495
2013-04-23,3.0998570919036865
2013-04-24,3.0959999561309814
2013-04-25,3.0535709857940674
2013-04-26,3.0792860984802246
2013-04-29,3.071571111679077
2013-04-30,3.086714029312134
2013-05-01,3.0415709018707275
2013-05-02,3.064142942428589
2013-05-03,3.049285888671875
2013-05-06,3.009856939315796
2013-05-07,2.9464290142059326
2013-05-08,2.9801430702209473
2013-05-09,3.091571092605591
2013-05-10,3.1098570823669434
2013-05-13,3.2768568992614746
2013-05-14,3.3424289226531982
2013-05-15,3.4771430492401123
2013-05-16,3.3861429691314697
2013-05-17,3.414285898208618
2013-05-20,3.42214298248291
2013-05-21,3.38700008392334
2013-05-22,3.2651429176330566
2013-05-23,3.231142997741699
2013-05-24,3.267714023590088
2013-05-28,3.05985689163208
2013-05-29,3.0762860774993896
2013-05-30,3.180856943130493
2013-05-31,3.232142925262451
2013-06-03,3.1710000038146973
2013-06-04,3.2187139987945557
2013-06-05,3.1922860145568848
2013-06-06,3.1105709075927734
2013-06-07,3.1459999084472656
2013-06-10,3.1561429500579834
2013-06-11,3.063714027404785
2013-06-12,2.9662859439849854
2013-06-13,3.0769999027252197
2013-06-14,3.056999921798706
2013-06-17,3.2747139930725098
2013-06-18,3.2690000534057617
2013-06-19,3.318713903427124
2013-06-20,3.193142890930176
2013-06-21,3.0985710620880127
2013-06-24,3.0799999237060547
2013-06-25,3.041429042816162
2013-06-26,3.0299999713897705
2013-06-27,3.071000099182129
2013-06-28,3.015571117401123
2013-07-01,3.2039999961853027
2013-07-02,3.1637139320373535
2013-07-03,3.1558570861816406
2013-07-05,3.2157139778137207
2013-07-08,3.3299999237060547
2013-07-09,3.5339999198913574
2013-07-10,3.4831430912017822
2013-07-11,3.488142967224121
2013-07-12,3.675143003463745
2013-07-15,3.685429096221924
2013-07-16,3.7211430072784424
2013-07-17,3.8274290561676025
2013-07-18,3.805856943130493
2013-07-19,3.7797141075134277
2013-07-22,3.742285966873169
2013-07-23,3.5751430988311768
2013-07-24,3.447143077850342
2013-07-25,3.5248570442199707
2013-07-26,3.51871395111084
2013-07-29,3.4994289875030518
2013-07-30,3.482285976409912
2013-07-31,3.4925711154937744
2013-08-01,3.558856964111328
2013-08-02,3.5168569087982178
2013-08-05,3.626286029815674
2013-08-06,3.6557140350341797
2013-08-07,3.560142993927002
2013-08-08,3.5771429538726807
2013-08-09,3.6107139587402344
2013-08-12,3.6657140254974365
2013-08-13,3.702713966369629
2013-08-14,3.740143060684204
2013-08-15,3.620142936706543
2013-08-16,3.6981430053710938
2013-08-19,3.7111430168151855
2013-08-20,3.9041430950164795
2013-08-21,3.862428903579712
2013-08-22,3.8535709381103516
2013-08-23,3.9765710830688477
2013-08-26,4.0388569831848145
2013-08-27,3.9434289932250977
2013-08-28,4.047999858856201
2013-08-29,4.112143039703369
2013-08-30,4.055857181549072
2013-09-03,4.128571033477783
2013-09-04,4.177570819854736
2013-09-05,4.215857028961182
2013-09-06,4.164856910705566
2013-09-09,4.20214319229126
2013-09-10,4.472286224365234
2013-09-11,4.404285907745361
2013-09-12,4.305857181549072
2013-09-13,4.366428852081299
2013-09-16,4.316571235656738
2013-09-17,4.279285907745361
2013-09-18,4.384571075439453
2013-09-19,4.364285945892334
2013-09-20,4.483285903930664
2013-09-23,4.314857006072998
2013-09-24,4.378428936004639
2013-09-25,4.38771390914917
2013-09-26,4.4787139892578125
2013-09-27,4.462856769561768
2013-09-30,4.417285919189453
2013-10-01,4.637429237365723
2013-10-02,4.7247138023376465
2013-10-03,4.5960001945495605
2013-10-04,4.675142765045166
2013-10-07,4.545143127441406
2013-10-08,4.318857192993164
2013-10-09,4.120429039001465
2013-10-10,4.342713832855225
2013-10-11,4.29785680770874
2013-10-14,4.633714199066162
2013-10-15,4.595571041107178
2013-10-16,4.612570762634277
2013-10-17,4.715713977813721
2013-10-18,4.764286041259766
2013-10-21,5.071286201477051
2013-10-22,4.607429027557373
2013-10-23,4.717713832855225
2013-10-24,4.731713771820068
2013-10-25,4.686142921447754
2013-10-28,4.485713958740234
2013-10-29,4.675714015960693
2013-10-30,4.544857025146484
2013-10-31,4.606856822967529
2013-11-01,4.703856945037842
2013-11-04,4.822856903076172
2013-11-05,4.878571033477783
2013-11-06,4.794713973999023
2013-11-07,4.669428825378418
2013-11-08,4.784286022186279
2013-11-11,4.8272857666015625
2013-11-12,4.767570972442627
2013-11-13,4.7897138595581055
2013-11-14,4.893857002258301
2013-11-15,4.996571063995361
2013-11-18,4.882429122924805
2013-11-19,4.818428993225098
2013-11-20,4.85028600692749
2013-11-21,4.978570938110352
2013-11-22,4.96928596496582
2013-11-25,5.003428936004639
2013-11-26,5.074285984039307
2013-11-27,5.178429126739502
2013-11-29,5.225714206695557
2013-12-02,5.198856830596924
2013-12-03,5.18485689163208
2013-12-04,5.089570999145508
2013-12-05,5.115142822265625
2013-12-06,5.06342887878418
2013-12-09,5.080999851226807
2013-12-10,5.187142848968506
2013-12-11,5.199714183807373
2013-12-12,5.333285808563232
2013-12-13,5.270999908447266
2013-12-16,5.232999801635742
2013-12-17,5.355286121368408
2013-12-18,5.374856948852539
2013-12-19,5.381999969482422
2013-12-20,5.366714000701904
2013-12-23,5.436857223510742
2013-12-24,5.405570983886719
2013-12-26,5.384714126586914
2013-12-27,5.25
2013-12-30,5.242713928222656
2013-12-31,5.259571075439453
2014-01-02,5.183143138885498
2014-01-03,5.187142848968506
2014-01-06,5.136713981628418
2014-01-07,4.849999904632568
2014-01-08,4.871285915374756
2014-01-09,4.815000057220459
2014-01-10,4.744856834411621
2014-01-13,4.81157112121582
2014-01-14,4.828000068664551
2014-01-15,4.719714164733887
2014-01-16,4.738286018371582
2014-01-17,4.71485710144043
2014-01-21,4.695857048034668
2014-01-22,4.767570972442627
2014-01-23,5.55314302444458
2014-01-24,5.5154290199279785
2014-01-27,5.44614315032959
2014-01-28,5.810999870300293
2014-01-29,5.720285892486572
2014-01-30,5.781000137329102
2014-01-31,5.847570896148682
2014-02-03,5.776856899261475
2014-02-04,5.7987141609191895
2014-02-05,5.777429103851318
2014-02-06,5.8272857666015625
2014-02-07,6.142570972442627
2014-02-10,6.149143218994141
2014-02-11,6.199857234954834
2014-02-12,6.127571105957031
2014-02-13,6.236429214477539
2014-02-14,6.22157096862793
2014-02-18,6.240714073181152
2014-02-19,6.117570877075195
2014-02-20,6.213571071624756
2014-02-21,6.174714088439941
2014-02-24,6.385714054107666
2014-02-25,6.471857070922852
2014-02-26,6.411285877227783
2014-02-27,6.4604291915893555
2014-02-28,6.366143226623535
2014-03-03,6.365571022033691
2014-03-04,6.499713897705078
2014-03-05,6.478570938110352
2014-03-06,6.435856819152832
2014-03-07,6.405285835266113
2014-03-10,6.284999847412109
2014-03-11,6.249713897705078
2014-03-12,6.236856937408447
2014-03-13,6.14371395111084
2014-03-14,6.064143180847168
2014-03-17,6.0388569831848145
2014-03-18,6.003571033477783
2014-03-19,6.001286029815674
2014-03-20,6.060999870300293
2014-03-21,5.799857139587402
2014-03-24,5.4128570556640625
2014-03-25,5.2977142333984375
2014-03-26,5.318285942077637
2014-03-27,5.202570915222168
2014-03-28,5.12671422958374
2014-03-31,5.0289998054504395
2014-04-01,5.209856986999512
2014-04-02,5.184000015258789
2014-04-03,5.066999912261963
2014-04-04,4.818714141845703
2014-04-07,4.82857084274292
2014-04-08,4.984142780303955
2014-04-09,5.043285846710205
2014-04-10,4.781857013702393
2014-04-11,4.667285919189453
2014-04-14,4.736856937408447
2014-04-15,4.660999774932861
2014-04-16,4.734428882598877
2014-04-17,4.939143180847168
2014-04-21,4.978428840637207
2014-04-22,5.32714319229126
2014-04-23,5.050000190734863
2014-04-24,4.915286064147949
2014-04-25,4.601142883300781
2014-04-28,4.488714218139648
2014-04-29,4.569571018218994
2014-04-30,4.600571155548096
2014-05-01,4.80742883682251
2014-05-02,4.866428852081299
2014-05-05,4.919713973999023
2014-05-06,4.659856796264648
2014-05-07,4.579143047332764
2014-05-08,4.595142841339111
2014-05-09,4.693571090698242
2014-05-12,4.934999942779541
2014-05-13,4.959143161773682
2014-05-14,5.026856899261475
2014-05-15,4.916999816894531
2014-05-16,4.99828577041626
2014-05-19,5.2071428298950195
2014-05-20,5.309570789337158
2014-05-21,5.579999923706055
2014-05-22,5.597143173217773
2014-05-23,5.747857093811035
2014-05-27,5.697286128997803
2014-05-28,5.73199987411499
2014-05-29,5.931428909301758
2014-05-30,5.968999862670898
2014-06-02,6.029428958892822
2014-06-03,5.965285778045654
2014-06-04,6.045856952667236
2014-06-05,6.119286060333252
2014-06-06,6.144713878631592
2014-06-09,6.044143199920654
2014-06-10,6.118429183959961
2014-06-11,6.142857074737549
2014-06-12,6.034999847412109
2014-06-13,6.110143184661865
2014-06-16,6.146571159362793
2014-06-17,6.337856769561768
2014-06-18,6.409714221954346
2014-06-19,6.30557107925415
2014-06-20,6.288286209106445
2014-06-23,6.278857231140137
2014-06-24,6.2337141036987305
2014-06-25,6.3458571434021
2014-06-26,6.280142784118652
2014-06-27,6.315429210662842
2014-06-30,6.294285774230957
2014-07-01,6.758571147918701
2014-07-02,6.6677141189575195
2014-07-03,6.747857093811035
2014-07-07,6.580286026000977
2014-07-08,6.3578572273254395
2014-07-09,6.32857084274292
2014-07-10,6.264999866485596
2014-07-11,6.28514289855957
2014-07-14,6.465428829193115
2014-07-15,6.415571212768555
2014-07-16,6.349143028259277
2014-07-17,6.276570796966553
2014-07-18,6.345285892486572
2014-07-21,6.4564290046691895
2014-07-22,6.158429145812988
2014-07-23,6.112856864929199
2014-07-24,6.076857089996338
2014-07-25,6.026570796966553
2014-07-28,6.066571235656738
2014-07-29,6.061142921447754
2014-07-30,6.205142974853516
2014-07-31,6.0388569831848145
2014-08-01,6.07714319229126
2014-08-04,6.038570880889893
2014-08-05,6.040713787078857
2014-08-06,6.1471428871154785
2014-08-07,6.42385721206665
2014-08-08,6.369286060333252
2014-08-11,6.450571060180664
2014-08-12,6.377285957336426
2014-08-13,6.4504289627075195
2014-08-14,6.440999984741211
2014-08-15,6.558428764343262
2014-08-18,6.6571431159973145
2014-08-19,6.687857151031494
2014-08-20,6.745571136474609
2014-08-21,6.743570804595947
2014-08-22,6.845571041107178
2014-08-25,6.870429039001465
2014-08-26,6.8480000495910645
2014-08-27,6.781428813934326
2014-08-28,6.7887139320373535
2014-08-29,6.823429107666016
2014-09-02,6.808570861816406
2014-09-03,6.819857120513916
2014-09-04,6.752429008483887
2014-09-05,6.795429229736328
2014-09-08,6.847570896148682
2014-09-09,6.8429999351501465
2014-09-10,6.919857025146484
2014-09-11,6.879428863525391
2014-09-12,6.807857036590576
2014-09-15,6.539286136627197
2014-09-16,6.527286052703857
2014-09-17,6.4932861328125
2014-09-18,6.557285785675049
2014-09-19,6.535999774932861
2014-09-22,6.3254289627075195
2014-09-23,6.341429233551025
2014-09-24,6.43657112121582
2014-09-25,6.335570812225342
2014-09-26,6.410714149475098
2014-09-29,6.422286033630371
2014-09-30,6.445428848266602
2014-10-01,6.268570899963379
2014-10-02,6.428286075592041
2014-10-03,6.564857006072998
2014-10-06,6.621142864227295
2014-10-07,6.517857074737549
2014-10-08,6.669428825378418
2014-10-09,6.594571113586426
2014-10-10,6.458285808563232
2014-10-13,6.2654290199279785
2014-10-14,6.415999889373779
2014-10-15,6.408429145812988
2014-10-16,5.167142868041992
2014-10-17,5.101285934448242
2014-10-20,5.1317138671875
2014-10-21,5.228428840637207
2014-10-22,5.352142810821533
2014-10-23,5.4720001220703125
2014-10-24,5.500286102294922
2014-10-27,5.420000076293945
2014-10-28,5.517428874969482
2014-10-29,5.401429176330566
2014-10-30,5.414429187774658
2014-10-31,5.611000061035156
2014-11-03,5.5487141609191895
2014-11-04,5.468286037445068
2014-11-05,5.434000015258789
2014-11-06,5.475714206695557
2014-11-07,5.48799991607666
2014-11-10,5.532429218292236
2014-11-11,5.465000152587891
2014-11-12,5.4837141036987305
2014-11-13,5.420143127441406
2014-11-14,5.514856815338135
2014-11-17,5.444857120513916
2014-11-18,5.443285942077637
2014-11-19,5.187142848968506
2014-11-20,5.259142875671387
2014-11-21,5.146856784820557
2014-11-24,5.092429161071777
2014-11-25,4.985570907592773
2014-11-26,5.016571044921875
2014-11-28,4.9512858390808105
2014-12-01,4.882999897003174
2014-12-02,5.0329999923706055
2014-12-03,5.073143005371094
2014-12-04,5.008571147918701
2014-12-05,5.013143062591553
2014-12-08,4.8497138023376465
2014-12-09,4.911142826080322
2014-12-10,4.776000022888184
2014-12-11,4.780428886413574
2014-12-12,4.778285980224609
2014-12-15,4.671999931335449
2014-12-16,4.520571231842041
2014-12-17,4.7664289474487305
2014-12-18,4.777429103851318
2014-12-19,4.858857154846191
2014-12-22,4.809713840484619
2014-12-23,4.806142807006836
2014-12-24,4.887143135070801
2014-12-26,4.8578572273254395
2014-12-29,4.884714126586914
2014-12-30,4.903285980224609
2014-12-31,4.880143165588379
2015-01-02,4.984857082366943
2015-01-05,4.731142997741699
2015-01-06,4.650143146514893
2015-01-07,4.674285888671875
2015-01-08,4.7779998779296875
2015-01-09,4.704143047332764
2015-01-12,4.554714202880859
2015-01-13,4.625570774078369
2015-01-14,4.631999969482422
2015-01-15,4.625143051147461
2015-01-16,4.819142818450928
2015-01-20,4.9828572273254395
2015-01-21,5.846857070922852
2015-01-22,6.120571136474609
2015-01-23,6.249429225921631
2015-01-26,6.379428863525391
2015-01-27,6.488142967224121
2015-01-28,6.320857048034668
2015-01-29,6.340000152587891
2015-01-30,6.311429023742676
2015-02-02,6.301000118255615
2015-02-03,6.527429103851318
2015-02-04,6.41014289855957
2015-02-05,6.413000106811523
2015-02-06,6.3480000495910645
2015-02-09,6.329570770263672
2015-02-10,6.485000133514404
2015-02-11,6.498428821563721
2015-02-12,6.52471399307251
2015-02-13,6.658570766448975
2015-02-17,6.713714122772217
2015-02-18,6.786571025848389
2015-02-19,6.78000020980835
2015-02-20,6.8314290046691895
2015-02-23,6.740571022033691
2015-02-24,6.783999919891357
2015-02-25,6.833285808563232
2015-02-26,6.900428771972656
2015-02-27,6.78442907333374
2015-03-02,6.860713958740234
2015-03-03,6.781570911407471
2015-03-04,6.710999965667725
2015-03-05,6.680714130401611
2015-03-06,6.487429141998291
2015-03-09,6.366143226623535
2015-03-10,6.215143203735352
2015-03-11,6.288428783416748
2015-03-12,6.404571056365967
2015-03-13,6.262856960296631
2015-03-16,6.028142929077148
2015-03-17,5.978857040405273
2015-03-18,6.0445709228515625
2015-03-19,6.074429035186768
2015-03-20,6.118570804595947
2015-03-23,6.0714287757873535
2015-03-24,6.261143207550049
2015-03-25,6.025000095367432
2015-03-26,5.975142955780029
2015-03-27,5.925285816192627
2015-03-30,6.03671407699585
2015-03-31,5.952713966369629
2015-04-01,5.901713848114014
2015-04-02,5.91542911529541
2015-04-06,6.0329999923706055
2015-04-07,6.049428939819336
2015-04-08,6.304999828338623
2015-04-09,6.278571128845215
2015-04-10,6.493856906890869
2015-04-13,6.7811431884765625
2015-04-14,6.838714122772217
2015-04-15,6.792285919189453
2015-04-16,8.02928638458252
2015-04-17,8.164999961853027
2015-04-20,8.105570793151855
2015-04-21,8.006285667419434
2015-04-22,7.966856956481934
2015-04-23,7.986570835113525
2015-04-24,7.977142810821533
2015-04-27,8.086856842041016
2015-04-28,8.043713569641113
2015-04-29,8.040714263916016
2015-04-30,7.949999809265137
2015-05-01,7.957571029663086
2015-05-04,7.927143096923828
2015-05-05,8.079285621643066
2015-05-06,8.00771427154541
2015-05-07,8.074856758117676
2015-05-08,8.208571434020996
2015-05-11,8.427857398986816
2015-05-12,8.337714195251465
2015-05-13,8.287285804748535
2015-05-14,8.383570671081543
2015-05-15,8.760713577270508
2015-05-18,8.826713562011719
2015-05-19,8.806857109069824
2015-05-20,8.878999710083008
2015-05-21,8.900285720825195
2015-05-22,8.883856773376465
2015-05-26,8.799285888671875
2015-05-27,8.985713958740234
2015-05-28,8.950714111328125
2015-05-29,8.915143013000488
2015-06-01,8.900285720825195
2015-06-02,8.913000106811523
2015-06-03,8.880857467651367
2015-06-04,8.934857368469238
2015-06-05,9.045999526977539
2015-06-08,8.960429191589355
2015-06-09,9.244999885559082
2015-06-10,9.587142944335938
2015-06-11,9.509428977966309
2015-06-12,9.44185733795166
2015-06-15,9.343143463134766
2015-06-16,9.5272855758667
2015-06-17,9.427143096923828
2015-06-18,9.474286079406738
2015-06-19,9.3871431350708
2015-06-22,9.64142894744873
2015-06-23,9.73128604888916
2015-06-24,9.694429397583008
2015-06-25,9.489143371582031
2015-06-26,9.308856964111328
2015-06-29,9.223142623901367
2015-06-30,9.384857177734375
2015-07-01,9.363571166992188
2015-07-02,9.40442943572998
2015-07-06,9.45714282989502
2015-07-07,9.409143447875977
2015-07-08,9.350713729858398
2015-07-09,9.572713851928711
2015-07-10,9.722857475280762
2015-07-13,10.10871410369873
2015-07-14,10.037142753601074
2015-07-15,9.812999725341797
2015-07-16,11.581000328063965
2015-07-17,11.47700023651123
2015-07-20,11.055000305175781
2015-07-21,11.25100040435791
2015-07-22,11.149999618530273
2015-07-23,11.010000228881836
2015-07-24,10.934000015258789
2015-07-27,10.642999649047852
2015-07-28,10.6899995803833
2015-07-29,10.708000183105469
2015-07-30,11.156000137329102
2015-07-31,11.430999755859375
2015-08-03,11.255999565124512
2015-08-04,12.114999771118164
2015-08-05,12.371000289916992
2015-08-06,12.645000457763672
2015-08-07,12.35200023651123
2015-08-10,12.303000450134277
2015-08-11,12.27400016784668
2015-08-12,12.050999641418457
2015-08-13,12.373000144958496
2015-08-14,12.33899974822998
2015-08-17,12.53600025177002
2015-08-18,12.404999732971191
2015-08-19,12.206000328063965
2015-08-20,11.24899959564209
2015-08-21,10.395999908447266
2015-08-24,9.687999725341797
2015-08-25,10.152000427246094
2015-08-26,11.012999534606934
2015-08-27,11.765999794006348
2015-08-28,11.762999534606934
2015-08-31,11.503000259399414
2015-09-01,10.579000473022461
2015-09-02,10.543999671936035
2015-09-03,10.105999946594238
2015-09-04,9.878999710083008
2015-09-08,9.494999885559082
2015-09-09,9.918000221252441
2015-09-10,9.947999954223633
2015-09-11,9.75100040435791
2015-09-14,9.569000244140625
2015-09-15,9.916000366210938
2015-09-16,10.407999992370605
2015-09-17,10.420999526977539
2015-09-18,10.26200008392334
2015-09-21,10.029999732971191
2015-09-22,9.847000122070312
2015-09-23,9.807000160217285
2015-09-24,10.37600040435791
2015-09-25,10.223999977111816
2015-09-28,9.946999549865723
2015-09-29,9.835000038146973
2015-09-30,10.326000213623047
2015-10-01,10.597999572753906
2015-10-02,10.611000061035156
2015-10-05,11.125
2015-10-06,10.833000183105469
2015-10-07,10.8100004196167
2015-10-08,11.493000030517578
2015-10-09,11.333000183105469
2015-10-12,11.345000267028809
2015-10-13,10.972999572753906
2015-10-14,11.02299976348877
2015-10-15,10.109000205993652
2015-10-16,9.89900016784668
2015-10-19,10.168999671936035
2015-10-20,9.89900016784668
2015-10-21,9.795999526977539
2015-10-22,9.732000350952148
2015-10-23,10.003999710083008
2015-10-26,10.303999900817871
2015-10-27,10.307000160217285
2015-10-28,10.579999923706055
2015-10-29,10.51200008392334
2015-10-30,10.838000297546387
2015-11-02,10.763999938964844
2015-11-03,10.973999977111816
2015-11-04,11.404999732971191
2015-11-05,11.350000381469727
2015-11-06,11.406000137329102
2015-11-09,10.986000061035156
2015-11-10,11.270000457763672
2015-11-11,11.28600025177002
2015-11-12,10.892000198364258
2015-11-13,10.364999771118164
2015-11-16,11.135000228881836
2015-11-17,11.710000038146973
2015-11-18,12.062999725341797
2015-11-19,12.022000312805176
2015-11-20,12.383999824523926
2015-11-23,12.503000259399414
2015-11-24,12.331000328063965
2015-11-25,12.416000366210938
2015-11-27,12.543999671936035
2015-11-30,12.333000183105469
2015-12-01,12.536999702453613
2015-12-02,12.892999649047852
2015-12-03,12.680999755859375
2015-12-04,13.093000411987305
2015-12-07,12.53600025177002
2015-12-08,12.697999954223633
2015-12-09,12.420000076293945
2015-12-10,12.291000366210938
2015-12-11,11.890999794006348
2015-12-14,12.067000389099121
2015-12-15,11.859999656677246
2015-12-16,12.263999938964844
2015-12-17,12.25100040435791
2015-12-18,11.802000045776367
2015-12-21,11.663000106811523
2015-12-22,11.62399959564209
2015-12-23,11.815999984741211
2015-12-24,11.732999801635742
2015-12-28,11.711000442504883
2015-12-29,11.911999702453613
2015-12-30,11.670999526977539
2015-12-31,11.437999725341797
2016-01-04,10.996000289916992
2016-01-05,10.765999794006348
2016-01-06,11.767999649047852
2016-01-07,11.456000328063965
2016-01-08,11.138999938964844
2016-01-11,11.496999740600586
2016-01-12,11.657999992370605
2016-01-13,10.656000137329102
2016-01-14,10.706000328063965
2016-01-15,10.404000282287598
2016-01-19,10.788999557495117
2016-01-20,10.77400016784668
2016-01-21,10.234999656677246
2016-01-22,10.071999549865723
2016-01-25,9.911999702453613
2016-01-26,9.782999992370605
2016-01-27,9.114999771118164
2016-01-28,9.440999984741211
2016-01-29,9.184000015258789
2016-02-01,9.409000396728516
2016-02-02,9.14900016784668
2016-02-03,9.074000358581543
2016-02-04,8.970999717712402
2016-02-05,8.279000282287598
2016-02-08,8.331999778747559
2016-02-09,8.61299991607666
2016-02-10,8.845000267028809
2016-02-11,8.635000228881836
2016-02-12,8.739999771118164
2016-02-16,8.904999732971191
2016-02-17,9.47599983215332
2016-02-18,9.048999786376953
2016-02-19,8.92300033569336
2016-02-22,9.192999839782715
2016-02-23,8.911999702453613
2016-02-24,9.16100025177002
2016-02-25,9.45300006866455
2016-02-26,9.479000091552734
2016-02-29,9.340999603271484
2016-03-01,9.829999923706055
2016-03-02,9.76099967956543
2016-03-03,9.793000221252441
2016-03-04,10.157999992370605
2016-03-07,9.548999786376953
2016-03-08,9.623000144958496
2016-03-09,9.800000190734863
2016-03-10,9.736000061035156
2016-03-11,9.765999794006348
2016-03-14,9.812999725341797
2016-03-15,9.78600025177002
2016-03-16,9.9350004196167
2016-03-17,9.972000122070312
2016-03-18,10.112000465393066
2016-03-21,10.105999946594238
2016-03-22,9.984000205993652
2016-03-23,9.958999633789062
2016-03-24,9.836000442504883
2016-03-28,10.121000289916992
2016-03-29,10.413000106811523
2016-03-30,10.218999862670898
2016-03-31,10.222999572753906
2016-04-01,10.569999694824219
2016-04-04,10.4350004196167
2016-04-05,10.494000434875488
2016-04-06,10.482999801635742
2016-04-07,10.444999694824219
2016-04-08,10.380999565124512
2016-04-11,10.267999649047852
2016-04-12,10.697999954223633
2016-04-13,10.96500015258789
2016-04-14,11.041999816894531
2016-04-15,11.151000022888184
2016-04-18,10.84000015258789
2016-04-19,9.434000015258789
2016-04-20,9.677000045776367
2016-04-21,9.498000144958496
2016-04-22,9.59000015258789
2016-04-25,9.355999946594238
2016-04-26,9.243000030517578
2016-04-27,9.104000091552734
2016-04-28,9.027999877929688
2016-04-29,9.003000259399414
2016-05-02,9.310999870300293
2016-05-03,9.154000282287598
2016-05-04,9.079000473022461
2016-05-05,8.937000274658203
2016-05-06,9.083999633789062
2016-05-09,9.053999900817871
2016-05-10,9.288999557495117
2016-05-11,9.001999855041504
2016-05-12,8.77400016784668
2016-05-13,8.788000106811523
2016-05-16,8.911999702453613
2016-05-17,8.86299991607666
2016-05-18,9.050000190734863
2016-05-19,8.954999923706055
2016-05-20,9.24899959564209
2016-05-23,9.48900032043457
2016-05-24,9.788999557495117
2016-05-25,10.020000457763672
2016-05-26,10.281000137329102
2016-05-27,10.329999923706055
2016-05-31,10.256999969482422
2016-06-01,10.151000022888184
2016-06-02,10.125
2016-06-03,9.958999633789062
2016-06-06,10.074000358581543
2016-06-07,9.98900032043457
2016-06-08,9.78600025177002
2016-06-09,9.708999633789062
2016-06-10,9.375
2016-06-13,9.385000228881836
2016-06-14,9.411999702453613
2016-06-15,9.428999900817871
2016-06-16,9.543999671936035
2016-06-17,9.444999694824219
2016-06-20,9.380000114440918
2016-06-21,9.098999977111816
2016-06-22,9.00100040435791
2016-06-23,9.166000366210938
2016-06-24,8.843999862670898
2016-06-27,8.532999992370605
2016-06-28,8.79699993133545
2016-06-29,9.105999946594238
2016-06-30,9.14799976348877
2016-07-01,9.666999816894531
2016-07-05,9.791000366210938
2016-07-06,9.460000038146973
2016-07-07,9.510000228881836
2016-07-08,9.706000328063965
2016-07-11,9.467000007629395
2016-07-12,9.597000122070312
2016-07-13,9.642999649047852
2016-07-14,9.802000045776367
2016-07-15,9.83899974822998
2016-07-18,9.880999565124512
2016-07-19,8.583999633789062
2016-07-20,8.791000366210938
2016-07-21,8.598999977111816
2016-07-22,8.58899974822998
2016-07-25,8.765999794006348
2016-07-26,9.140999794006348
2016-07-27,9.204000473022461
2016-07-28,9.164999961853027
2016-07-29,9.125
2016-08-01,9.437000274658203
2016-08-02,9.355999946594238
2016-08-03,9.3100004196167
2016-08-04,9.343999862670898
2016-08-05,9.70300006866455
2016-08-08,9.51099967956543
2016-08-09,9.39900016784668
2016-08-10,9.392999649047852
2016-08-11,9.58899974822998
2016-08-12,9.659000396728516
2016-08-15,9.531000137329102
2016-08-16,9.51200008392334
2016-08-17,9.63700008392334
2016-08-18,9.616000175476074
2016-08-19,9.586999893188477
2016-08-22,9.526000022888184
2016-08-23,9.593999862670898
2016-08-24,9.517999649047852
2016-08-25,9.732000350952148
2016-08-26,9.758000373840332
2016-08-29,9.729999542236328
2016-08-30,9.744999885559082
2016-08-31,9.744999885559082
2016-09-01,9.73799991607666
2016-09-02,9.73799991607666
2016-09-06,10.008999824523926
2016-09-07,9.914999961853027
2016-09-08,9.965999603271484
2016-09-09,9.649999618530273
2016-09-12,9.904999732971191
2016-09-13,9.609000205993652
2016-09-14,9.701000213623047
2016-09-15,9.734000205993652
2016-09-16,9.947999954223633
2016-09-19,9.805999755859375
2016-09-20,9.824999809265137
2016-09-21,9.48799991607666
2016-09-22,9.583000183105469
2016-09-23,9.593999862670898
2016-09-26,9.456000328063965
2016-09-27,9.706999778747559
2016-09-28,9.748000144958496
2016-09-29,9.666999816894531
2016-09-30,9.854999542236328
2016-10-03,10.262999534606934
2016-10-04,10.234000205993652
2016-10-05,10.628000259399414
2016-10-06,10.506999969482422
2016-10-07,10.482000350952148
2016-10-10,10.333000183105469
2016-10-11,10.059000015258789
2016-10-12,9.949999809265137
2016-10-13,10.02299976348877
2016-10-14,10.147000312805176
2016-10-17,9.979999542236328
2016-10-18,11.878999710083008
2016-10-19,12.187000274658203
2016-10-20,12.335000038146973
2016-10-21,12.75
2016-10-24,12.732999801635742
2016-10-25,12.651000022888184
2016-10-26,12.696999549865723
2016-10-27,12.647000312805176
2016-10-28,12.656999588012695
2016-10-31,12.487000465393066
2016-11-01,12.329999923706055
2016-11-02,12.234000205993652
2016-11-03,12.21399974822998
2016-11-04,12.20300006866455
2016-11-07,12.458000183105469
2016-11-08,12.434000015258789
2016-11-09,12.218999862670898
2016-11-10,11.541999816894531
2016-11-11,11.477999687194824
2016-11-14,11.338000297546387
2016-11-15,11.359000205993652
2016-11-16,11.519000053405762
2016-11-17,11.503000259399414
2016-11-18,11.520999908447266
2016-11-21,11.795999526977539
2016-11-22,11.803999900817871
2016-11-23,11.769000053405762
2016-11-25,11.741000175476074
2016-11-28,11.692999839782715
2016-11-29,11.75100040435791
2016-11-30,11.699999809265137
2016-12-01,11.722000122070312
2016-12-02,12.081000328063965
2016-12-05,11.916000366210938
2016-12-06,12.456999778747559
2016-12-07,12.538999557495117
2016-12-08,12.324000358581543
2016-12-09,12.288000106811523
2016-12-12,12.282999992370605
2016-12-13,12.378000259399414
2016-12-14,12.343999862670898
2016-12-15,12.5
2016-12-16,12.42199993133545
2016-12-19,12.545000076293945
2016-12-20,12.51200008392334
2016-12-21,12.649999618530273
2016-12-22,12.557999610900879
2016-12-23,12.559000015258789
2016-12-27,12.835000038146973
2016-12-28,12.58899974822998
2016-12-29,12.532999992370605
2016-12-30,12.380000114440918
2017-01-03,12.74899959564209
2017-01-04,12.940999984741211
2017-01-05,13.180999755859375
2017-01-06,13.107000350952148
2017-01-09,13.095000267028809
2017-01-10,12.98900032043457
2017-01-11,13.050000190734863
2017-01-12,12.918000221252441
2017-01-13,13.369999885559082
2017-01-17,13.288999557495117
2017-01-18,13.326000213623047
2017-01-19,13.840999603271484
2017-01-20,13.859999656677246
2017-01-23,13.73900032043457
2017-01-24,14.01099967956543
2017-01-25,13.95199966430664
2017-01-26,13.895999908447266
2017-01-27,14.244999885559082
2017-01-30,14.121999740600586
2017-01-31,14.071000099182129
2017-02-01,14.07800006866455
2017-02-02,13.920000076293945
2017-02-03,14.024999618530273
2017-02-06,14.097000122070312
2017-02-07,14.399999618530273
2017-02-08,14.473999977111816
2017-02-09,14.413999557495117
2017-02-10,14.482000350952148
2017-02-13,14.319999694824219
2017-02-14,14.081999778747559
2017-02-15,14.22700023651123
2017-02-16,14.201000213623047
2017-02-17,14.222000122070312
2017-02-21,14.260000228881836
2017-02-22,14.38599967956543
2017-02-23,14.277999877929688
2017-02-24,14.324999809265137
2017-02-27,14.340999603271484
2017-02-28,14.213000297546387
2017-03-01,14.265000343322754
2017-03-02,13.95300006866455
2017-03-03,13.913999557495117
2017-03-06,14.194000244140625
2017-03-07,14.142999649047852
2017-03-08,14.031999588012695
2017-03-09,14.053000450134277
2017-03-10,14.08899974822998
2017-03-13,14.35200023651123
2017-03-14,14.319000244140625
2017-03-15,14.524999618530273
2017-03-16,14.439000129699707
2017-03-17,14.51099967956543
2017-03-20,14.583000183105469
2017-03-21,14.241999626159668
2017-03-22,14.265000343322754
2017-03-23,14.184000015258789
2017-03-24,14.20199966430664
2017-03-27,14.406000137329102
2017-03-28,14.517000198364258
2017-03-29,14.647000312805176
2017-03-30,14.805999755859375
2017-03-31,14.781000137329102
2017-04-03,14.692000389099121
2017-04-04,14.550000190734863
2017-04-05,14.362000465393066
2017-04-06,14.37399959564209
2017-04-07,14.310999870300293
2017-04-10,14.385000228881836
2017-04-11,14.4350004196167
2017-04-12,14.383000373840332
2017-04-13,14.291999816894531
2017-04-17,14.725000381469727
2017-04-18,14.336000442504883
2017-04-19,13.97599983215332
2017-04-20,14.118000030517578
2017-04-21,14.286999702453613
2017-04-24,14.383000373840332
2017-04-25,15.215999603271484
2017-04-26,15.017000198364258
2017-04-27,15.307999610900879
2017-04-28,15.220000267028809
2017-05-01,15.53499984741211
2017-05-02,15.645000457763672
2017-05-03,15.559000015258789
2017-05-04,15.725000381469727
2017-05-05,15.65999984741211
2017-05-08,15.637999534606934
2017-05-09,15.746000289916992
2017-05-10,16.027999877929688
2017-05-11,15.854000091552734
2017-05-12,16.08099937438965
2017-05-15,16.00200080871582
2017-05-16,15.940999984741211
2017-05-17,15.319999694824219
2017-05-18,15.569999694824219
2017-05-19,15.70199966430664
2017-05-22,15.715999603271484
2017-05-23,15.795000076293945
2017-05-24,15.774999618530273
2017-05-25,16.30500030517578
2017-05-26,16.243000030517578
2017-05-30,16.32200050354004
2017-05-31,16.30699920654297
2017-06-01,16.298999786376953
2017-06-02,16.51799964904785
2017-06-05,16.506000518798828
2017-06-06,16.517000198364258
2017-06-07,16.56100082397461
2017-06-08,16.58799934387207
2017-06-09,15.803000450134277
2017-06-12,15.144000053405762
2017-06-13,15.272000312805176
2017-06-14,15.220000267028809
2017-06-15,15.175999641418457
2017-06-16,15.23799991607666
2017-06-19,15.34000015258789
2017-06-20,15.204999923706055
2017-06-21,15.503000259399414
2017-06-22,15.48900032043457
2017-06-23,15.802000045776367
2017-06-26,15.75
2017-06-27,15.102999687194824
2017-06-28,15.340999603271484
2017-06-29,15.008999824523926
2017-06-30,14.940999984741211
2017-07-03,14.616999626159668
2017-07-05,14.76099967956543
2017-07-06,14.625
2017-07-07,15.017999649047852
2017-07-10,15.267000198364258
2017-07-11,15.432999610900879
2017-07-12,15.875
2017-07-13,15.821000099182129
2017-07-14,16.11199951171875
2017-07-17,16.170000076293945
2017-07-18,18.360000610351562
2017-07-19,18.38599967956543
2017-07-20,18.360000610351562
2017-07-21,18.854000091552734
2017-07-24,18.791000366210938
2017-07-25,18.69700050354004
2017-07-26,18.908000946044922
2017-07-27,18.26799964904785
2017-07-28,18.40399932861328
2017-07-31,18.166000366210938
2017-08-01,18.202999114990234
2017-08-02,18.073999404907227
2017-08-03,17.92300033569336
2017-08-04,18.027000427246094
2017-08-07,18.132999420166016
2017-08-08,17.836000442504883
2017-08-09,17.577999114990234
2017-08-10,16.913999557495117
2017-08-11,17.139999389648438
2017-08-14,17.100000381469727
2017-08-15,16.850000381469727
2017-08-16,16.99799919128418
2017-08-17,16.608999252319336
2017-08-18,16.65399932861328
2017-08-21,16.676000595092773
2017-08-22,16.93400001525879
2017-08-23,16.9060001373291
2017-08-24,16.812999725341797
2017-08-25,16.594999313354492
2017-08-28,16.711999893188477
2017-08-29,16.881000518798828
2017-08-30,17.4689998626709
2017-08-31,17.47100067138672
2017-09-01,17.474000930786133
2017-09-05,17.45199966430664
2017-09-06,17.924999237060547
2017-09-07,17.899999618530273
2017-09-08,17.642000198364258
2017-09-11,18.173999786376953
2017-09-12,18.514999389648438
2017-09-13,18.36400032043457
2017-09-14,18.26300048828125
2017-09-15,18.235000610351562
2017-09-18,18.461999893188477
2017-09-19,18.56800079345703
2017-09-20,18.551000595092773
2017-09-21,18.878000259399414
2017-09-22,18.735000610351562
2017-09-25,17.854999542236328
2017-09-26,17.937999725341797
2017-09-27,18.19700050354004
2017-09-28,18.06999969482422
2017-09-29,18.135000228881836
2017-10-02,17.701000213623047
2017-10-03,17.91900062561035
2017-10-04,18.44499969482422
2017-10-05,19.43899917602539
2017-10-06,19.802000045776367
2017-10-09,19.687000274658203
2017-10-10,19.507999420166016
2017-10-11,19.4950008392334
2017-10-12,19.586000442504883
2017-10-13,19.948999404907227
2017-10-16,20.26799964904785
2017-10-17,19.947999954223633
2017-10-18,19.554000854492188
2017-10-19,19.51300048828125
2017-10-20,19.416000366210938
2017-10-23,19.246999740600586
2017-10-24,19.601999282836914
2017-10-25,19.37700080871582
2017-10-26,19.520999908447266
2017-10-27,19.95400047302246
2017-10-30,19.836999893188477
2017-10-31,19.64299964904785
2017-11-01,19.799999237060547
2017-11-02,19.93199920654297
2017-11-03,20.000999450683594
2017-11-06,20.01300048828125
2017-11-07,19.589000701904297
2017-11-08,19.643999099731445
2017-11-09,19.389999389648438
2017-11-10,19.20199966430664
2017-11-13,19.507999420166016
2017-11-14,19.570999145507812
2017-11-15,19.211999893188477
2017-11-16,19.551000595092773
2017-11-17,19.31999969482422
2017-11-20,19.40999984741211
2017-11-21,19.62299919128418
2017-11-22,19.631999969482422
2017-11-24,19.575000762939453
2017-11-27,19.5049991607666
2017-11-28,19.917999267578125
2017-11-29,18.815000534057617
2017-11-30,18.757999420166016
2017-12-01,18.68199920654297
2017-12-04,18.40399932861328
2017-12-05,18.42099952697754
2017-12-06,18.530000686645508
2017-12-07,18.520000457763672
2017-12-08,18.854000091552734
2017-12-11,18.621999740600586
2017-12-12,18.572999954223633
2017-12-13,18.785999298095703
2017-12-14,18.95599937438965
2017-12-15,19.011999130249023
2017-12-18,19.04199981689453
2017-12-19,18.70199966430664
2017-12-20,18.881999969482422
2017-12-21,18.86199951171875
2017-12-22,18.993999481201172
2017-12-26,18.775999069213867
2017-12-27,18.624000549316406
2017-12-28,19.270999908447266
2017-12-29,19.195999145507812
2018-01-02,20.10700035095215
2018-01-03,20.5049991607666
2018-01-04,20.562999725341797
2018-01-05,20.999000549316406
2018-01-08,21.204999923706055
2018-01-09,20.930999755859375
2018-01-10,21.25200080871582
2018-01-11,21.724000930786133
2018-01-12,22.12299919128418
2018-01-16,22.152999877929688
2018-01-17,21.75
2018-01-18,22.033000946044922
2018-01-19,22.04599952697754
2018-01-22,22.757999420166016
2018-01-23,25.02899932861328
2018-01-24,26.1299991607666
2018-01-25,26.969999313354492
2018-01-26,27.459999084472656
2018-01-29,28.458999633789062
2018-01-30,27.8799991607666
2018-01-31,27.030000686645508
2018-02-01,26.506999969482422
2018-02-02,26.743000030517578
2018-02-05,25.426000595092773
2018-02-06,26.57200050354004
2018-02-07,26.45599937438965
2018-02-08,25.010000228881836
2018-02-09,24.94700050354004
2018-02-12,25.795000076293945
2018-02-13,25.82699966430664
2018-02-14,26.600000381469727
2018-02-15,28.027000427246094
2018-02-16,27.851999282836914
2018-02-20,27.854999542236328
2018-02-21,28.104000091552734
2018-02-22,27.81399917602539
2018-02-23,28.593000411987305
2018-02-26,29.416000366210938
2018-02-27,29.06100082397461
2018-02-28,29.13800048828125
2018-03-01,29.038999557495117
2018-03-02,30.104999542236328
2018-03-05,31.5
2018-03-06,32.52199935913086
2018-03-07,32.11600112915039
2018-03-08,31.700000762939453
2018-03-09,33.14400100708008
2018-03-12,32.130001068115234
2018-03-13,31.58799934387207
2018-03-14,32.154998779296875
2018-03-15,32.10900115966797
2018-03-16,31.844999313354492
2018-03-19,31.347999572753906
2018-03-20,31.75
2018-03-21,31.648000717163086
2018-03-22,30.670000076293945
2018-03-23,30.0939998626709
2018-03-26,32.03499984741211
2018-03-27,30.069000244140625
2018-03-28,28.57699966430664
2018-03-29,29.53499984741211
2018-04-02,28.02899932861328
2018-04-03,28.367000579833984
2018-04-04,28.893999099731445
2018-04-05,29.39699935913086
2018-04-06,28.885000228881836
2018-04-09,28.993000030517578
2018-04-10,29.80699920654297
2018-04-11,30.367000579833984
2018-04-12,30.924999237060547
2018-04-13,31.165000915527344
2018-04-16,30.777999877929688
2018-04-17,33.60599899291992
2018-04-18,33.45199966430664
2018-04-19,33.27000045776367
2018-04-20,32.777000427246094
2018-04-23,31.868999481201172
2018-04-24,30.70199966430664
2018-04-25,30.576000213623047
2018-04-26,31.398000717163086
2018-04-27,31.176000595092773
2018-04-30,31.246000289916992
2018-05-01,31.329999923706055
2018-05-02,31.336000442504883
2018-05-03,31.16900062561035
2018-05-04,32.00899887084961
2018-05-07,32.625999450683594
2018-05-08,32.68899917602539
2018-05-09,33.029998779296875
2018-05-10,32.959999084472656
2018-05-11,32.645999908447266
2018-05-14,32.85300064086914
2018-05-15,32.612998962402344
2018-05-16,32.819000244140625
2018-05-17,32.52199935913086
2018-05-18,32.417999267578125
2018-05-21,33.18199920654297
2018-05-22,33.1619987487793
2018-05-23,34.47200012207031
2018-05-24,34.92900085449219
2018-05-25,35.12900161743164
2018-05-29,34.972999572753906
2018-05-30,35.354000091552734
2018-05-31,35.15999984741211
2018-06-01,35.99300003051758
2018-06-04,36.180999755859375
2018-06-05,36.58000183105469
2018-06-06,36.744998931884766
2018-06-07,36.13999938964844
2018-06-08,36.05699920654297
2018-06-11,36.14500045776367
2018-06-12,36.382999420166016
2018-06-13,37.99300003051758
2018-06-14,39.2869987487793
2018-06-15,39.198001861572266
2018-06-18,39.040000915527344
2018-06-19,40.49800109863281
2018-06-20,41.67599868774414
2018-06-21,41.54399871826172
2018-06-22,41.10900115966797
2018-06-25,38.448001861572266
2018-06-26,39.93899917602539
2018-06-27,39.03900146484375
2018-06-28,39.54199981689453
2018-06-29,39.143001556396484
2018-07-02,39.81800079345703
2018-07-03,39.051998138427734
2018-07-05,39.8390007019043
2018-07-06,40.82500076293945
2018-07-09,41.89699935913086
2018-07-10,41.5629997253418
2018-07-11,41.8650016784668
2018-07-12,41.349998474121094
2018-07-13,39.58000183105469
2018-07-16,40.04800033569336
2018-07-17,37.948001861572266
2018-07-18,37.51300048828125
2018-07-19,36.42300033569336
2018-07-20,36.10499954223633
2018-07-23,36.26599884033203
2018-07-24,35.731998443603516
2018-07-25,36.2869987487793
2018-07-26,36.308998107910156
2018-07-27,35.520999908447266
2018-07-30,33.49599838256836
2018-07-31,33.744998931884766
2018-08-01,33.8380012512207
2018-08-02,34.45000076293945
2018-08-03,34.308998107910156
2018-08-06,35.09199905395508
2018-08-07,35.18299865722656
2018-08-08,34.76100158691406
2018-08-09,34.93600082397461
2018-08-10,34.58700180053711
2018-08-13,34.13100051879883
2018-08-14,33.749000549316406
2018-08-15,32.63999938964844
2018-08-16,32.24399948120117
2018-08-17,31.67799949645996
2018-08-20,32.77299880981445
2018-08-21,33.801998138427734
2018-08-22,34.444000244140625
2018-08-23,33.91699981689453
2018-08-24,35.88199996948242
2018-08-27,36.45800018310547
2018-08-28,36.8489990234375
2018-08-29,36.80400085449219
2018-08-30,37.097999572753906
2018-08-31,36.768001556396484
2018-09-04,36.36000061035156
2018-09-05,34.11800003051758
2018-09-06,34.645999908447266
2018-09-07,34.86800003051758
2018-09-10,34.840999603271484
2018-09-11,35.59299850463867
2018-09-12,36.994998931884766
2018-09-13,36.814998626708984
2018-09-14,36.45600128173828
2018-09-17,35.03499984741211
2018-09-18,36.76499938964844
2018-09-19,36.69599914550781
2018-09-20,36.5359992980957
2018-09-21,36.11899948120117
2018-09-24,36.96099853515625
2018-09-25,36.94300079345703
2018-09-26,37.78799819946289
2018-09-27,38.07099914550781
2018-09-28,37.41299819946289
2018-10-01,38.143001556396484
2018-10-02,37.7140007019043
2018-10-03,37.70500183105469
2018-10-04,36.3650016784668
2018-10-05,35.1349983215332
2018-10-08,34.90999984741211
2018-10-09,35.57099914550781
2018-10-10,32.5890007019043
2018-10-11,32.11000061035156
2018-10-12,33.95600128173828
2018-10-15,33.3129997253418
2018-10-16,34.63999938964844
2018-10-17,36.470001220703125
2018-10-18,34.67100143432617
2018-10-19,33.266998291015625
2018-10-22,32.95399856567383
2018-10-23,33.316001892089844
2018-10-24,30.183000564575195
2018-10-25,31.28700065612793
2018-10-26,29.982999801635742
2018-10-29,28.483999252319336
2018-10-30,28.58099937438965
2018-10-31,30.17799949645996
2018-11-01,31.738000869750977
2018-11-02,30.90999984741211
2018-11-05,31.54400062561035
2018-11-06,31.083999633789062
2018-11-07,32.75
2018-11-08,31.79199981689453
2018-11-09,30.347000122070312
2018-11-12,29.406999588012695
2018-11-13,29.440000534057617
2018-11-14,28.67300033569336
2018-11-15,29.006000518798828
2018-11-16,28.621000289916992
2018-11-19,27.059999465942383
2018-11-20,26.697999954223633
2018-11-21,26.21299934387207
2018-11-23,25.881999969482422
2018-11-26,26.14299964904785
2018-11-27,26.663000106811523
2018-11-28,28.264999389648438
2018-11-29,28.875
2018-11-30,28.613000869750977
2018-12-03,29.030000686645508
2018-12-04,27.533000946044922
2018-12-06,28.288000106811523
2018-12-07,26.513999938964844
2018-12-10,26.969999313354492
2018-12-11,26.531999588012695
2018-12-12,27.488000869750977
2018-12-13,27.601999282836914
2018-12-14,26.68400001525879
2018-12-17,26.280000686645508
2018-12-18,27.0939998626709
2018-12-19,26.677000045776367
2018-12-20,26.058000564575195
2018-12-21,24.638999938964844
2018-12-24,23.38800048828125
2018-12-26,25.367000579833984
2018-12-27,25.55699920654297
2018-12-28,25.607999801635742
2018-12-31,26.766000747680664
2019-01-02,26.766000747680664
2019-01-03,27.1200008392334
2019-01-04,29.756999969482422
2019-01-07,31.534000396728516
2019-01-08,32.027000427246094
2019-01-09,31.996000289916992
2019-01-10,32.465999603271484
2019-01-11,33.75899887084961
2019-01-14,33.29399871826172
2019-01-15,35.4640007019043
2019-01-16,35.138999938964844
2019-01-17,35.319000244140625
2019-01-18,33.90999984741211
2019-01-22,32.51599884033203
2019-01-23,32.19900131225586
2019-01-24,32.66699981689453
2019-01-25,33.80500030517578
2019-01-28,33.566001892089844
2019-01-29,32.88999938964844
2019-01-30,34.066001892089844
2019-01-31,33.95000076293945
2019-02-01,33.98500061035156
2019-02-04,35.13399887084961
2019-02-05,35.58100128173828
2019-02-06,35.21900177001953
2019-02-07,34.47100067138672
2019-02-08,34.75699996948242
2019-02-11,34.573001861572266
2019-02-12,35.99700164794922
2019-02-13,35.176998138427734
2019-02-14,35.90700149536133
2019-02-15,35.6870002746582
2019-02-19,36.19200134277344
2019-02-20,35.99100112915039
2019-02-21,35.696998596191406
2019-02-22,36.301998138427734
2019-02-25,36.39099884033203
2019-02-26,36.49700164794922
2019-02-27,36.2869987487793
2019-02-28,35.810001373291016
2019-03-01,35.731998443603516
2019-03-04,35.104000091552734
2019-03-05,35.43000030517578
2019-03-06,35.96099853515625
2019-03-07,35.2599983215332
2019-03-08,34.959999084472656
2019-03-11,35.88600158691406
2019-03-12,35.62699890136719
2019-03-13,36.12099838256836
2019-03-14,35.88199996948242
2019-03-15,36.145999908447266
2019-03-18,36.34400177001953
2019-03-19,35.87799835205078
2019-03-20,37.52199935913086
2019-03-21,37.7869987487793
2019-03-22,36.10100173950195
2019-03-25,36.62300109863281
2019-03-26,35.99700164794922
2019-03-27,35.33700180053711
2019-03-28,35.46099853515625
2019-03-29,35.65599822998047
2019-04-01,36.69599914550781
2019-04-02,36.77199935913086
2019-04-03,36.974998474121094
2019-04-04,36.78799819946289
2019-04-05,36.54899978637695
2019-04-08,36.14099884033203
2019-04-09,36.47100067138672
2019-04-10,36.391998291015625
2019-04-11,36.76499938964844
2019-04-12,35.11399841308594
2019-04-15,34.887001037597656
2019-04-16,35.94599914550781
2019-04-17,35.4739990234375
2019-04-18,36.03499984741211
2019-04-22,37.73400115966797
2019-04-23,38.18899917602539
2019-04-24,37.42300033569336
2019-04-25,36.83300018310547
2019-04-26,37.48500061035156
2019-04-29,37.18299865722656
2019-04-30,37.05400085449219
2019-05-01,37.88100051879883
2019-05-02,37.90599822998047
2019-05-03,38.50299835205078
2019-05-06,37.867000579833984
2019-05-07,37.04600143432617
2019-05-08,36.4370002746582
2019-05-09,36.275001525878906
2019-05-10,36.104000091552734
2019-05-13,34.5260009765625
2019-05-14,34.56100082397461
2019-05-15,35.499000549316406
2019-05-16,35.930999755859375
2019-05-17,35.44499969482422
2019-05-20,34.81100082397461
2019-05-21,35.426998138427734
2019-05-22,35.972999572753906
2019-05-23,35.22100067138672
2019-05-24,35.43899917602539
2019-05-28,35.50600051879883
2019-05-29,34.91899871826172
2019-05-30,35.185001373291016
2019-05-31,34.327999114990234
2019-06-03,33.66299819946289
2019-06-04,35.34000015258789
2019-06-05,35.573001861572266
2019-06-06,35.7130012512207
2019-06-07,36.08700180053711
2019-06-10,35.20100021362305
2019-06-11,35.12699890136719
2019-06-12,34.555999755859375
2019-06-13,34.34299850463867
2019-06-14,33.972999572753906
2019-06-17,35.0620002746582
2019-06-18,35.71200180053711
2019-06-19,36.35200119018555
2019-06-20,36.520999908447266
2019-06-21,36.92100143432617
2019-06-24,37.104000091552734
2019-06-25,36.029998779296875
2019-06-26,36.220001220703125
2019-06-27,37.00199890136719
2019-06-28,36.731998443603516
2019-07-01,37.459999084472656
2019-07-02,37.542999267578125
2019-07-03,38.172000885009766
2019-07-05,38.05500030517578
2019-07-08,37.61600112915039
2019-07-09,37.99300003051758
2019-07-10,38.099998474121094
2019-07-11,37.95000076293945
2019-07-12,37.32500076293945
2019-07-15,36.65999984741211
2019-07-16,36.5989990234375
2019-07-17,36.24399948120117
2019-07-18,32.520999908447266
2019-07-19,31.510000228881836
2019-07-22,31.062000274658203
2019-07-23,30.729999542236328
2019-07-24,31.79400062561035
2019-07-25,32.645999908447266
2019-07-26,33.577999114990234
2019-07-29,33.27000045776367
2019-07-30,32.59299850463867
2019-07-31,32.29899978637695
2019-08-01,31.950000762939453
2019-08-02,31.882999420166016
2019-08-05,30.76300048828125
2019-08-06,31.010000228881836
2019-08-07,30.429000854492188
2019-08-08,31.59000015258789
2019-08-09,30.89299964904785
2019-08-12,31.08300018310547
2019-08-13,31.22800064086914
2019-08-14,29.910999298095703
2019-08-15,29.576000213623047
2019-08-16,30.280000686645508
2019-08-19,30.937999725341797
2019-08-20,29.89900016784668
2019-08-21,29.7810001373291
2019-08-22,29.69300079345703
2019-08-23,29.143999099731445
2019-08-26,29.49799919128418
2019-08-27,29.10300064086914
2019-08-28,29.177000045776367
2019-08-29,29.67799949645996
2019-08-30,29.375
2019-09-03,28.929000854492188
2019-09-04,29.152000427246094
2019-09-05,29.325000762939453
2019-09-06,29.017000198364258
2019-09-09,29.43400001525879
2019-09-10,28.798999786376953
2019-09-11,28.82699966430664
2019-09-12,28.88599967956543
2019-09-13,29.415000915527344
2019-09-16,29.429000854492188
2019-09-17,29.860000610351562
2019-09-18,29.1560001373291
2019-09-19,28.65999984741211
2019-09-20,27.075000762939453
2019-09-23,26.591999053955078
2019-09-24,25.458999633789062
2019-09-25,26.475000381469727
2019-09-26,26.33099937438965
2019-09-27,26.308000564575195
2019-09-30,26.761999130249023
2019-10-01,26.95800018310547
2019-10-02,26.80299949645996
2019-10-03,26.815000534057617
2019-10-04,27.27899932861328
2019-10-07,27.445999145507812
2019-10-08,27.07200050354004
2019-10-09,26.753000259399414
2019-10-10,28.04800033569336
2019-10-11,28.292999267578125
2019-10-14,28.55299949645996
2019-10-15,28.424999237060547
2019-10-16,28.628000259399414
2019-10-17,29.334999084472656
2019-10-18,27.530000686645508
2019-10-21,27.80500030517578
2019-10-22,26.66900062561035
2019-10-23,27.12700080871582
2019-10-24,27.149999618530273
2019-10-25,27.68199920654297
2019-10-28,28.18600082397461
2019-10-29,28.121000289916992
2019-10-30,29.145000457763672
2019-10-31,28.740999221801758
2019-11-01,28.680999755859375
2019-11-04,29.285999298095703
2019-11-05,28.80299949645996
2019-11-06,28.858999252319336
2019-11-07,28.957000732421875
2019-11-08,29.156999588012695
2019-11-11,29.417999267578125
2019-11-12,29.201000213623047
2019-11-13,28.31100082397461
2019-11-14,28.961999893188477
2019-11-15,29.503000259399414
2019-11-18,30.256999969482422
2019-11-19,30.260000228881836
2019-11-20,30.516000747680664
2019-11-21,31.16900062561035
2019-11-22,31.04800033569336
2019-11-25,31.55500030517578
2019-11-26,31.249000549316406
2019-11-27,31.593000411987305
2019-11-29,31.465999603271484
2019-12-02,30.999000549316406
2019-12-03,30.615999221801758
2019-12-04,30.43199920654297
2019-12-05,30.285999298095703
2019-12-06,30.735000610351562
2019-12-09,30.25
2019-12-10,29.312000274658203
2019-12-11,29.89299964904785
2019-12-12,29.8439998626709
2019-12-13,29.850000381469727
2019-12-16,30.42099952697754
2019-12-17,31.54800033569336
2019-12-18,32.08000183105469
2019-12-19,33.22200012207031
2019-12-20,33.689998626708984
2019-12-23,33.310001373291016
2019-12-24,33.31999969482422
2019-12-26,33.26300048828125
2019-12-27,32.909000396728516
2019-12-30,32.33100128173828
2019-12-31,32.356998443603516
2020-01-02,32.98099899291992
2020-01-03,32.59000015258789
2020-01-06,33.58300018310547
2020-01-07,33.07500076293945
2020-01-08,33.92599868774414
2020-01-09,33.566001892089844
2020-01-10,32.904998779296875
2020-01-13,33.891998291015625
2020-01-14,33.86899948120117
2020-01-15,33.90700149536133
2020-01-16,33.86199951171875
2020-01-17,33.96699905395508
2020-01-21,33.81100082397461
2020-01-22,32.599998474121094
2020-01-23,34.959999084472656
2020-01-24,35.316001892089844
2020-01-27,34.28799819946289
2020-01-28,34.85200119018555
2020-01-29,34.316001892089844
2020-01-30,34.77399826049805
2020-01-31,34.50899887084961
2020-02-03,35.79999923706055
2020-02-04,36.9010009765625
2020-02-05,36.96699905395508
2020-02-06,36.69499969482422
2020-02-07,36.676998138427734
2020-02-10,37.106998443603516
2020-02-11,37.36899948120117
2020-02-12,38.000999450683594
2020-02-13,38.13999938964844
2020-02-14,38.040000915527344
2020-02-18,38.77799987792969
2020-02-19,38.61899948120117
2020-02-20,38.599998474121094
2020-02-21,38.00699996948242
2020-02-24,36.869998931884766
2020-02-25,36.00899887084961
2020-02-26,37.92399978637695
2020-02-27,37.17100143432617
2020-02-28,36.90299987792969
2020-03-02,38.10499954223633
2020-03-03,36.87699890136719
2020-03-04,38.37900161743164
2020-03-05,37.27799987792969
2020-03-06,36.89699935913086
2020-03-09,34.64899826049805
2020-03-10,36.41299819946289
2020-03-11,34.992000579833984
2020-03-12,31.524999618530273
2020-03-13,33.630001068115234
2020-03-16,29.884000778198242
2020-03-17,31.975000381469727
2020-03-18,31.547000885009766
2020-03-19,33.202999114990234
2020-03-20,33.28300094604492
2020-03-23,36.027000427246094
2020-03-24,35.731998443603516
2020-03-25,34.23899841308594
2020-03-26,36.29899978637695
2020-03-27,35.71200180053711
2020-03-30,37.09600067138672
2020-03-31,37.54999923706055
2020-04-01,36.40800094604492
2020-04-02,37.007999420166016
2020-04-03,36.17599868774414
2020-04-06,37.99599838256836
2020-04-07,37.22800064086914
2020-04-08,37.11199951171875
2020-04-09,37.071998596191406
2020-04-13,39.672000885009766
2020-04-14,41.35499954223633
2020-04-15,42.67499923706055
2020-04-16,43.91699981689453
2020-04-17,42.29600143432617
2020-04-20,43.749000549316406
2020-04-21,43.382999420166016
2020-04-22,42.141998291015625
2020-04-23,42.66999816894531
2020-04-24,42.499000549316406
2020-04-27,42.13800048828125
2020-04-28,40.382999420166016
2020-04-29,41.18899917602539
2020-04-30,41.98500061035156
2020-05-01,41.527000427246094
2020-05-04,42.814998626708984
2020-05-05,42.46799850463867
2020-05-06,43.42599868774414
2020-05-07,43.65299987792969
2020-05-08,43.55500030517578
2020-05-11,44.051998138427734
2020-05-12,43.18199920654297
2020-05-13,43.82699966430664
2020-05-14,44.19499969482422
2020-05-15,45.41899871826172
2020-05-18,45.257999420166016
2020-05-19,45.104000091552734
2020-05-20,44.766998291015625
2020-05-21,43.625
2020-05-22,42.93199920654297
2020-05-26,41.47700119018555
2020-05-27,41.98899841308594
2020-05-28,41.34400177001953
2020-05-29,41.972999572753906
2020-06-01,42.59199905395508
2020-06-02,42.73099899291992
2020-06-03,42.196998596191406
2020-06-04,41.43299865722656
2020-06-05,41.959999084472656
2020-06-08,41.94900131225586
2020-06-09,43.404998779296875
2020-06-10,43.448001861572266
2020-06-11,42.555999755859375
2020-06-12,41.80699920654297
2020-06-15,42.54999923706055
2020-06-16,43.612998962402344
2020-06-17,44.777000427246094
2020-06-18,44.98699951171875
2020-06-19,45.37200164794922
2020-06-22,46.80400085449219
2020-06-23,46.625999450683594
2020-06-24,45.78499984741211
2020-06-25,46.590999603271484
2020-06-26,44.34000015258789
2020-06-29,44.7239990234375
2020-06-30,45.50400161743164
2020-07-01,48.56399917602539
2020-07-02,47.68899917602539
2020-07-06,49.38100051879883
2020-07-07,49.316001892089844
2020-07-08,50.27799987792969
2020-07-09,50.7760009765625
2020-07-10,54.87300109863281
2020-07-13,52.54999923706055
2020-07-14,52.487998962402344
2020-07-15,52.32600021362305
2020-07-16,52.73899841308594
2020-07-17,49.29899978637695
2020-07-20,50.24100112915039
2020-07-21,49.0099983215332
2020-07-22,48.981998443603516
2020-07-23,47.757999420166016
2020-07-24,48.04499816894531
2020-07-27,49.564998626708984
2020-07-28,48.85100173950195
2020-07-29,48.448001861572266
2020-07-30,48.58000183105469
2020-07-31,48.88800048828125
2020-08-03,49.86199951171875
2020-08-04,50.9640007019043
2020-08-05,50.21099853515625
2020-08-06,50.90800094604492
2020-08-07,49.472999572753906
2020-08-10,48.3380012512207
2020-08-11,46.69300079345703
2020-08-12,47.547000885009766
2020-08-13,48.132999420166016
2020-08-14,48.268001556396484
2020-08-17,48.23500061035156
2020-08-18,49.1870002746582
2020-08-19,48.452999114990234
2020-08-20,49.790000915527344
2020-08-21,49.23099899291992
2020-08-24,48.88100051879883
2020-08-25,49.05799865722656
2020-08-26,54.75299835205078
2020-08-27,52.62699890136719
2020-08-28,52.388999938964844
2020-08-31,52.95600128173828
2020-09-01,55.654998779296875
2020-09-02,55.284000396728516
2020-09-03,52.57500076293945
2020-09-04,51.60499954223633
2020-09-08,50.70199966430664
2020-09-09,50.01900100708008
2020-09-10,48.06700134277344
2020-09-11,48.202999114990234
2020-09-14,47.625999450683594
2020-09-15,49.5989990234375
2020-09-16,48.38600158691406
2020-09-17,47.02000045776367
2020-09-18,46.99599838256836
2020-09-21,48.73500061035156
2020-09-22,49.117000579833984
2020-09-23,47.06100082397461
2020-09-24,47.30799865722656
2020-09-25,48.28799819946289
2020-09-28,49.064998626708984
2020-09-29,49.347999572753906
2020-09-30,50.00299835205078
2020-10-01,52.750999450683594
2020-10-02,50.305999755859375
2020-10-05,52.064998626708984
2020-10-06,50.58700180053711
2020-10-07,53.465999603271484
2020-10-08,53.17900085449219
2020-10-09,53.944000244140625
2020-10-12,53.98099899291992
2020-10-13,55.409000396728516
2020-10-14,54.14500045776367
2020-10-15,54.194000244140625
2020-10-16,53.07899856567383
2020-10-19,53.071998596191406
2020-10-20,52.54199981689453
2020-10-21,48.904998779296875
2020-10-22,48.52299880981445
2020-10-23,48.827999114990234
2020-10-26,48.82400131225586
2020-10-27,48.893001556396484
2020-10-28,48.624000549316406
2020-10-29,50.42100143432617
2020-10-30,47.57400131225586
2020-11-02,48.4119987487793
2020-11-03,48.72200012207031
2020-11-04,49.69499969482422
2020-11-05,51.375999450683594
2020-11-06,51.472999572753906
2020-11-09,47.04999923706055
2020-11-10,48.02399826049805
2020-11-11,49.07600021362305
2020-11-12,48.676998138427734
2020-11-13,48.284000396728516
2020-11-16,47.90999984741211
2020-11-17,48.0629997253418
2020-11-18,48.17900085449219
2020-11-19,48.46699905395508
2020-11-20,48.82400131225586
2020-11-23,47.6619987487793
2020-11-24,48.28799819946289
2020-11-25,48.5
2020-11-27,49.13600158691406
2020-11-30,49.06999969482422
2020-12-01,50.45800018310547
2020-12-02,50.3380012512207
2020-12-03,49.75199890136719
2020-12-04,49.83100128173828
2020-12-07,51.577999114990234
2020-12-08,51.26599884033203
2020-12-09,49.36000061035156
2020-12-10,50.10900115966797
2020-12-11,50.321998596191406
2020-12-14,52.242000579833984
2020-12-15,51.97800064086914
2020-12-16,52.483001708984375
2020-12-17,53.290000915527344
2020-12-18,53.44499969482422
2020-12-21,52.89099884033203
2020-12-22,52.733001708984375
2020-12-23,51.448001861572266
2020-12-24,51.39699935913086
2020-12-28,51.9119987487793
2020-12-29,53.08700180053711
2020-12-30,52.45899963378906
2020-12-31,54.073001861572266
2021-01-04,52.2859992980957
2021-01-05,52.08000183105469
2021-01-06,50.04899978637695
2021-01-07,50.888999938964844
2021-01-08,51.040000915527344
2021-01-11,49.90999984741211
2021-01-12,49.42499923706055
2021-01-13,50.77899932861328
2021-01-14,50.08599853515625
2021-01-15,49.79800033569336
2021-01-19,50.176998138427734
2021-01-20,58.63399887084961
2021-01-21,57.98400115966797
2021-01-22,56.516998291015625
2021-01-25,55.678001403808594
2021-01-26,56.19300079345703
2021-01-27,52.327999114990234
2021-01-28,53.86000061035156
2021-01-29,53.23899841308594
2021-02-01,53.90399932861328
2021-02-02,54.816001892089844
2021-02-03,53.94499969482422
2021-02-04,55.215999603271484
2021-02-05,55.07899856567383
2021-02-08,54.79199981689453
2021-02-09,55.90700149536133
2021-02-10,56.35900115966797
2021-02-11,55.75899887084961
2021-02-12,55.652000427246094
2021-02-16,55.72800064086914
2021-02-17,55.13399887084961
2021-02-18,54.821998596191406
2021-02-19,54.02199935913086
2021-02-22,53.37799835205078
2021-02-23,54.6150016784668
2021-02-24,55.340999603271484
2021-02-25,54.66999816894531
2021-02-26,53.8849983215332
2021-03-01,55.06399917602539
2021-03-02,54.78200149536133
2021-03-03,52.06999969482422
2021-03-04,51.12900161743164
2021-03-05,51.638999938964844
2021-03-08,49.33300018310547
2021-03-09,50.64400100708008
2021-03-10,50.45399856567383
2021-03-11,52.305999755859375
2021-03-12,51.801998138427734
2021-03-15,52.025001525878906
2021-03-16,52.40299987792969
2021-03-17,52.444000244140625
2021-03-18,50.479000091552734
2021-03-19,51.21799850463867
2021-03-22,52.31100082397461
2021-03-23,53.50899887084961
2021-03-24,52.08100128173828
2021-03-25,50.2859992980957
2021-03-26,50.80500030517578
2021-03-29,51.39500045776367
2021-03-30,51.3390007019043
2021-03-31,52.16600036621094
2021-04-01,53.94200134277344
2021-04-05,54.06700134277344
2021-04-06,54.452999114990234
2021-04-07,54.69900131225586
2021-04-08,55.45800018310547
2021-04-09,55.53099822998047
2021-04-12,55.27799987792969
2021-04-13,55.37300109863281
2021-04-14,54.00199890136719
2021-04-15,54.922000885009766
2021-04-16,54.65399932861328
2021-04-19,55.444000244140625
2021-04-20,54.957000732421875
2021-04-21,50.88999938964844
2021-04-22,50.87799835205078
2021-04-23,50.55500030517578
2021-04-26,51.029998779296875
2021-04-27,50.55500030517578
2021-04-28,50.652000427246094
2021-04-29,50.900001525878906
2021-04-30,51.34700012207031
2021-05-03,50.9109992980957
2021-05-04,50.31800079345703
2021-05-05,49.608001708984375
2021-05-06,49.95500183105469
2021-05-07,50.38399887084961
2021-05-10,48.66899871826172
2021-05-11,49.507999420166016
2021-05-12,48.49800109863281
2021-05-13,48.66600036621094
2021-05-14,49.33700180053711
2021-05-17,48.89400100708008
2021-05-18,48.62799835205078
2021-05-19,48.77000045776367
2021-05-20,50.16699981689453
2021-05-21,49.78900146484375
2021-05-24,50.290000915527344
2021-05-25,50.13399887084961
2021-05-26,50.236000061035156
2021-05-27,50.38600158691406
2021-05-28,50.28099822998047
2021-06-01,49.90800094604492
2021-06-02,49.92399978637695
2021-06-03,48.94300079345703
2021-06-04,49.4739990234375
2021-06-07,49.465999603271484
2021-06-08,49.23899841308594
2021-06-09,48.58100128173828
2021-06-10,48.72700119018555
2021-06-11,48.87699890136719
2021-06-14,49.98899841308594
2021-06-15,49.189998626708984
2021-06-16,49.24100112915039
2021-06-17,49.83399963378906
2021-06-18,50.07699966430664
2021-06-21,49.70000076293945
2021-06-22,50.88199996948242
2021-06-23,51.27399826049805
2021-06-24,51.805999755859375
2021-06-25,52.707000732421875
2021-06-28,53.303001403808594
2021-06-29,53.349998474121094
2021-06-30,52.82099914550781
2021-07-01,53.354000091552734
2021-07-02,53.39799880981445
2021-07-06,54.16400146484375
2021-07-07,53.59600067138672
2021-07-08,53.07600021362305
2021-07-09,53.597999572753906
2021-07-12,53.73099899291992
2021-07-13,54.06800079345703
2021-07-14,54.79499816894531
2021-07-15,54.29499816894531
2021-07-16,53.03099822998047
2021-07-19,53.22800064086914
2021-07-20,53.10499954223633
2021-07-21,51.362998962402344
2021-07-22,51.176998138427734
2021-07-23,51.54100036621094
2021-07-26,51.64899826049805
2021-07-27,51.89099884033203
2021-07-28,51.93000030517578
2021-07-29,51.42499923706055
2021-07-30,51.75699996948242
2021-08-02,51.51499938964844
2021-08-03,51.082000732421875
2021-08-04,51.73500061035156
2021-08-05,52.48899841308594
2021-08-06,52.05500030517578
2021-08-09,51.99700164794922
2021-08-10,51.58399963378906
2021-08-11,51.2400016784668
2021-08-12,51.071998596191406
2021-08-13,51.59199905395508
2021-08-16,51.79199981689453
2021-08-17,51.89099884033203
2021-08-18,52.1870002746582
2021-08-19,54.37099838256836
2021-08-20,54.6879997253418
2021-08-23,55.33300018310547
2021-08-24,55.340999603271484
2021-08-25,54.757999420166016
2021-08-26,55.012001037597656
2021-08-27,55.891998291015625
2021-08-30,56.61800003051758
2021-08-31,56.91899871826172
2021-09-01,58.207000732421875
2021-09-02,58.85499954223633
2021-09-03,59.053001403808594
2021-09-07,60.67100143432617
2021-09-08,60.60499954223633
2021-09-09,59.75400161743164
2021-09-10,59.87200164794922
2021-09-13,58.92900085449219
2021-09-14,57.7760009765625
2021-09-15,58.2869987487793
2021-09-16,58.650001525878906
2021-09-17,58.935001373291016
2021-09-20,57.542999267578125
2021-09-21,57.31399917602539
2021-09-22,59.064998626708984
2021-09-23,59.32600021362305
2021-09-24,59.23899841308594
2021-09-27,59.263999938964844
2021-09-28,58.3849983215332
2021-09-29,59.90599822998047
2021-09-30,61.034000396728516
2021-10-01,61.314998626708984
2021-10-04,60.334999084472656
2021-10-05,63.48099899291992
2021-10-06,63.90999984741211
2021-10-07,63.185001373291016
2021-10-08,63.26599884033203
2021-10-11,62.70399856567383
2021-10-12,62.49399948120117
2021-10-13,62.97600173950195
2021-10-14,63.380001068115234
2021-10-15,62.82899856567383
2021-10-18,63.797000885009766
2021-10-19,63.900001525878906
2021-10-20,62.513999938964844
2021-10-21,65.31600189208984
2021-10-22,66.47799682617188
2021-10-25,67.16600036621094
2021-10-26,66.85199737548828
2021-10-27,66.29199981689453
2021-10-28,67.40499877929688
2021-10-29,69.03099822998047
2021-11-01,68.11699676513672
2021-11-02,67.77200317382812
2021-11-03,68.8290023803711
2021-11-04,66.83999633789062
2021-11-05,64.5719985961914
2021-11-08,65.1449966430664
2021-11-09,65.5989990234375
2021-11-10,64.69100189208984
2021-11-11,65.75800323486328
2021-11-12,68.26100158691406
2021-11-15,67.93299865722656
2021-11-16,68.73999786376953
2021-11-17,69.16899871826172
2021-11-18,68.2020034790039
2021-11-19,67.87999725341797
2021-11-22,65.91999816894531
2021-11-23,65.40599822998047
2021-11-24,65.8290023803711
2021-11-26,66.56400299072266
2021-11-29,66.38400268554688
2021-11-30,64.19000244140625
2021-12-01,61.777000427246094
2021-12-02,61.64699935913086
2021-12-03,60.2130012512207
2021-12-06,61.26900100708008
2021-12-07,62.55799865722656
2021-12-08,62.80799865722656
2021-12-09,61.099998474121094
2021-12-10,61.16600036621094
2021-12-13,60.45600128173828
2021-12-14,59.79899978637695
2021-12-15,60.50400161743164
2021-12-16,59.10599899291992
2021-12-17,58.67300033569336
2021-12-20,59.374000549316406
2021-12-21,60.492000579833984
2021-12-22,61.42399978637695
2021-12-23,61.409000396728516
2021-12-27,61.3120002746582
2021-12-28,61.07099914550781
2021-12-29,61.05400085449219
2021-12-30,61.20899963378906
2021-12-31,60.24399948120117
2022-01-03,59.73699951171875
2022-01-04,59.1150016784668
2022-01-05,56.75199890136719
2022-01-06,55.32899856567383
2022-01-07,54.10599899291992
2022-01-10,53.98500061035156
2022-01-11,54.08399963378906
2022-01-12,53.72200012207031
2022-01-13,51.91999816894531
2022-01-14,52.569000244140625
2022-01-18,51.08000183105469
2022-01-19,51.58599853515625
2022-01-20,50.82500076293945
2022-01-21,39.75
2022-01-24,38.71500015258789
2022-01-25,36.641998291015625
2022-01-26,35.970001220703125
2022-01-27,38.66999816894531
2022-01-28,38.43600082397461
2022-01-31,42.7140007019043
2022-02-01,45.7130012512207
2022-02-02,42.948001861572266
2022-02-03,40.560001373291016
2022-02-04,41.016998291015625
2022-02-07,40.209999084472656
2022-02-08,40.35300064086914
2022-02-09,41.28900146484375
2022-02-10,40.62699890136719
2022-02-11,39.13100051879883
2022-02-14,39.65700149536133
2022-02-15,40.74599838256836
2022-02-16,39.80799865722656
2022-02-17,38.66699981689453
2022-02-18,39.12900161743164
2022-02-22,37.737998962402344
2022-02-23,36.74599838256836
2022-02-24,39.00299835205078
2022-02-25,39.08000183105469
2022-02-28,39.45199966430664
2022-03-01,38.624000549316406
2022-03-02,38.00299835205078
2022-03-03,36.80699920654297
2022-03-04,36.17300033569336
2022-03-07,35.0260009765625
2022-03-08,34.17599868774414
2022-03-09,35.87900161743164
2022-03-10,35.676998138427734
2022-03-11,34.03200149536133
2022-03-14,33.10100173950195
2022-03-15,34.375
2022-03-16,35.75299835205078
2022-03-17,37.13999938964844
2022-03-18,38.060001373291016
2022-03-21,37.45899963378906
2022-03-22,38.29199981689453
2022-03-23,37.44900131225586
2022-03-24,37.57099914550781
2022-03-25,37.3849983215332
2022-03-28,37.85100173950195
2022-03-29,39.18199920654297
2022-03-30,38.14699935913086
2022-03-31,37.45899963378906
2022-04-01,37.34700012207031
2022-04-04,39.150001525878906
2022-04-05,38.01499938964844
2022-04-06,36.834999084472656
2022-04-07,36.21500015258789
2022-04-08,35.5880012512207
2022-04-11,34.79999923706055
2022-04-12,34.40999984741211
2022-04-13,35.042999267578125
2022-04-14,34.112998962402344
2022-04-18,33.7859992980957
2022-04-19,34.861000061035156
2022-04-20,22.618999481201172
2022-04-21,21.82200050354004
2022-04-22,21.552000045776367
2022-04-25,20.990999221801758
2022-04-26,19.84000015258789
2022-04-27,18.854000091552734
2022-04-28,19.95199966430664
2022-04-29,19.035999298095703
2022-05-02,19.945999145507812
2022-05-03,19.98699951171875
2022-05-04,20.400999069213867
2022-05-05,18.832000732421875
2022-05-06,18.097000122070312
2022-05-09,17.309999465942383
2022-05-10,17.766000747680664
2022-05-11,16.636999130249023
2022-05-12,17.430999755859375
2022-05-13,18.763999938964844
2022-05-16,18.650999069213867
2022-05-17,19.055999755859375
2022-05-18,17.7189998626709
2022-05-19,18.347999572753906
2022-05-20,18.635000228881836
2022-05-23,18.743999481201172
2022-05-24,18.034000396728516
2022-05-25,18.783000946044922
2022-05-26,19.139999389648438
2022-05-27,19.518999099731445
2022-05-31,19.743999481201172
2022-06-01,19.291000366210938
2022-06-02,20.509000778198242
2022-06-03,19.898000717163086
2022-06-06,19.714000701904297
2022-06-07,19.861000061035156
2022-06-08,20.283000946044922
2022-06-09,19.277000427246094
2022-06-10,18.29400062561035
2022-06-13,16.9689998626709
2022-06-14,16.753999710083008
2022-06-15,18.01099967956543
2022-06-16,17.334999084472656
2022-06-17,17.551000595092773
2022-06-21,17.090999603271484
2022-06-22,17.888999938964844
2022-06-23,18.17099952697754
2022-06-24,19.084999084472656
2022-06-27,18.913999557495117
2022-06-28,17.959999084472656
2022-06-29,17.836000442504883
2022-06-30,17.48699951171875
2022-07-01,17.9950008392334
2022-07-05,18.58799934387207
2022-07-06,18.4060001373291
2022-07-07,18.927000045776367
2022-07-08,18.697999954223633
2022-07-11,17.733999252319336
2022-07-12,17.44499969482422
2022-07-13,17.6560001373291
2022-07-14,17.47800064086914
2022-07-15,18.910999298095703
2022-07-18,19.091999053955078
2022-07-19,20.163000106811523
2022-07-20,21.643999099731445
2022-07-21,22.38800048828125
2022-07-22,22.04400062561035
2022-07-25,21.85099983215332
2022-07-26,21.391000747680664
2022-07-27,22.674999237060547
2022-07-28,22.601999282836914
2022-07-29,22.489999771118164
2022-08-01,22.621000289916992
2022-08-02,22.142000198364258
2022-08-03,22.67300033569336
2022-08-04,22.990999221801758
2022-08-05,22.67799949645996
2022-08-08,23.349000930786133
2022-08-09,22.993999481201172
2022-08-10,24.410999298095703
2022-08-11,24.270000457763672
2022-08-12,24.93000030517578
2022-08-15,24.910999298095703
2022-08-16,24.569000244140625
2022-08-17,24.114999771118164
2022-08-18,24.517000198364258
2022-08-19,24.115999221801758
2022-08-22,22.65399932861328
2022-08-23,22.454999923706055
2022-08-24,22.961000442504883
2022-08-25,23.398000717163086
2022-08-26,22.327999114990234
2022-08-29,22.457000732421875
2022-08-30,22.065000534057617
2022-08-31,22.356000900268555
2022-09-01,23.003999710083008
2022-09-02,22.611000061035156
2022-09-06,21.839000701904297
2022-09-07,22.895999908447266
2022-09-08,22.743999481201172
2022-09-09,23.35700035095215
2022-09-12,23.652999877929688
2022-09-13,21.812999725341797
2022-09-14,22.41200065612793
2022-09-15,23.538000106811523
2022-09-16,24.01300048828125
2022-09-19,24.363000869750977
2022-09-20,24.28499984741211
2022-09-21,23.687000274658203
2022-09-22,23.704999923706055
2022-09-23,22.641000747680664
2022-09-26,22.406999588012695
2022-09-27,22.43600082397461
2022-09-28,24.520000457763672
2022-09-29,23.97100067138672
2022-09-30,23.54400062561035
2022-10-03,23.90399932861328
2022-10-04,24.073999404907227
2022-10-05,23.67300033569336
2022-10-06,24.00200080871582
2022-10-07,22.475000381469727
2022-10-10,22.99799919128418
2022-10-11,21.429000854492188
2022-10-12,22.086999893188477
2022-10-13,23.250999450683594
2022-10-14,23.0
2022-10-17,24.510000228881836
2022-10-18,24.086000442504883
2022-10-19,27.238000869750977
2022-10-20,26.81599998474121
2022-10-21,28.957000732421875
2022-10-24,28.2450008392334
2022-10-25,29.101999282836914
2022-10-26,29.86199951171875
2022-10-27,29.694000244140625
2022-10-28,29.57200050354004
2022-10-31,29.187999725341797
2022-11-01,28.674999237060547
2022-11-02,27.299999237060547
2022-11-03,26.9060001373291
2022-11-04,26.07900047302246
2022-11-07,25.860000610351562
2022-11-08,26.34600067138672
2022-11-09,25.465999603271484
2022-11-10,27.496999740600586
2022-11-11,29.01300048828125
2022-11-14,29.927000045776367
2022-11-15,31.020000457763672
2022-11-16,30.601999282836914
2022-11-17,29.527999877929688
2022-11-18,28.79800033569336
2022-11-21,28.5049991607666
2022-11-22,28.66900062561035
2022-11-23,29.149999618530273
2022-11-25,28.554000854492188
2022-11-28,28.117000579833984
2022-11-29,28.09600067138672
2022-11-30,30.55299949645996
2022-12-01,31.69499969482422
2022-12-02,32.04100036621094
2022-12-05,31.259000778198242
2022-12-06,30.555999755859375
2022-12-07,30.841999053955078
2022-12-08,31.025999069213867
2022-12-09,32.000999450683594
2022-12-12,31.51799964904785
2022-12-13,32.034000396728516
2022-12-14,31.783000946044922
2022-12-15,29.041000366210938
2022-12-16,29.070999145507812
2022-12-19,28.829999923706055
2022-12-20,28.819000244140625
2022-12-21,29.79599952697754
2022-12-22,29.774999618530273
2022-12-23,29.496000289916992
2022-12-27,28.41699981689453
2022-12-28,27.687999725341797
2022-12-29,29.11199951171875
2022-12-30,29.488000869750977
2023-01-03,29.4950008392334
2023-01-04,30.94099998474121
2023-01-05,30.969999313354492
2023-01-06,31.55500030517578
2023-01-09,31.517000198364258
2023-01-10,32.75400161743164
2023-01-11,32.72600173950195
2023-01-12,33.01300048828125
2023-01-13,33.28200149536133
2023-01-17,32.62200164794922
2023-01-18,32.632999420166016
2023-01-19,31.577999114990234
2023-01-20,34.25
2023-01-23,35.742000579833984
2023-01-24,36.382999420166016
2023-01-25,36.79600143432617
2023-01-26,36.48699951171875
2023-01-27,36.07699966430664
2023-01-30,35.31100082397461
2023-01-31,35.38600158691406
2023-02-01,36.19900131225586
2023-02-02,36.68899917602539
2023-02-03,36.59000015258789
2023-02-06,36.14799880981445
2023-02-07,36.29499816894531
2023-02-08,36.68299865722656
2023-02-09,36.25
2023-02-10,34.736000061035156
2023-02-13,35.856998443603516
2023-02-14,35.99599838256836
2023-02-15,36.141998291015625
2023-02-16,35.07099914550781
2023-02-17,34.79600143432617
2023-02-21,33.75
2023-02-22,33.487998962402344
2023-02-23,32.3650016784668
2023-02-24,31.71500015258789
2023-02-27,32.303001403808594
2023-02-28,32.2130012512207
2023-03-01,31.347999572753906
2023-03-02,31.187999725341797
2023-03-03,31.51799964904785
2023-03-06,31.202999114990234
2023-03-07,30.847000122070312
2023-03-08,31.179000854492188
2023-03-09,29.777999877929688
2023-03-10,29.275999069213867
2023-03-13,29.35099983215332
2023-03-14,29.493999481201172
2023-03-15,30.378999710083008
2023-03-16,31.006000518798828
2023-03-17,30.350000381469727
2023-03-20,30.51300048828125
2023-03-21,30.57900047302246
2023-03-22,29.389999389648438
2023-03-23,32.0369987487793
2023-03-24,32.8390007019043
2023-03-27,32.76599884033203
2023-03-28,32.35200119018555
2023-03-29,33.202999114990234
2023-03-30,33.84299850463867
2023-03-31,34.54800033569336
2023-04-03,34.827999114990234
2023-04-04,34.67499923706055
2023-04-05,34.23500061035156
2023-04-06,33.93299865722656
2023-04-10,33.89899826049805
2023-04-11,33.82099914550781
2023-04-12,33.10300064086914
2023-04-13,34.61899948120117
2023-04-14,33.862998962402344
2023-04-17,33.27199935913086
2023-04-18,33.369998931884766
2023-04-19,32.3120002746582
2023-04-20,32.53499984741211
2023-04-21,32.79800033569336
2023-04-24,32.902000427246094
2023-04-25,32.255001068115234
2023-04-26,32.1150016784668
2023-04-27,32.584999084472656
2023-04-28,32.99300003051758
2023-05-01,32.4119987487793
2023-05-02,31.7549991607666
2023-05-03,31.93000030517578
2023-05-04,32.077999114990234
2023-05-05,32.2760009765625
2023-05-08,33.12099838256836
2023-05-09,33.2140007019043
2023-05-10,33.54199981689453
2023-05-11,34.47600173950195
2023-05-12,33.98899841308594
2023-05-15,33.5890007019043
2023-05-16,33.375
2023-05-17,33.99599838256836
2023-05-18,37.12900161743164
2023-05-19,36.5359992980957
2023-05-22,36.30099868774414
2023-05-23,35.5989990234375
2023-05-24,36.48500061035156
2023-05-25,35.900001525878906
2023-05-26,37.88800048828125
2023-05-30,39.29800033569336
2023-05-31,39.52299880981445
2023-06-01,40.3129997253418
2023-06-02,40.047000885009766
2023-06-05,40.354000091552734
2023-06-06,39.92900085449219
2023-06-07,39.97700119018555
2023-06-08,40.9370002746582
2023-06-09,42.00199890136719
2023-06-12,42.39699935913086
2023-06-13,43.573001861572266
2023-06-14,44.08599853515625
2023-06-15,44.527000427246094
2023-06-16,43.19599914550781
2023-06-20,43.470001220703125
2023-06-21,42.44499969482422
2023-06-22,42.24800109863281
2023-06-23,42.402000427246094
2023-06-26,41.59400177001953
2023-06-27,41.70800018310547
2023-06-28,42.98400115966797
2023-06-29,42.82400131225586
2023-06-30,44.04899978637695
2023-07-03,44.14400100708008
2023-07-05,44.59000015258789
2023-07-06,43.88399887084961
2023-07-07,43.810001373291016
2023-07-10,44.17100143432617
2023-07-11,44.020999908447266
2023-07-12,44.404998779296875
2023-07-13,45.03799819946289
2023-07-14,44.191001892089844
2023-07-17,45.005001068115234
2023-07-18,47.47999954223633
2023-07-19,47.75899887084961
2023-07-20,43.742000579833984
2023-07-21,42.75
2023-07-24,42.83700180053711
2023-07-25,42.77000045776367
2023-07-26,42.266998291015625
2023-07-27,41.31700134277344
2023-07-28,42.577999114990234
2023-07-31,43.89699935913086
2023-08-01,43.86199951171875
2023-08-02,42.970001220703125
2023-08-03,43.099998474121094
2023-08-04,43.15999984741211
2023-08-07,44.07600021362305
2023-08-08,43.83000183105469
2023-08-09,42.88999938964844
2023-08-10,42.99800109863281
2023-08-11,42.16600036621094
2023-08-14,42.77799987792969
2023-08-15,42.369998931884766
2023-08-16,41.54499816894531
2023-08-17,40.29999923706055
2023-08-18,40.452999114990234
2023-08-21,40.82899856567383
2023-08-22,41.31700134277344
2023-08-23,42.755001068115234
2023-08-24,40.69300079345703
2023-08-25,41.60300064086914
2023-08-28,41.805999755859375
2023-08-29,42.999000549316406
2023-08-30,43.46699905395508
2023-08-31,43.36800003051758
2023-09-01,43.987998962402344
2023-09-05,44.86800003051758
2023-09-06,44.57600021362305
2023-09-07,44.31399917602539
2023-09-08,44.279998779296875
2023-09-11,44.5359992980957
2023-09-12,43.46900177001953
2023-09-13,41.2239990234375
2023-09-14,40.04899978637695
2023-09-15,39.694000244140625
2023-09-18,39.439998626708984
2023-09-19,39.619998931884766
2023-09-20,38.630001068115234
2023-09-21,38.415000915527344
2023-09-22,37.98099899291992
2023-09-25,38.47999954223633
2023-09-26,37.92499923706055
2023-09-27,37.75899887084961
2023-09-28,37.63600158691406
2023-09-29,37.7599983215332
2023-10-02,38.03300094604492
2023-10-03,37.67499923706055
2023-10-04,37.689998626708984
2023-10-05,37.25899887084961
2023-10-06,38.1510009765625
2023-10-09,38.595001220703125
2023-10-10,37.332000732421875
2023-10-11,36.59299850463867
2023-10-12,36.119998931884766
2023-10-13,35.56800079345703
2023-10-16,36.082000732421875
2023-10-17,35.571998596191406
2023-10-18,34.61899948120117
2023-10-19,40.176998138427734
2023-10-20,40.09600067138672
2023-10-23,40.683998107910156
2023-10-24,41.37300109863281
2023-10-25,41.125
2023-10-26,40.354000091552734
2023-10-27,39.7869987487793
2023-10-30,41.007999420166016
2023-10-31,41.16899871826172
2023-11-01,42.01900100708008
2023-11-02,42.47100067138672
2023-11-03,43.236000061035156
2023-11-06,43.4739990234375
2023-11-07,43.46099853515625
2023-11-08,43.665000915527344
2023-11-09,43.51499938964844
2023-11-10,44.7239990234375
2023-11-13,44.46200180053711
2023-11-14,44.8650016784668
2023-11-15,46.194000244140625
2023-11-16,46.69499969482422
2023-11-17,46.590999603271484
2023-11-20,47.446998596191406
2023-11-21,47.494998931884766
2023-11-22,47.79999923706055
2023-11-24,47.95600128173828
2023-11-27,47.91699981689453
2023-11-28,47.900001525878906
2023-11-29,47.71900177001953
2023-11-30,47.39699935913086
2023-12-01,46.57400131225586
2023-12-04,45.38999938964844
2023-12-05,45.51499938964844
2023-12-06,44.67300033569336
2023-12-07,45.20000076293945
2023-12-08,45.375999450683594
2023-12-11,45.98899841308594
2023-12-12,46.29999923706055
2023-12-13,47.99800109863281
2023-12-14,46.983001708984375
2023-12-15,47.20600128173828
2023-12-18,48.61199951171875
2023-12-19,49.50199890136719
2023-12-20,48.926998138427734
2023-12-21,49.1609992980957
2023-12-22,48.67599868774414
2023-12-26,49.11899948120117
2023-12-27,49.17900085449219
2023-12-28,49.05099868774414
2023-12-29,48.6879997253418
2024-01-02,46.849998474121094
2024-01-03,47.0260009765625
2024-01-04,47.46699905395508
2024-01-05,47.40599822998047
2024-01-08,48.50299835205078
2024-01-09,48.20899963378906
2024-01-10,47.83300018310547
2024-01-11,49.222999572753906
2024-01-12,49.215999603271484
2024-01-16,48.124000549316406
2024-01-17,48.03300094604492
2024-01-18,48.53099822998047
2024-01-19,48.29499816894531
2024-01-22,48.57099914550781
2024-01-23,49.21900177001953
2024-01-24,54.48699951171875
2024-01-25,56.20000076293945
2024-01-26,57.04199981689453
2024-01-29,57.57899856567383
2024-01-30,56.28499984741211
2024-01-31,56.4109992980957
2024-02-01,56.750999450683594
2024-02-02,56.4640007019043
2024-02-05,56.20600128173828
2024-02-06,55.5880012512207
2024-02-07,55.93000030517578
2024-02-08,55.85300064086914
2024-02-09,56.13199996948242
2024-02-12,55.78499984741211
2024-02-13,55.45199966430664
2024-02-14,57.93299865722656
2024-02-15,59.34600067138672
2024-02-16,58.39500045776367
2024-02-20,57.51300048828125
2024-02-21,57.334999084472656
2024-02-22,58.84700012207031
2024-02-23,58.35599899291992
2024-02-26,58.76499938964844
2024-02-27,60.16699981689453
2024-02-28,59.64799880981445
2024-02-29,60.29199981689453
2024-03-01,61.933998107910156
2024-03-04,61.58300018310547
2024-03-05,59.849998474121094
2024-03-06,59.76900100708008
2024-03-07,60.85100173950195
2024-03-08,60.481998443603516
2024-03-11,60.09299850463867
2024-03-12,61.108001708984375
2024-03-13,60.94499969482422
2024-03-14,61.30099868774414
2024-03-15,60.5880012512207
2024-03-18,61.8390007019043
2024-03-19,62.07400131225586
2024-03-20,62.76900100708008
2024-03-21,62.270999908447266
2024-03-22,62.80099868774414
2024-03-25,62.74599838256836
2024-03-26,62.92399978637695
2024-03-27,61.35300064086914
2024-03-28,60.733001708984375
2024-04-01,61.430999755859375
2024-04-02,61.42100143432617
2024-04-03,63.007999420166016
2024-04-04,61.7140007019043
2024-04-05,63.61800003051758
2024-04-08,62.840999603271484
2024-04-09,61.81999969482422
2024-04-10,61.858001708984375
2024-04-11,62.87799835205078
2024-04-12,62.28300094604492
2024-04-15,60.71500015258789
2024-04-16,61.75199890136719
2024-04-17,61.36899948120117
2024-04-18,61.055999755859375
2024-04-19,55.50400161743164
2024-04-22,55.459999084472656
2024-04-23,57.775001525878906
2024-04-24,55.512001037597656
2024-04-25,56.47999954223633
2024-04-26,56.12300109863281
2024-04-29,55.94900131225586
2024-04-30,55.06399917602539
2024-05-01,55.17100143432617
2024-05-02,56.51499938964844
2024-05-03,57.933998107910156
2024-05-06,59.696998596191406
2024-05-07,60.599998474121094
2024-05-08,60.946998596191406
2024-05-09,61.20899963378906
2024-05-10,61.08700180053711
2024-05-13,61.659000396728516
2024-05-14,61.36600112915039
2024-05-15,61.35200119018555
2024-05-16,61.051998138427734
2024-05-17,62.11000061035156
2024-05-20,64.08200073242188
2024-05-21,65.06099700927734
2024-05-22,64.0469970703125
2024-05-23,63.56700134277344
2024-05-24,64.67500305175781
2024-05-28,64.9000015258789
2024-05-29,65.46199798583984
2024-05-30,64.76599884033203
2024-05-31,64.16200256347656
2024-06-03,63.37900161743164
2024-06-04,63.1619987487793
2024-06-05,65.0270004272461
2024-06-06,64.85199737548828
2024-06-07,64.14700317382812
2024-06-10,64.44999694824219
2024-06-11,64.8550033569336
2024-06-12,65.00599670410156
2024-06-13,65.32599639892578
2024-06-14,66.93800354003906
2024-06-17,67.58300018310547
2024-06-18,68.56700134277344
2024-06-20,67.90299987792969
2024-06-21,68.61199951171875
2024-06-24,66.9020004272461
2024-06-25,67.24099731445312
2024-06-26,67.76899719238281
2024-06-27,68.43399810791016
2024-06-28,67.48799896240234
2024-07-01,67.36100006103516
2024-07-02,67.95800018310547
2024-07-03,68.2509994506836
2024-07-05,69.06500244140625
2024-07-08,68.5739974975586
2024-07-09,68.5739974975586
2024-07-10,67.76499938964844
2024-07-11,65.2750015258789
2024-07-12,64.76000213623047
2024-07-15,65.6449966430664
2024-07-16,65.63200378417969
2024-07-17,64.74600219726562
2024-07-18,64.30400085449219
2024-07-19,63.33399963378906
2024-07-22,64.75
2024-07-23,64.2760009765625
2024-07-24,63.5989990234375
2024-07-25,63.409000396728516
2024-07-26,63.137001037597656
2024-07-29,62.69599914550781
2024-07-30,62.257999420166016
2024-07-31,62.834999084472656
2024-08-01,62.48500061035156
2024-08-02,61.36399841308594
2024-08-05,59.85499954223633
2024-08-06,60.957000732421875
2024-08-07,61.14799880981445
2024-08-08,63.03499984741211
2024-08-09,63.39400100708008
2024-08-12,63.31399917602539
2024-08-13,64.802001953125
2024-08-14,66.16799926757812
2024-08-15,66.3219985961914
2024-08-16,67.40699768066406
2024-08-19,68.85299682617188
2024-08-20,69.85399627685547
2024-08-21,69.71199798583984
2024-08-22,68.89600372314453
2024-08-23,68.6729965209961
2024-08-26,68.84400177001953
2024-08-27,69.5719985961914
2024-08-28,68.38400268554688
2024-08-29,69.24800109863281
2024-08-30,70.13500213623047
2024-09-03,67.53199768066406
2024-09-04,67.96800231933594
2024-09-05,68.36199951171875
2024-09-06,66.5770034790039
2024-09-09,67.54199981689453
2024-09-10,67.36199951171875
2024-09-11,68.14700317382812
2024-09-12,68.68000030517578
2024-09-13,69.70600128173828
2024-09-16,69.6500015258789
2024-09-17,70.69100189208984
2024-09-18,69.0469970703125
2024-09-19,70.43199920654297
2024-09-20,70.10299682617188
2024-09-23,70.53700256347656
2024-09-24,72.22599792480469
2024-09-25,72.15599822998047
2024-09-26,71.14299774169922
2024-09-27,70.73500061035156
2024-09-30,70.927001953125
2024-10-01,70.61299896240234
2024-10-02,71.10900115966797
2024-10-03,70.68000030517578
2024-10-04,71.97000122070312
2024-10-07,70.19200134277344
2024-10-08,72.1760025024414
2024-10-09,72.74299621582031
2024-10-10,73.02899932861328
2024-10-11,72.27899932861328
2024-10-14,71.30000305175781
2024-10-15,70.5979995727539
2024-10-16,70.19999694824219
2024-10-17,68.76499938964844
2024-10-18,76.38899993896484
2024-10-21,77.20700073242188
2024-10-22,76.42400360107422
2024-10-23,74.92900085449219
2024-10-24,75.45500183105469
2024-10-25,75.46800231933594
2024-10-28,74.91200256347656
2024-10-29,75.94400024414062
2024-10-30,75.3740005493164
2024-10-31,75.60299682617188
2024-11-01,75.61000061035156
2024-11-04,75.5510025024414
2024-11-05,76.39099884033203
2024-11-06,78.02100372314453
2024-11-07,79.65399932861328
2024-11-08,79.50399780273438
2024-11-11,80.54399871826172
2024-11-12,81.94999694824219
2024-11-13,83.0469970703125
2024-11-14,83.72599792480469
2024-11-15,82.39600372314453
2024-11-18,84.70500183105469
2024-11-19,87.13200378417969
2024-11-20,88.38500213623047
2024-11-21,89.74800109863281
2024-11-22,89.77899932861328
2024-11-25,86.55899810791016
2024-11-26,87.26000213623047
2024-11-27,87.73400115966797
2024-11-29,88.68099975585938
2024-12-02,89.77400207519531
2024-12-03,90.21700286865234
2024-12-04,91.10600280761719
2024-12-05,91.78700256347656
2024-12-06,93.4739990234375
2024-12-09,91.36900329589844
2024-12-10,91.33499908447266
2024-12-11,93.65599822998047
2024-12-12,92.55500030517578
2024-12-13,91.88700103759766
2024-12-16,92.10800170898438
2024-12-17,91.91300201416016
2024-12-18,88.95500183105469
2024-12-19,90.2040023803711
2024-12-20,90.90499877929688
2024-12-23,91.1449966430664
2024-12-24,93.21199798583984
2024-12-26,92.41400146484375
2024-12-27,90.75499725341797
2024-12-30,90.04299926757812
2024-12-31,89.13200378417969
2025-01-02,88.6729965209961
2025-01-03,88.1050033569336
2025-01-06,88.17900085449219
2025-01-07,87.91899871826172
2025-01-08,87.5
2025-01-10,83.76899719238281
2025-01-13,84.02899932861328
2025-01-14,82.83999633789062
2025-01-15,84.82599639892578
2025-01-16,84.23699951171875
2025-01-17,85.80999755859375
2025-01-21,86.96800231933594
2025-01-22,95.39900207519531
2025-01-23,98.48600006103516
2025-01-24,97.75900268554688
2025-01-27,97.18900299072266
2025-01-28,97.18299865722656
2025-01-29,97.81500244140625
2025-01-30,97.3239974975586
2025-01-31,97.6760025024414
2025-02-03,97.89399719238281
2025-02-04,99.48699951171875
2025-02-05,101.11100006103516
2025-02-06,101.56800079345703
2025-02-07,101.39299774169922
2025-02-10,102.76000213623047
2025-02-11,100.80799865722656
2025-02-12,102.73100280761719
2025-02-13,104.36900329589844
2025-02-14,105.86000061035156
2025-02-18,103.58499908447266
2025-02-19,104.33300018310547
2025-02-20,102.4540023803711
2025-02-21,100.31500244140625
2025-02-24,98.84700012207031
2025-02-25,97.7239990234375
2025-02-26,99.00599670410156
2025-02-27,96.30699920654297
2025-02-28,98.05599975585938
2025-03-03,97.37000274658203
2025-03-04,97.25800323486328
2025-03-05,99.09200286865234
2025-03-06,90.63600158691406
2025-03-07,89.11100006103516
2025-03-10,86.66799926757812
2025-03-11,89.51000213623047
2025-03-12,91.96800231933594
2025-03-13,89.01699829101562
2025-03-14,91.80000305175781
2025-03-17,95.00199890136719
2025-03-18,92.99800109863281
2025-03-19,95.9489974975586
2025-03-20,95.08399963378906
2025-03-21,96.02899932861328
2025-03-24,97.1989974975586
2025-03-25,99.72799682617188
2025-03-26,97.06500244140625
2025-03-27,97.6719970703125
2025-03-28,93.38500213623047
2025-03-31,93.25299835205078
2025-04-01,92.83799743652344
2025-04-02,93.552001953125
2025-04-03,91.70500183105469
2025-04-04,85.58599853515625
2025-04-07,86.78299713134766
2025-04-08,87.04000091552734
2025-04-09,94.5469970703125
2025-04-10,92.11699676513672
2025-04-11,91.8290023803711
2025-04-14,93.12799835205078
2025-04-15,97.62799835205078
2025-04-16,96.16300201416016
2025-04-17,97.3030014038086
2025-04-21,98.79100036621094
2025-04-22,104.03399658203125
2025-04-23,104.95899963378906
2025-04-24,109.68699645996094
2025-04-25,110.15299987792969
2025-04-28,111.03800201416016
2025-04-29,112.56400299072266
2025-04-30,113.1719970703125
2025-05-01,113.34700012207031
2025-05-02,115.64900207519531
2025-05-05,113.40599822998047
2025-05-06,113.76899719238281
2025-05-07,115.54100036621094
2025-05-08,114.44300079345703
2025-05-09,114.02200317382812
2025-05-12,111.0
2025-05-13,113.84400177001953
2025-05-14,115.0989990234375
2025-05-15,117.7979965209961
2025-05-16,119.15299987792969
2025-05-19,119.16400146484375
2025-05-20,119.2020034790039
2025-05-21,119.46299743652344
2025-05-22,118.7969970703125
2025-05-23,118.53900146484375
2025-05-27,121.15699768066406
2025-05-28,120.8550033569336
2025-05-29,118.48600006103516
2025-05-30,120.7229995727539
2025-06-02,121.89800262451172
2025-06-03,121.79399871826172
2025-06-04,123.96600341796875
2025-06-05,125.052001953125
2025-06-06,124.14700317382812
2025-06-09,122.44599914550781
2025-06-10,120.36199951171875
2025-06-11,121.98799896240234
2025-06-12,121.50299835205078
2025-06-13,121.21499633789062
2025-06-16,122.53500366210938
2025-06-17,122.06700134277344
2025-06-18,122.22899627685547
2025-06-20,123.14099884033203
2025-06-23,125.35399627685547
2025-06-24,127.91100311279297
2025-06-25,127.5250015258789
2025-06-26,130.66700744628906
2025-06-27,132.31199645996094
2025-06-30,133.91299438476562
2025-07-01,129.36000061035156
2025-07-02,128.48599243164062
2025-07-03,129.71800231933594
2025-07-07,128.96200561523438
2025-07-08,127.53099822998047
2025-07-09,128.8280029296875
2025-07-10,125.05899810791016
2025-07-11,124.51100158691406
2025-07-14,126.19499969482422
2025-07-15,126.0270004272461
2025-07-16,125.03099822998047
2025-07-17,127.41699981689453
2025-07-18,120.92400360107422
2025-07-21,123.3270034790039
2025-07-22,119.00800323486328
2025-07-23,117.6780014038086
2025-07-24,118.07599639892578
2025-07-25,118.04900360107422
2025-07-28,117.45999908447266
2025-07-29,116.8740005493164
2025-07-30,118.41999816894531
2025-07-31,115.94000244140625
2025-08-01,115.86000061035156
2025-08-04,117.0989990234375
2025-08-05,114.78700256347656
2025-08-06,117.8479995727539
2025-08-07,118.03700256347656
2025-08-08,121.16400146484375
2025-08-11,121.83100128173828
2025-08-12,122.52799987792969
2025-08-13,120.44400024414062
2025-08-14,123.05599975585938
2025-08-15,123.8949966430664
2025-08-18,124.50900268554688
2025-08-19,121.41500091552734
2025-08-20,121.38600158691406
2025-08-21,120.62100219726562
2025-08-22,120.46499633789062
2025-08-25,121.80699920654297
2025-08-26,122.60900115966797
2025-08-27,122.3499984741211
2025-08-28,123.1449966430664
2025-08-29,120.82499694824219
2025-09-02,121.41100311279297
2025-09-03,122.61799621582031
2025-09-04,125.74800109863281
2025-09-05,124.38200378417969
2025-09-08,124.47599792480469
2025-09-09,126.32499694824219
2025-09-10,124.77100372314453
2025-09-11,120.3499984741211
2025-09-12,118.84400177001953
2025-09-15,120.22599792480469
2025-09-16,120.0510025024414
2025-09-17,122.8499984741211
2025-09-18,120.77799987792969
2025-09-19,122.6969985961914
2025-09-22,122.73699951171875
2025-09-23,121.84700012207031
2025-09-24,120.3949966430664
2025-09-25,120.8239974975586
2025-09-26,121.06099700927734
2025-09-29,120.64099884033203
2025-09-30,119.89199829101562
2025-10-01,117.08999633789062
2025-10-02,116.25299835205078
2025-10-03,115.33200073242188
2025-10-06,116.33100128173828
2025-10-07,119.10600280761719
2025-10-08,121.42500305175781
2025-10-09,123.10700225830078
2025-10-10,122.00800323486328
2025-10-13,121.90299987792969
2025-10-14,121.53500366210938
2025-10-15,120.3290023803711
2025-10-16,118.35900115966797
2025-10-17,119.93599700927734
2025-10-20,123.85600280761719
2025-10-21,124.13500213623047
2025-10-22,111.63700103759766
2025-10-23,111.35900115966797
2025-10-24,109.46900177001953
2025-10-27,109.45600128173828
2025-10-28,110.25
2025-10-29,110.04100036621094
2025-10-30,108.9000015258789
2025-10-31,111.88600158691406
2025-11-03,110.00900268554688
2025-11-04,109.2959976196289
2025-11-05,109.84600067138672
2025-11-06,109.7020034790039
2025-11-07,110.36599731445312
2025-11-10,112.00700378417969
2025-11-11,113.64399719238281
2025-11-12,115.75
2025-11-13,115.4229965209961
2025-11-14,111.21700286865234
2025-11-17,110.29000091552734
2025-11-18,114.08999633789062
2025-11-19,110.0
2025-11-20,105.66999816894531
2025-11-21,104.30999755859375
2025-11-24,106.97000122070312
2025-11-25,104.4000015258789
2025-11-26,106.13999938964844
2025-11-28,107.58000183105469
2025-12-01,109.12999725341797
2025-12-02,109.3499984741211
2025-12-03,103.95999908447266
2025-12-04,103.22000122070312
