date,close
2010-12-09,0.3406039774417877
2010-12-10,0.3426669239997864
2010-12-13,0.33395692706108093
2010-12-14,0.33441537618637085
2010-12-15,0.32708075642585754
2010-12-16,0.3275390863418579
2010-12-17,0.3293727934360504
2010-12-20,0.32799744606018066
2010-12-21,0.34083321690559387
2010-12-22,0.34450048208236694
2010-12-23,0.3419792354106903
2010-12-27,0.34381282329559326
2010-12-28,0.342437744140625
2010-12-29,0.342437744140625
2010-12-30,0.3435836434364319
2010-12-31,0.35298123955726624
2011-01-03,0.3626079857349396
2011-01-04,0.3614620864391327
2011-01-05,0.3891962468624115
2011-01-06,0.4430602192878723
2011-01-07,0.45543748140335083
2011-01-10,0.47285744547843933
2011-01-11,0.4655226767063141
2011-01-12,0.5352020263671875
2011-01-13,0.5361188650131226
2011-01-14,0.5407032370567322
2011-01-18,0.5280964374542236
2011-01-19,0.5136563777923584
2011-01-20,0.5141150951385498
2011-01-21,0.5093015432357788
2011-01-24,0.5668327808380127
2011-01-25,0.5494130849838257
2011-01-26,0.5624780058860779
2011-01-27,0.5608735084533691
2011-01-28,0.5445995926856995
2011-01-31,0.5482668280601501
2011-02-01,0.5608735084533691
2011-02-02,0.5863156914710999
2011-02-03,0.5753136277198792
2011-02-04,0.5883784890174866
2011-02-07,0.56385338306427
2011-02-08,0.5471208691596985
2011-02-09,0.5338271856307983
2011-02-10,0.5230541229248047
2011-02-11,0.5379526615142822
2011-02-14,0.5297009944915771
2011-02-15,0.5168656706809998
2011-02-16,0.5358898639678955
2011-02-17,0.5886076092720032
2011-02-18,0.5874616503715515
2011-02-22,0.5319933295249939
2011-02-23,0.5067799687385559
2011-02-24,0.5191577076911926
2011-02-25,0.5299302935600281
2011-02-28,0.5193867087364197
2011-03-01,0.4962365925312042
2011-03-02,0.47560787200927734
2011-03-03,0.47835829854011536
2011-03-04,0.4758370518684387
2011-03-07,0.46918997168540955
2011-03-08,0.44810280203819275
2011-03-09,0.43870532512664795
2011-03-10,0.41074177622795105
2011-03-11,0.4137215316295624
2011-03-14,0.4171596169471741
2011-03-15,0.40478238463401794
2011-03-16,0.40180277824401855
2011-03-17,0.409366637468338
2011-03-18,0.40386560559272766
2011-03-21,0.4070744514465332
2011-03-22,0.39996910095214844
2011-03-23,0.4082205891609192
2011-03-24,0.44076812267303467
2011-03-25,0.4270156919956207
2011-03-28,0.4428310692310333
2011-03-29,0.4393928647041321
2011-03-30,0.4228897988796234
2011-03-31,0.42311903834342957
2011-04-01,0.4171596169471741
2011-04-04,0.40226098895072937
2011-04-05,0.4029487371444702
2011-04-06,0.40019822120666504
2011-04-07,0.4148675501346588
2011-04-08,0.40226098895072937
2011-04-11,0.3969893753528595
2011-04-12,0.39813533425331116
2011-04-13,0.4070744514465332
2011-04-14,0.4242651164531708
2011-04-15,0.4288494288921356
2011-04-18,0.4146382808685303
2011-04-19,0.4130339026451111
2011-04-20,0.425640344619751
2011-04-21,0.42449429631233215
2011-04-25,0.43114137649536133
2011-04-26,0.442372590303421
2011-04-27,0.442372590303421
2011-04-28,0.44718608260154724
2011-04-29,0.45841723680496216
2011-05-02,0.4522285759449005
2011-05-03,0.430682897567749
2011-05-04,0.4274740517139435
2011-05-05,0.427703320980072
2011-05-06,0.4428310692310333
2011-05-09,0.4526870548725128
2011-05-10,0.45337462425231934
2011-05-11,0.45543748140335083
2011-05-12,0.4698776304721832
2011-05-13,0.41853487491607666
2011-05-16,0.40569931268692017
2011-05-17,0.40409478545188904
2011-05-18,0.4134922921657562
2011-05-19,0.40753287076950073
2011-05-20,0.4146382808685303
2011-05-23,0.4141799211502075
2011-05-24,0.41578447818756104
2011-05-25,0.4208270013332367
2011-05-26,0.4313705861568451
2011-05-27,0.4469567537307739
2011-05-31,0.4593339264392853
2011-06-01,0.43870532512664795
2011-06-02,0.43664246797561646
2011-06-03,0.42311903834342957
2011-06-06,0.4141799211502075
2011-06-07,0.41395077109336853
2011-06-08,0.40271952748298645
2011-06-09,0.39813533425331116
2011-06-10,0.3924051523208618
2011-06-13,0.38965466618537903
2011-06-14,0.39286357164382935
2011-06-15,0.38438278436660767
2011-06-16,0.3710887134075165
2011-06-17,0.36237892508506775
2011-06-20,0.35802391171455383
2011-06-21,0.36581704020500183
2011-06-22,0.36077427864074707
2011-06-23,0.371547132730484
2011-06-24,0.36077427864074707
2011-06-27,0.3532104194164276
2011-06-28,0.3552733361721039
2011-06-29,0.36077427864074707
2011-06-30,0.3653585910797119
2011-07-01,0.37017181515693665
2011-07-05,0.36398327350616455
2011-07-06,0.3591699004173279
2011-07-07,0.3605450689792633
2011-07-08,0.3536689579486847
2011-07-11,0.3412915766239166
2011-07-12,0.3367074429988861
2011-07-13,0.336019903421402
2011-07-14,0.32272574305534363
2011-07-15,0.323184072971344
2011-07-18,0.316307932138443
2011-07-19,0.32593461871147156
2011-07-20,0.3218088150024414
2011-07-21,0.33693668246269226
2011-07-22,0.34381282329559326
2011-07-25,0.3383118808269501
2011-07-26,0.33006033301353455
2011-07-27,0.3176831901073456
2011-07-28,0.3169955015182495
2011-07-29,0.3169955015182495
2011-08-01,0.33395692706108093
2011-08-02,0.33051884174346924
2011-08-03,0.3394578695297241
2011-08-04,0.30713945627212524
2011-08-05,0.2968251705169678
2011-08-08,0.27344590425491333
2011-08-09,0.29636672139167786
2011-08-10,0.2828434109687805
2011-08-11,0.3073686957359314
2011-08-12,0.2952207326889038
2011-08-15,0.30645185708999634
2011-08-16,0.29774191975593567
2011-08-17,0.29361623525619507
2011-08-18,0.27367499470710754
2011-08-19,0.26886168122291565
2011-08-22,0.27367499470710754
2011-08-23,0.303242951631546
2011-08-24,0.2988879382610321
2011-08-25,0.2860523462295532
2011-08-26,0.298200398683548
2011-08-29,0.3062225878238678
2011-08-30,0.3135574162006378
2011-08-31,0.3050766885280609
2011-09-01,0.3043890595436096
2011-09-02,0.29613760113716125
2011-09-06,0.30209705233573914
2011-09-07,0.32662233710289
2011-09-08,0.3250178098678589
2011-09-09,0.3181416690349579
2011-09-12,0.3257054090499878
2011-09-13,0.3330400884151459
2011-09-14,0.3502308428287506
2011-09-15,0.3552733361721039
2011-09-16,0.3543565273284912
2011-09-19,0.34702181816101074
2011-09-20,0.33808279037475586
2011-09-21,0.3316648006439209
2011-09-22,0.30966076254844666
2011-09-23,0.31607872247695923
2011-09-26,0.3167663514614105
2011-09-27,0.31722453236579895
2011-09-28,0.30759793519973755
2011-09-29,0.3000340759754181
2011-09-30,0.28673991560935974
2011-10-03,0.270695298910141
2011-10-04,0.295678973197937
2011-10-05,0.3062225878238678
2011-10-06,0.3183708190917969
2011-10-07,0.3243303596973419
2011-10-10,0.3387705087661743
2011-10-11,0.33510294556617737
2011-10-12,0.334873765707016
2011-10-13,0.3543565273284912
2011-10-14,0.36031585931777954
2011-10-17,0.342437744140625
2011-10-18,0.3548150062561035
2011-10-19,0.34770944714546204
2011-10-20,0.3302895724773407
2011-10-21,0.33189404010772705
2011-10-24,0.34427133202552795
2011-10-25,0.33120644092559814
2011-10-26,0.33510294556617737
2011-10-27,0.349543035030365
2011-10-28,0.3575654625892639
2011-10-31,0.3392287790775299
2011-11-01,0.3222673535346985
2011-11-02,0.3167663514614105
2011-11-03,0.33579057455062866
2011-11-04,0.33968713879585266
2011-11-07,0.3378533720970154
2011-11-08,0.34564656019210815
2011-11-09,0.328226774930954
2011-11-10,0.3316648006439209
2011-11-11,0.34335434436798096
2011-11-14,0.3367074429988861
2011-11-15,0.3410625159740448
2011-11-16,0.3341861367225647
2011-11-17,0.3222673535346985
2011-11-18,0.31928759813308716
2011-11-21,0.3353322446346283
2011-11-22,0.34564656019210815
2011-11-23,0.3309772312641144
2011-11-25,0.3218088150024414
2011-11-28,0.3399164378643036
2011-11-29,0.34174999594688416
2011-11-30,0.3582530617713928
2011-12-01,0.3626079857349396
2011-12-02,0.36031585931777954
2011-12-05,0.3548150062561035
2011-12-06,0.34977230429649353
2011-12-07,0.34770944714546204
2011-12-08,0.3367074429988861
2011-12-09,0.3415208160877228
2011-12-12,0.3330400884151459
2011-12-13,0.3238717019557953
2011-12-14,0.311265230178833
2011-12-15,0.308514803647995
2011-12-16,0.30966076254844666
2011-12-19,0.30163848400115967
2011-12-20,0.3185999095439911
2011-12-21,0.3144741952419281
2011-12-22,0.32799744606018066
2011-12-23,0.32478854060173035
2011-12-27,0.3222673535346985
2011-12-28,0.31424495577812195
2011-12-29,0.32020440697669983
2011-12-30,0.3176831901073456
2012-01-03,0.3218088150024414
2012-01-04,0.32547619938850403
2012-01-05,0.33716583251953125
2012-01-06,0.33326923847198486
2012-01-09,0.33326923847198486
2012-01-10,0.33189404010772705
2012-01-11,0.32524698972702026
2012-01-12,0.323184072971344
2012-01-13,0.31470340490341187
2012-01-17,0.3098900318145752
2012-01-18,0.3204336166381836
2012-01-19,0.3289143145084381
2012-01-20,0.32593461871147156
2012-01-23,0.334873765707016
2012-01-24,0.342437744140625
2012-01-25,0.34037482738494873
2012-01-26,0.33716583251953125
2012-01-27,0.34174999594688416
2012-01-30,0.3392287790775299
2012-01-31,0.3385411500930786
2012-02-01,0.34220847487449646
2012-02-02,0.3550441861152649
2012-02-03,0.3626079857349396
2012-02-06,0.3598575294017792
2012-02-07,0.36077427864074707
2012-02-08,0.37383919954299927
2012-02-09,0.3736100494861603
2012-02-10,0.36444172263145447
2012-02-13,0.37017181515693665
2012-02-14,0.3722347915172577
2012-02-15,0.37063029408454895
2012-02-16,0.37704819440841675
2012-02-17,0.36329567432403564
2012-02-21,0.36512941122055054
2012-02-22,0.3626079857349396
2012-02-23,0.3646708130836487
2012-02-24,0.36192041635513306
2012-02-27,0.354585736989975
2012-02-28,0.3513767719268799
2012-02-29,0.3472509980201721
2012-03-01,0.349543035030365
2012-03-02,0.3525228798389435
2012-03-05,0.3406039774417877
2012-03-06,0.337395042181015
2012-03-07,0.3394578695297241
2012-03-08,0.3406039774417877
2012-03-09,0.33968713879585266
2012-03-12,0.33441537618637085
2012-03-13,0.33899953961372375
2012-03-14,0.3293727934360504
2012-03-15,0.3341861367225647
2012-03-16,0.3346446454524994
2012-03-19,0.3355613052845001
2012-03-20,0.33006033301353455
2012-03-21,0.3314356505870819
2012-03-22,0.3309772312641144
2012-03-23,0.33349844813346863
2012-03-26,0.337395042181015
2012-03-27,0.33968713879585266
2012-03-28,0.34748023748397827
2012-03-29,0.34908464550971985
2012-03-30,0.35298123955726624
2012-04-02,0.3513767719268799
2012-04-03,0.34564656019210815
2012-04-04,0.33579057455062866
2012-04-05,0.3353322446346283
2012-04-09,0.3309772312641144
2012-04-10,0.32455936074256897
2012-04-11,0.3286851644515991
2012-04-12,0.3364781439304352
2012-04-13,0.32455936074256897
2012-04-16,0.32066285610198975
2012-04-17,0.32135042548179626
2012-04-18,0.3179122805595398
2012-04-19,0.31309887766838074
2012-04-20,0.3069103956222534
2012-04-23,0.303242951631546
2012-04-24,0.2938454747200012
2012-04-25,0.2998049259185791
2012-04-26,0.3000340759754181
2012-04-27,0.2975127696990967
2012-04-30,0.297971248626709
2012-05-01,0.303242951631546
2012-05-02,0.29453301429748535
2012-05-03,0.2894904315471649
2012-05-04,0.281009703874588
2012-05-07,0.28582313656806946
2012-05-08,0.2855939567089081
2012-05-09,0.28673991560935974
2012-05-10,0.28467702865600586
2012-05-11,0.30278459191322327
2012-05-14,0.30095094442367554
2012-05-15,0.297971248626709
2012-05-16,0.2920117974281311
2012-05-17,0.2899489104747772
2012-05-18,0.27688395977020264
2012-05-21,0.2816973626613617
2012-05-22,0.27825918793678284
2012-05-23,0.2851354777812958
2012-05-24,0.27757176756858826
2012-05-25,0.2842187285423279
2012-05-29,0.2915533781051636
2012-05-30,0.28811535239219666
2012-05-31,0.2849062383174896
2012-06-01,0.2745918333530426
2012-06-04,0.26886168122291565
2012-06-05,0.2766548693180084
2012-06-06,0.28398942947387695
2012-06-07,0.27252906560897827
2012-06-08,0.27780085802078247
2012-06-11,0.281009703874588
2012-06-12,0.28673991560935974
2012-06-13,0.27917617559432983
2012-06-14,0.2757379114627838
2012-06-15,0.2816973626613617
2012-06-18,0.2842187285423279
2012-06-19,0.30347222089767456
2012-06-20,0.30828553438186646
2012-06-21,0.2943038046360016
2012-06-22,0.297971248626709
2012-06-25,0.28857359290122986
2012-06-26,0.2917826175689697
2012-06-27,0.3011801242828369
2012-06-28,0.30347222089767456
2012-06-29,0.3167663514614105
2012-07-02,0.30828553438186646
2012-07-03,0.316307932138443
2012-07-05,0.31309887766838074
2012-07-06,0.30713945627212524
2012-07-09,0.30301374197006226
2012-07-10,0.2938454747200012
2012-07-11,0.28903213143348694
2012-07-12,0.2842187285423279
2012-07-13,0.28788596391677856
2012-07-16,0.288802832365036
2012-07-17,0.2835310697555542
2012-07-18,0.29934632778167725
2012-07-19,0.30232614278793335
2012-07-20,0.29361623525619507
2012-07-23,0.2975127696990967
2012-07-24,0.2943038046360016
2012-07-25,0.3000340759754181
2012-07-26,0.30140942335128784
2012-07-27,0.308973103761673
2012-07-30,0.3055350184440613
2012-07-31,0.3103484511375427
2012-08-01,0.3069103956222534
2012-08-02,0.308056503534317
2012-08-03,0.3144741952419281
2012-08-06,0.3211212754249573
2012-08-07,0.3243303596973419
2012-08-08,0.32616379857063293
2012-08-09,0.33716583251953125
2012-08-10,0.33510294556617737
2012-08-13,0.3394578695297241
2012-08-14,0.33441537618637085
2012-08-15,0.33189404010772705
2012-08-16,0.3387705087661743
2012-08-17,0.33579057455062866
2012-08-20,0.33579057455062866
2012-08-21,0.334873765707016
2012-08-22,0.3355613052845001
2012-08-23,0.32799744606018066
2012-08-24,0.3346446454524994
2012-08-27,0.3289143145084381
2012-08-28,0.3275390863418579
2012-08-29,0.328226774930954
2012-08-30,0.32203802466392517
2012-08-31,0.3215797245502472
2012-09-04,0.3043890595436096
2012-09-05,0.3053058385848999
2012-09-06,0.31470340490341187
2012-09-07,0.30713945627212524
2012-09-10,0.3043890595436096
2012-09-11,0.308056503534317
2012-09-12,0.31149446964263916
2012-09-13,0.3135574162006378
2012-09-14,0.31722453236579895
2012-09-17,0.308514803647995
2012-09-18,0.3105776011943817
2012-09-19,0.31424495577812195
2012-09-20,0.3119528591632843
2012-09-21,0.31332823634147644
2012-09-24,0.31309887766838074
2012-09-25,0.3073686957359314
2012-09-26,0.30209705233573914
2012-09-27,0.3043890595436096
2012-09-28,0.30576419830322266
2012-10-01,0.30072182416915894
2012-10-02,0.3018677830696106
2012-10-03,0.2988879382610321
2012-10-04,0.31218215823173523
2012-10-05,0.30484750866889954
2012-10-08,0.3018677830696106
2012-10-09,0.2954498827457428
2012-10-10,0.29040732979774475
2012-10-11,0.2920117974281311
2012-10-12,0.2894904315471649
2012-10-15,0.2931578457355499
2012-10-16,0.30163848400115967
2012-10-17,0.29934632778167725
2012-10-18,0.2947622537612915
2012-10-19,0.27757176756858826
2012-10-22,0.2743626534938812
2012-10-23,0.28261426091194153
2012-10-24,0.27894681692123413
2012-10-25,0.27917617559432983
2012-10-26,0.2761964201927185
2012-10-31,0.2745918333530426
2012-11-01,0.2876568138599396
2012-11-02,0.2862814962863922
2012-11-05,0.29842960834503174
2012-11-06,0.298200398683548
2012-11-07,0.28903213143348694
2012-11-08,0.2906365692615509
2012-11-09,0.2794052064418793
2012-11-12,0.27321675419807434
2012-11-13,0.27115368843078613
2012-11-14,0.26450666785240173
2012-11-15,0.2656528055667877
2012-11-16,0.2608393728733063
2012-11-19,0.26817405223846436
2012-11-20,0.26505982875823975
2012-11-21,0.2726724147796631
2012-11-23,0.27451804280281067
2012-11-26,0.27936238050460815
2012-11-27,0.2805158495903015
2012-11-28,0.2828225791454315
2012-11-29,0.27774760127067566
2012-11-30,0.2761327028274536
2012-12-03,0.27105769515037537
2012-12-04,0.27913179993629456
2012-12-05,0.27590206265449524
2012-12-06,0.2763634920120239
2012-12-07,0.27590206265449524
2012-12-10,0.2851296067237854
2012-12-11,0.2918194532394409
2012-12-12,0.2888205349445343
2012-12-13,0.2890511751174927
2012-12-14,0.2904353737831116
2012-12-17,0.28928208351135254
2012-12-18,0.28974342346191406
2012-12-19,0.2918194532394409
2012-12-20,0.29158878326416016
2012-12-21,0.28489890694618225
2012-12-24,0.28259196877479553
2012-12-26,0.28236135840415955
2012-12-27,0.2805158495903015
2012-12-28,0.27913179993629456
2012-12-31,0.2828225791454315
2013-01-02,0.29343438148498535
2013-01-03,0.29366499185562134
2013-01-04,0.3033539056777954
2013-01-07,0.2945878207683563
2013-01-08,0.2881285548210144
2013-01-09,0.2816692590713501
2013-01-10,0.28213074803352356
2013-01-11,0.2816692590713501
2013-01-14,0.2814386785030365
2013-01-15,0.2763634920120239
2013-01-16,0.27890095114707947
2013-01-17,0.28259196877479553
2013-01-18,0.28074660897254944
2013-01-22,0.27936238050460815
2013-01-23,0.27982380986213684
2013-01-24,0.2812078595161438
2013-01-25,0.28628304600715637
2013-01-28,0.29089683294296265
2013-01-29,0.2846681773662567
2013-01-30,0.28420695662498474
2013-01-31,0.2828225791454315
2013-02-01,0.28536030650138855
2013-02-04,0.2805158495903015
2013-02-05,0.2869749963283539
2013-02-06,0.2846681773662567
2013-02-07,0.2835147976875305
2013-02-08,0.28536030650138855
2013-02-11,0.2885899543762207
2013-02-12,0.2867443859577179
2013-02-13,0.28536030650138855
2013-02-14,0.29366499185562134
2013-02-15,0.29366499185562134
2013-02-19,0.28974342346191406
2013-02-20,0.2855910360813141
2013-02-21,0.2835147976875305
2013-02-22,0.2888205349445343
2013-02-25,0.28374531865119934
2013-02-26,0.28711092472076416
2013-02-27,0.29244938492774963
2013-02-28,0.2938419282436371
2013-03-01,0.29500243067741394
2013-03-04,0.2938419282436371
2013-03-05,0.29709142446517944
2013-03-06,0.2968592643737793
2013-03-07,0.2961629629135132
2013-03-08,0.2975556552410126
2013-03-11,0.29477035999298096
2013-03-12,0.2956986725330353
2013-03-13,0.2956986725330353
2013-03-14,0.2959308624267578
2013-03-15,0.29337766766548157
2013-03-18,0.2912888824939728
2013-03-19,0.28943201899528503
2013-03-20,0.2929134964942932
2013-03-21,0.2882714867591858
2013-03-22,0.2896641194820404
2013-03-25,0.28803932666778564
2013-03-26,0.2901284098625183
2013-03-27,0.2936098277568817
2013-03-28,0.2977876663208008
2013-04-01,0.28803932666778564
2013-04-02,0.2850220501422882
2013-04-03,0.28154048323631287
2013-04-04,0.2843257486820221
2013-04-05,0.2891998589038849
2013-04-08,0.28850361704826355
2013-04-09,0.29314562678337097
2013-04-10,0.2977876663208008
2013-04-11,0.29639509320259094
2013-04-12,0.3038223385810852
2013-04-15,0.2975556552410126
2013-04-16,0.3008049428462982
2013-04-17,0.2968592643737793
2013-04-18,0.291056752204895
2013-04-19,0.29175302386283875
2013-04-22,0.2922171354293823
2013-04-23,0.29987651109695435
2013-04-24,0.31008902192115784
2013-04-25,0.3126421868801117
2013-04-26,0.3112495541572571
2013-04-29,0.3149634301662445
2013-04-30,0.3196053206920624
2013-05-01,0.31682008504867554
2013-05-02,0.32053372263908386
2013-05-03,0.3219263255596161
2013-05-06,0.3209979832172394
2013-05-07,0.31682008504867554
2013-05-08,0.32262277603149414
2013-05-09,0.3228546679019928
2013-05-10,0.3374771773815155
2013-05-13,0.33051419258117676
2013-05-14,0.3353883624076843
2013-05-15,0.3411909341812134
2013-05-16,0.3395662009716034
2013-05-17,0.3451365828514099
2013-05-20,0.34444019198417664
2013-05-21,0.3480563163757324
2013-05-22,0.3359255790710449
2013-05-23,0.34129098057746887
2013-05-24,0.3391914367675781
2013-05-28,0.338958203792572
2013-05-29,0.33685868978500366
2013-05-30,0.34129098057746887
2013-05-31,0.33755844831466675
2013-06-03,0.3370920717716217
2013-06-04,0.33755844831466675
2013-06-05,0.3303268253803253
2013-06-06,0.3324263095855713
2013-06-07,0.3370920717716217
2013-06-10,0.33685868978500366
2013-06-11,0.3305600881576538
2013-06-12,0.3277607560157776
2013-06-13,0.3352257013320923
2013-06-14,0.3347592055797577
2013-06-17,0.33802515268325806
2013-06-18,0.3359255790710449
2013-06-19,0.3461898863315582
2013-06-20,0.33685868978500366
2013-06-21,0.33639204502105713
2013-06-24,0.3293936550617218
2013-06-25,0.3317265510559082
2013-06-26,0.32986024022102356
2013-06-27,0.3268275856971741
2013-06-28,0.32752740383148193
2013-07-01,0.32892701029777527
2013-07-02,0.32869377732276917
2013-07-03,0.32962706685066223
2013-07-05,0.3321931064128876
2013-07-08,0.3305600881576538
2013-07-09,0.3321931064128876
2013-07-10,0.336625337600708
2013-07-11,0.34129098057746887
2013-07-12,0.34152430295944214
2013-07-15,0.34082451462745667
2013-07-16,0.3426906168460846
2013-07-17,0.34082451462745667
2013-07-18,0.339424729347229
2013-07-19,0.3321931064128876
2013-07-22,0.3319598138332367
2013-07-23,0.3314931392669678
2013-07-24,0.3314931392669678
2013-07-25,0.33265969157218933
2013-07-26,0.3312598764896393
2013-07-29,0.3305600881576538
2013-07-30,0.336158812046051
2013-07-31,0.33685868978500366
2013-08-01,0.34152430295944214
2013-08-02,0.34432363510131836
2013-08-05,0.34595656394958496
2013-08-06,0.34082451462745667
2013-08-07,0.340591162443161
2013-08-08,0.3429241180419922
2013-08-09,0.33802515268325806
2013-08-12,0.3352257013320923
2013-08-13,0.33639204502105713
2013-08-14,0.350622296333313
2013-08-15,0.35295507311820984
2013-08-16,0.3543548285961151
2013-08-19,0.3487560451030731
2013-08-20,0.35051435232162476
2013-08-21,0.34887319803237915
2013-08-22,0.3507488965988159
2013-08-23,0.3507488965988159
2013-08-26,0.351452112197876
2013-08-27,0.3469974994659424
2013-08-28,0.3469974994659424
2013-08-29,0.34629425406455994
2013-08-30,0.34582528471946716
2013-09-03,0.34605973958969116
2013-09-04,0.3493422567844391
2013-09-05,0.3502800464630127
2013-09-06,0.34887319803237915
2013-09-09,0.35473471879959106
2013-09-10,0.3622373640537262
2013-09-11,0.36833322048187256
2013-09-12,0.36809882521629333
2013-09-13,0.37044334411621094
2013-09-16,0.3706778287887573
2013-09-17,0.3718501627445221
2013-09-18,0.37513265013694763
2013-09-19,0.3734912574291229
2013-09-20,0.3702089190483093
2013-09-23,0.36669206619262695
2013-09-24,0.36809882521629333
2013-09-25,0.36856773495674133
2013-09-26,0.3673954904079437
2013-09-27,0.36528533697128296
2013-09-30,0.3648163378238678
2013-10-01,0.3645819127559662
2013-10-02,0.36434754729270935
2013-10-03,0.3605961203575134
2013-10-04,0.3655197322368622
2013-10-07,0.3655197322368622
2013-10-08,0.3624717593193054
2013-10-09,0.35684481263160706
2013-10-10,0.3608305752277374
2013-10-11,0.35778260231018066
2013-10-14,0.3631751835346222
2013-10-15,0.3612994849681854
2013-10-16,0.36575421690940857
2013-10-17,0.3664575517177582
2013-10-18,0.3706778287887573
2013-10-21,0.3716157078742981
2013-10-22,0.36974000930786133
2013-10-23,0.36340945959091187
2013-10-24,0.3608305752277374
2013-10-25,0.3573138415813446
2013-10-28,0.35661035776138306
2013-10-29,0.3570792078971863
2013-10-30,0.35684481263160706
2013-10-31,0.3561413586139679
2013-11-01,0.35778260231018066
2013-11-04,0.3474664092063904
2013-11-05,0.3469974994659424
2013-11-06,0.3493422567844391
2013-11-07,0.3411361277103424
2013-11-08,0.3648163378238678
2013-11-11,0.3678644001483917
2013-11-12,0.36856773495674133
2013-11-13,0.3786493241786957
2013-11-14,0.3802906274795532
2013-11-15,0.3791183531284332
2013-11-18,0.3699744641780853
2013-11-19,0.36396345496177673
2013-11-20,0.35854169726371765
2013-11-21,0.3613704442977905
2013-11-22,0.35783448815345764
2013-11-25,0.36561354994773865
2013-11-26,0.3686779737472534
2013-11-27,0.37009236216545105
2013-11-29,0.3677350878715515
2013-12-02,0.3712711036205292
2013-12-03,0.37103506922721863
2013-12-04,0.37622126936912537
2013-12-05,0.37009236216545105
2013-12-06,0.36467060446739197
2013-12-09,0.35854169726371765
2013-12-10,0.36679208278656006
2013-12-11,0.36325621604919434
2013-12-12,0.35618436336517334
2013-12-13,0.3540627956390381
2013-12-16,0.35453420877456665
2013-12-17,0.35618436336517334
2013-12-18,0.3611346483230591
2013-12-19,0.3625490069389343
2013-12-20,0.36985668540000916
2013-12-23,0.37197816371917725
2013-12-24,0.3729209899902344
2013-12-26,0.3693851828575134
2013-12-27,0.3715067505836487
2013-12-30,0.3764570355415344
2013-12-31,0.377635657787323
2014-01-02,0.3738640248775482
2014-01-03,0.3693851828575134
2014-01-06,0.37433552742004395
2014-01-07,0.3804643750190735
2014-01-08,0.3856503963470459
2014-01-09,0.3712711036205292
2014-01-10,0.37079933285713196
2014-01-13,0.36207762360572815
2014-01-14,0.3733924925327301
2014-01-15,0.37739989161491394
2014-01-16,0.37857863306999207
2014-01-17,0.37692850828170776
2014-01-21,0.37834280729293823
2014-01-22,0.3778713643550873
2014-01-23,0.3764570355415344
2014-01-24,0.36679208278656006
2014-01-27,0.3644348084926605
2014-01-28,0.36797070503234863
2014-01-29,0.3644348084926605
2014-01-30,0.370563805103302
2014-01-31,0.37009236216545105
2014-02-03,0.36514201760292053
2014-02-04,0.3672636151313782
2014-02-05,0.36396345496177673
2014-02-06,0.3686779737472534
2014-02-07,0.3740997612476349
2014-02-10,0.3752783536911011
2014-02-11,0.3830573558807373
2014-02-12,0.39672958850860596
2014-02-13,0.40922319889068604
2014-02-14,0.4221881628036499
2014-02-18,0.42195242643356323
2014-02-19,0.427609920501709
2014-02-20,0.4426965117454529
2014-02-21,0.4393961727619171
2014-02-24,0.4457610249519348
2014-02-25,0.4437481164932251
2014-02-26,0.44303780794143677
2014-02-27,0.4380650818347931
2014-02-28,0.43522360920906067
2014-03-03,0.43309250473976135
2014-03-04,0.43759167194366455
2014-03-05,0.44138020277023315
2014-03-06,0.43522360920906067
2014-03-07,0.4347500503063202
2014-03-10,0.42835667729377747
2014-03-11,0.4326188862323761
2014-03-12,0.43380290269851685
2014-03-13,0.42006880044937134
2014-03-14,0.4219631850719452
2014-03-17,0.4219631850719452
2014-03-18,0.43190866708755493
2014-03-19,0.4394858777523041
2014-03-20,0.43972262740135193
2014-03-21,0.439012348651886
2014-03-24,0.4368812143802643
2014-03-25,0.4368812143802643
2014-03-26,0.42693597078323364
2014-03-27,0.4212529957294464
2014-03-28,0.4238576889038086
2014-03-31,0.42409440875053406
2014-04-01,0.44161704182624817
2014-04-02,0.43877553939819336
2014-04-03,0.44351136684417725
2014-04-04,0.4297774136066437
2014-04-07,0.43119823932647705
2014-04-08,0.4465896487236023
2014-04-09,0.44611600041389465
2014-04-10,0.43522360920906067
2014-04-11,0.42906710505485535
2014-04-14,0.43380290269851685
2014-04-15,0.4368812143802643
2014-04-16,0.4378284811973572
2014-04-17,0.4394858777523041
2014-04-21,0.44303780794143677
2014-04-22,0.4468265175819397
2014-04-23,0.45203590393066406
2014-04-24,0.45606130361557007
2014-04-25,0.44351136684417725
2014-04-28,0.44161704182624817
2014-04-29,0.4425641894340515
2014-04-30,0.4373547434806824
2014-05-01,0.43972262740135193
2014-05-02,0.43640756607055664
2014-05-05,0.4411433935165405
2014-05-06,0.432145357131958
2014-05-07,0.4326188862323761
2014-05-08,0.4380650818347931
2014-05-09,0.42740947008132935
2014-05-12,0.4399595856666565
2014-05-13,0.4328556954860687
2014-05-14,0.4285934865474701
2014-05-15,0.42622557282447815
2014-05-16,0.42527830600738525
2014-05-19,0.439012348651886
2014-05-20,0.43389785289764404
2014-05-21,0.43389785289764404
2014-05-22,0.43580079078674316
2014-05-23,0.43984490633010864
2014-05-27,0.44769516587257385
2014-05-28,0.4515009820461273
2014-05-29,0.4507875442504883
2014-05-30,0.4519769549369812
2014-06-02,0.4505496919155121
2014-06-03,0.44864657521247864
2014-06-04,0.4491223096847534
2014-06-05,0.4510253965854645
2014-06-06,0.45269057154655457
2014-06-09,0.4531663954257965
2014-06-10,0.4555450975894928
2014-06-11,0.4614921808242798
2014-06-12,0.46434691548347473
2014-06-13,0.4648226499557495
2014-06-16,0.46339526772499084
2014-06-17,0.46648770570755005
2014-06-18,0.46601203083992004
2014-06-19,0.45530715584754944
2014-06-20,0.4503118097782135
2014-06-23,0.44507837295532227
2014-06-24,0.438179612159729
2014-06-25,0.44269952178001404
2014-06-26,0.43675243854522705
2014-06-27,0.4372282922267914
2014-06-30,0.44103431701660156
2014-07-01,0.446029931306839
2014-07-02,0.44436466693878174
2014-07-03,0.44840866327285767
2014-07-07,0.4448404014110565
2014-07-08,0.4412722885608673
2014-07-09,0.45459359884262085
2014-07-10,0.4522148072719574
2014-07-11,0.4531663954257965
2014-07-14,0.45887553691864014
2014-07-15,0.4607786536216736
2014-07-16,0.4603027105331421
2014-07-17,0.45911338925361633
2014-07-18,0.4386554956436157
2014-07-21,0.4412722885608673
2014-07-22,0.4393691122531891
2014-07-23,0.4300917088985443
2014-07-24,0.43080538511276245
2014-07-25,0.42319321632385254
2014-07-28,0.42152777314186096
2014-07-29,0.42295536398887634
2014-07-30,0.4300917088985443
2014-07-31,0.41629454493522644
2014-08-01,0.4208143651485443
2014-08-04,0.4198627471923828
2014-08-05,0.4201006293296814
2014-08-06,0.4196248948574066
2014-08-07,0.4153430461883545
2014-08-08,0.4519769549369812
2014-08-11,0.4495982229709625
2014-08-12,0.4495982229709625
2014-08-13,0.4522148072719574
2014-08-14,0.44721925258636475
2014-08-15,0.4529285430908203
2014-08-18,0.45911338925361633
2014-08-19,0.4628168046474457
2014-08-20,0.4599497318267822
2014-08-21,0.455648809671402
2014-08-22,0.4558878242969513
2014-08-25,0.45660462975502014
2014-08-26,0.46472838521003723
2014-08-27,0.45947179198265076
2014-08-28,0.4632948338985443
2014-08-29,0.46472838521003723
2014-09-02,0.46592313051223755
2014-09-03,0.47022393345832825
2014-09-04,0.4785866439342499
2014-09-05,0.4771529734134674
2014-09-08,0.4728521704673767
2014-09-09,0.46687886118888855
2014-09-10,0.46855130791664124
2014-09-11,0.46377256512641907
2014-09-12,0.45684337615966797
2014-09-15,0.45063114166259766
2014-09-16,0.457321435213089
2014-09-17,0.45756039023399353
2014-09-18,0.4644893705844879
2014-09-19,0.4558878242969513
2014-09-22,0.45134806632995605
2014-09-23,0.4494364857673645
2014-09-24,0.45206478238105774
2014-09-25,0.4422684907913208
2014-09-26,0.443224161863327
2014-09-29,0.44250747561454773
2014-09-30,0.4408348500728607
2014-10-01,0.43653401732444763
2014-10-02,0.43462252616882324
2014-10-03,0.43557828664779663
2014-10-06,0.432949960231781
2014-10-07,0.42841020226478577
2014-10-08,0.4362950921058655
2014-10-09,0.42793238162994385
2014-10-10,0.4026053547859192
2014-10-13,0.40117162466049194
2014-10-14,0.41049015522003174
2014-10-15,0.41670241951942444
2014-10-16,0.41694140434265137
2014-10-17,0.41622456908226013
2014-10-20,0.419808566570282
2014-10-21,0.43772876262664795
2014-10-22,0.42745456099510193
2014-10-23,0.4370118975639343
2014-10-24,0.44155165553092957
2014-10-27,0.44179052114486694
2014-10-28,0.4523036777973175
2014-10-29,0.4494364857673645
2014-10-30,0.4465692341327667
2014-10-31,0.46687886118888855
2014-11-03,0.47476351261138916
2014-11-04,0.4809759557247162
2014-11-05,0.4809759557247162
2014-11-06,0.48312628269195557
2014-11-07,0.4728521704673767
2014-11-10,0.47834762930870056
2014-11-11,0.47261321544647217
2014-11-12,0.46950703859329224
2014-11-13,0.4671177566051483
2014-11-14,0.4728521704673767
2014-11-17,0.47070175409317017
2014-11-18,0.48193153738975525
2014-11-19,0.4801321029663086
2014-11-20,0.4880502223968506
2014-11-21,0.4906894862651825
2014-11-24,0.49380919337272644
2014-11-25,0.493569016456604
2014-11-26,0.5019673109054565
2014-11-28,0.5031669735908508
2014-12-01,0.49380919337272644
2014-12-02,0.4945286512374878
2014-12-03,0.5072460770606995
2014-12-04,0.5026871562004089
2014-12-05,0.505566418170929
2014-12-08,0.49908748269081116
2014-12-09,0.49740803241729736
2014-12-10,0.48637065291404724
2014-12-11,0.48613062500953674
2014-12-12,0.4710141718387604
2014-12-15,0.4695744514465332
2014-12-16,0.4642956256866455
2014-12-17,0.48325127363204956
2014-12-18,0.4851709008216858
2014-12-19,0.4899698495864868
2014-12-22,0.49860793352127075
2014-12-23,0.49548864364624023
2014-12-24,0.493569016456604
2014-12-26,0.4940491020679474
2014-12-29,0.4933289587497711
2014-12-30,0.488770067691803
2014-12-31,0.4810919463634491
2015-01-02,0.48301151394844055
2015-01-05,0.4748532474040985
2015-01-06,0.4604564607143402
2015-01-07,0.4592568576335907
2015-01-08,0.47653284668922424
2015-01-09,0.47845232486724854
2015-01-12,0.47245386242866516
2015-01-13,0.47173383831977844
2015-01-14,0.47365355491638184
2015-01-15,0.47029417753219604
2015-01-16,0.47893232107162476
2015-01-20,0.48037201166152954
2015-01-21,0.48709049820899963
2015-01-22,0.49548864364624023
2015-01-23,0.49692848324775696
2015-01-26,0.49476873874664307
2015-01-27,0.4710141718387604
2015-01-28,0.46333590149879456
2015-01-29,0.4746133089065552
2015-01-30,0.46069636940956116
2015-02-02,0.47077426314353943
2015-02-03,0.48253133893013
2015-02-04,0.48373138904571533
2015-02-05,0.49164941906929016
2015-02-06,0.4894900321960449
2015-02-09,0.4890100061893463
2015-02-10,0.5026871562004089
2015-02-11,0.49932777881622314
2015-02-12,0.5350797176361084
2015-02-13,0.5353196263313293
2015-02-17,0.5369992256164551
2015-02-18,0.5307607650756836
2015-02-19,0.5322003364562988
2015-02-20,0.536039412021637
2015-02-23,0.5317205786705017
2015-02-24,0.5373808741569519
2015-02-25,0.5332859754562378
2015-02-26,0.5347313284873962
2015-02-27,0.5313592553138733
2015-03-02,0.5443663597106934
2015-03-03,0.5342495441436768
2015-03-04,0.5402714610099792
2015-03-05,0.5506288409233093
2015-03-06,0.5431617498397827
2015-03-09,0.5446070432662964
2015-03-10,0.5540007948875427
2015-03-11,0.5511105060577393
2015-03-12,0.5460522770881653
2015-03-13,0.5467748641967773
2015-03-16,0.5532782077789307
2015-03-17,0.5600228309631348
2015-03-18,0.5508694648742676
2015-03-19,0.5592999458312988
2015-03-20,0.565321683883667
2015-03-23,0.5470155477523804
2015-03-24,0.5395487546920776
2015-03-25,0.5067903399467468
2015-03-26,0.5051042437553406
2015-03-27,0.514979898929596
2015-03-30,0.5171477198600769
2015-03-31,0.5041407942771912
2015-04-01,0.5060678720474243
2015-04-02,0.5072723627090454
2015-04-06,0.5219652056694031
2015-04-07,0.5265417695045471
2015-04-08,0.5303955674171448
2015-04-09,0.5426801443099976
2015-04-10,0.5482200384140015
2015-04-13,0.5431617498397827
2015-04-14,0.5385851860046387
2015-04-15,0.5450887680053711
2015-04-16,0.5417165756225586
2015-04-17,0.5347313284873962
2015-04-20,0.5320818424224854
2015-04-21,0.5313592553138733
2015-04-22,0.5373808741569519
2015-04-23,0.5352132320404053
2015-04-24,0.5306363105773926
2015-04-27,0.5347313284873962
2015-04-28,0.5373808741569519
2015-04-29,0.5332859754562378
2015-04-30,0.5347313284873962
2015-05-01,0.5479791760444641
2015-05-04,0.5446070432662964
2015-05-05,0.5306363105773926
2015-05-06,0.5323225855827332
2015-05-07,0.5417165756225586
2015-05-08,0.5017322301864624
2015-05-11,0.4969146251678467
2015-05-12,0.5017322301864624
2015-05-13,0.5046228170394897
2015-05-14,0.512812077999115
2015-05-15,0.513053297996521
2015-05-18,0.5123306512832642
2015-05-19,0.5091362595558167
2015-05-20,0.5091362595558167
2015-05-21,0.5055065751075745
2015-05-22,0.504780650138855
2015-05-26,0.501634418964386
2015-05-27,0.5284949541091919
2015-05-28,0.5357545018196106
2015-05-29,0.5355126857757568
2015-06-01,0.541562020778656
2015-06-02,0.5309149026870728
2015-06-03,0.5251072645187378
2015-06-04,0.5345448851585388
2015-06-05,0.5386584997177124
2015-06-08,0.5263171195983887
2015-06-09,0.5289791226387024
2015-06-10,0.5195415019989014
2015-06-11,0.5251072645187378
2015-06-12,0.5108299851417542
2015-06-15,0.5098623633384705
2015-06-16,0.5161538124084473
2015-06-17,0.5222032070159912
2015-06-18,0.5309149026870728
2015-06-19,0.5292210578918457
2015-06-22,0.5270432233810425
2015-06-23,0.5134919285774231
2015-06-24,0.5084103345870972
2015-06-25,0.5122823119163513
2015-06-26,0.5018767714500427
2015-06-29,0.4868736267089844
2015-06-30,0.4866315424442291
2015-07-01,0.49364927411079407
2015-07-02,0.49413320422172546
2015-07-06,0.4880833625793457
2015-07-07,0.4788881838321686
2015-07-08,0.47550031542778015
2015-07-09,0.4696926474571228
2015-07-10,0.4779202342033386
2015-07-13,0.4810660481452942
2015-07-14,0.4813080132007599
2015-07-15,0.4779202342033386
2015-07-16,0.4885675609111786
2015-07-17,0.4856637418270111
2015-07-20,0.47671031951904297
2015-07-21,0.4788881838321686
2015-07-22,0.4696926474571228
2015-07-23,0.47550031542778015
2015-07-24,0.4699346125125885
2015-07-27,0.4672728478908539
2015-07-28,0.47743624448776245
2015-07-29,0.483243852853775
2015-07-30,0.48445382714271545
2015-07-31,0.48275989294052124
2015-08-03,0.4909873902797699
2015-08-04,0.4929233491420746
2015-08-05,0.4980051517486572
2015-08-06,0.49485892057418823
2015-08-07,0.5560811758041382
2015-08-10,0.5754401087760925
2015-08-11,0.5725364089012146
2015-08-12,0.5739881992340088
2015-08-13,0.5691484808921814
2015-08-14,0.5696325898170471
2015-08-17,0.5660026669502258
2015-08-18,0.5608510375022888
2015-08-19,0.558664083480835
2015-08-20,0.538494884967804
2015-08-21,0.5217275023460388
2015-08-24,0.503259539604187
2015-08-25,0.4928101599216461
2015-08-26,0.5299896597862244
2015-08-27,0.5499160289764404
2015-08-28,0.5523460507392883
2015-08-31,0.5462707281112671
2015-09-01,0.5239147543907166
2015-09-02,0.5397099256515503
2015-09-03,0.5411674976348877
2015-09-04,0.5285316109657288
2015-09-08,0.5511308908462524
2015-09-09,0.5401957035064697
2015-09-10,0.5487008094787598
2015-09-11,0.5504018664360046
2015-09-14,0.5513738989830017
2015-09-15,0.5574489831924438
2015-09-16,0.5613368153572083
2015-09-17,0.5664400458335876
2015-09-18,0.5659542679786682
2015-09-21,0.5717859864234924
2015-09-22,0.5562340617179871
2015-09-23,0.5589067935943604
2015-09-24,0.5695991516113281
2015-09-25,0.5737302899360657
2015-09-28,0.566196858882904
2015-09-29,0.576160192489624
2015-09-30,0.5990026593208313
2015-10-01,0.587338387966156
2015-10-02,0.6026474833488464
2015-10-05,0.6177137494087219
2015-10-06,0.6257330179214478
2015-10-07,0.6322939395904541
2015-10-08,0.6359390616416931
2015-10-09,0.6335090398788452
2015-10-12,0.6403129696846008
2015-10-13,0.6415280699729919
2015-10-14,0.6648563742637634
2015-10-15,0.6665573716163635
2015-10-16,0.6770065426826477
2015-10-19,0.675791323184967
2015-10-20,0.6748195290565491
2015-10-21,0.666071355342865
2015-10-22,0.6901286244392395
2015-10-23,0.694745659828186
2015-10-26,0.6915866136550903
2015-10-27,0.691100537776947
2015-10-28,0.6966896653175354
2015-10-29,0.6726325154304504
2015-10-30,0.6893995404243469
2015-11-02,0.697418749332428
2015-11-03,0.6925586462020874
2015-11-04,0.6811375617980957
2015-11-05,0.6733613610267639
2015-11-06,0.7666745185852051
2015-11-09,0.7632726430892944
2015-11-10,0.7486923933029175
2015-11-11,0.7414023876190186
2015-11-12,0.7387294173240662
2015-11-13,0.7241488099098206
2015-11-16,0.7387294173240662
2015-11-17,0.7387294173240662
2015-11-18,0.7569016814231873
2015-11-19,0.7590969204902649
2015-11-20,0.7656831741333008
2015-11-23,0.754218578338623
2015-11-24,0.7603166699409485
2015-11-25,0.7593410015106201
2015-11-27,0.7656831741333008
2015-11-30,0.773732602596283
2015-12-01,0.7988569736480713
2015-12-02,0.7927588820457458
2015-12-03,0.79105144739151
2015-12-04,0.8232495188713074
2015-12-07,0.8076382279396057
2015-12-08,0.8186150193214417
2015-12-09,0.7978811264038086
2015-12-10,0.8044672608375549
2015-12-11,0.7925149202346802
2015-12-14,0.7944664359092712
2015-12-15,0.8042232990264893
2015-12-16,0.8091018199920654
2015-12-17,0.7969056367874146
2015-12-18,0.7839774489402771
2015-12-21,0.8025158643722534
2015-12-22,0.8032474517822266
2015-12-23,0.8064187169075012
2015-12-24,0.8091018199920654
2015-12-28,0.8083698153495789
2015-12-29,0.821541965007782
2015-12-30,0.8144683241844177
2015-12-31,0.8039793372154236
2016-01-04,0.789587676525116
2016-01-05,0.8022720813751221
2016-01-06,0.7690979838371277
2016-01-07,0.7386072874069214
2016-01-08,0.7227522730827332
2016-01-11,0.7239717245101929
2016-01-12,0.7361679673194885
2016-01-13,0.713726818561554
2016-01-14,0.6993351578712463
2016-01-15,0.6612827181816101
2016-01-19,0.6666489839553833
2016-01-20,0.6703080534934998
2016-01-21,0.678113579750061
2016-01-22,0.6939689517021179
2016-01-25,0.6932371258735657
2016-01-26,0.7000668048858643
2016-01-27,0.6917735934257507
2016-01-28,0.6842119693756104
2016-01-29,0.7144585251808167
2016-02-01,0.7147026658058167
2016-02-02,0.6844556331634521
2016-02-03,0.6878708600997925
2016-02-04,0.6881145238876343
2016-02-05,0.6446956992149353
2016-02-08,0.6151809692382812
2016-02-09,0.6217668652534485
2016-02-10,0.6203033328056335
2016-02-11,0.6171321868896484
2016-02-12,0.6276209950447083
2016-02-16,0.6583558917045593
2016-02-17,0.6746988892555237
2016-02-18,0.7327530980110168
2016-02-19,0.7425101399421692
2016-02-22,0.768854022026062
2016-02-23,0.7708054780960083
2016-02-24,0.7761717438697815
2016-02-25,0.7778792381286621
2016-02-26,0.7727566957473755
2016-02-29,0.7677382826805115
2016-03-01,0.8017674088478088
2016-03-02,0.8064188361167908
2016-03-03,0.7993189692497253
2016-03-04,0.7968710660934448
2016-03-07,0.7917299866676331
2016-03-08,0.7772858738899231
2016-03-09,0.7767962217330933
2016-03-10,0.7755721211433411
2016-03-11,0.7887920141220093
2016-03-14,0.7907506227493286
2016-03-15,0.7868337035179138
2016-03-16,0.8103357553482056
2016-03-17,0.803480863571167
2016-03-18,0.8277178406715393
2016-03-21,0.8301659226417542
2016-03-22,0.8286969661712646
2016-03-23,0.8428963422775269
2016-03-24,0.8441202640533447
2016-03-28,0.8526889085769653
2016-03-29,0.8663984537124634
2016-03-30,0.8754565119743347
2016-03-31,0.8722739815711975
2016-04-01,0.8850042819976807
2016-04-04,0.8764357566833496
2016-04-05,0.875211775302887
2016-04-06,0.8764357566833496
2016-04-07,0.8673776984214783
2016-04-08,0.8730082511901855
2016-04-11,0.8783944845199585
2016-04-12,0.8774150609970093
2016-04-13,0.8994483947753906
2016-04-14,0.9018964171409607
2016-04-15,0.9089962244033813
2016-04-18,0.9050792455673218
2016-04-19,0.8889214396476746
2016-04-20,0.8923490047454834
2016-04-21,0.8913694620132446
2016-04-22,0.887942373752594
2016-04-25,0.8923490047454834
2016-04-26,0.8930831551551819
2016-04-27,0.913402795791626
2016-04-28,0.8862282633781433
2016-04-29,0.8698258399963379
2016-05-02,0.8813320994377136
2016-05-03,0.870805025100708
2016-05-04,0.8509752154350281
2016-05-05,0.8561162352561951
2016-05-06,0.8649295568466187
2016-05-09,0.863705575466156
2016-05-10,0.8803527355194092
2016-05-11,0.8828009366989136
2016-05-12,0.870805025100708
2016-05-13,1.003250002861023
2016-05-16,1.0328724384307861
2016-05-17,1.0350754261016846
2016-05-18,1.0615153312683105
2016-05-19,1.0661671161651611
2016-05-20,1.0852630138397217
2016-05-23,1.086976408958435
2016-05-24,1.1133617162704468
2016-05-25,1.108698844909668
2016-05-26,1.120479941368103
2016-05-27,1.1266167163848877
2016-05-31,1.1467431783676147
2016-06-01,1.1489522457122803
2016-06-02,1.1570526361465454
2016-06-03,1.140852451324463
2016-06-06,1.1349616050720215
2016-06-07,1.137170433998108
2016-06-08,1.1334890127182007
2016-06-09,1.1629430055618286
2016-06-10,1.1339797973632812
2016-06-13,1.1484615802764893
2016-06-14,1.1506708860397339
2016-06-15,1.1624521017074585
2016-06-16,1.167115569114685
2016-06-17,1.1467431783676147
2016-06-20,1.1673614978790283
2016-06-21,1.160243272781372
2016-06-22,1.1592614650726318
2016-06-23,1.1901881694793701
2016-06-24,1.1224440336227417
2016-06-27,1.1104165315628052
2016-06-28,1.1266167163848877
2016-06-29,1.1450254917144775
2016-06-30,1.15386164188385
2016-07-01,1.1452707052230835
2016-07-05,1.1622068881988525
2016-07-06,1.1695703268051147
2016-07-07,1.200006365776062
2016-07-08,1.2481144666671753
2016-07-11,1.276831865310669
2016-07-12,1.2959771156311035
2016-07-13,1.2954860925674438
2016-07-14,1.3087406158447266
2016-07-15,1.2935223579406738
2016-07-18,1.30014967918396
2016-07-19,1.3136495351791382
2016-07-20,1.3308310508728027
2016-07-21,1.3062859773635864
2016-07-22,1.3418761491775513
2016-07-25,1.3666664361953735
2016-07-26,1.3899844884872437
2016-07-27,1.3759939670562744
2016-07-28,1.378938913345337
2016-07-29,1.4015207290649414
2016-08-01,1.3924388885498047
2016-08-02,1.3755029439926147
2016-08-03,1.3791848421096802
2016-08-04,1.4047116041183472
2016-08-05,1.4285204410552979
2016-08-08,1.4417744874954224
2016-08-09,1.4454563856124878
2016-08-10,1.436129093170166
2016-08-11,1.4653377532958984
2016-08-12,1.5473181009292603
2016-08-15,1.545845627784729
2016-08-16,1.5365185737609863
2016-08-17,1.5009279251098633
2016-08-18,1.5242455005645752
2016-08-19,1.5281726121902466
2016-08-22,1.534554362297058
2016-08-23,1.546972393989563
2016-08-24,1.5231202840805054
2016-08-25,1.5130382776260376
2016-08-26,1.5253334045410156
2016-08-29,1.5243499279022217
2016-08-30,1.515496850013733
2016-08-31,1.5083661079406738
2016-09-01,1.5528740882873535
2016-09-02,1.5376285314559937
2016-09-06,1.5521364212036133
2016-09-07,1.5292675495147705
2016-09-08,1.5403332710266113
2016-09-09,1.4636119604110718
2016-09-12,1.4938578605651855
2016-09-13,1.4722182750701904
2016-09-14,1.485251545906067
2016-09-15,1.5415630340576172
2016-09-16,1.545251488685608
2016-09-19,1.5656607151031494
2016-09-20,1.5513991117477417
2016-09-21,1.5949236154556274
2016-09-22,1.5988578796386719
2016-09-23,1.5971366167068481
2016-09-26,1.5821372270584106
2016-09-27,1.6362351179122925
2016-09-28,1.642136812210083
2016-09-29,1.6573829650878906
2016-09-30,1.6849238872528076
2016-10-03,1.6832025051116943
2016-10-04,1.6795141696929932
2016-10-05,1.6777926683425903
2016-10-06,1.6559076309204102
2016-10-07,1.6438586711883545
2016-10-10,1.65000581741333
2016-10-11,1.6261534690856934
2016-10-12,1.6335303783416748
2016-10-13,1.6069729328155518
2016-10-14,1.6227107048034668
2016-10-17,1.6133664846420288
2016-10-18,1.6379565000534058
2016-10-19,1.6345139741897583
2016-10-20,1.6654974222183228
2016-10-21,1.6608260869979858
2016-10-24,1.738776445388794
2016-10-25,1.7673012018203735
2016-10-26,1.7744325399398804
2016-10-27,1.7380386590957642
2016-10-28,1.7350881099700928
2016-10-31,1.7498425245285034
2016-11-01,1.6979564428329468
2016-11-02,1.6908257007598877
2016-11-03,1.6711539030075073
2016-11-04,1.661563515663147
2016-11-07,1.7525471448898315
2016-11-08,1.7498425245285034
2016-11-09,1.7203339338302612
2016-11-10,1.6664811372756958
2016-11-11,2.1632049083709717
2016-11-14,2.0567290782928467
2016-11-15,2.119433879852295
2016-11-16,2.2532052993774414
2016-11-17,2.2718920707702637
2016-11-18,2.295746326446533
2016-11-21,2.2864015102386475
2016-11-22,2.3028764724731445
2016-11-23,2.3142056465148926
2016-11-25,2.3188846111297607
2016-11-28,2.317653179168701
2016-11-29,2.2964742183685303
2016-11-30,2.2706167697906494
2016-12-01,2.1583163738250732
2016-12-02,2.1782641410827637
2016-12-05,2.262734889984131
2016-12-06,2.299921989440918
2016-12-07,2.341294765472412
2016-12-08,2.302137851715088
2016-12-09,2.2612574100494385
2016-12-12,2.206338882446289
2016-12-13,2.245249032974243
2016-12-14,2.3752810955047607
2016-12-15,2.430938243865967
2016-12-16,2.472803831100464
2016-12-19,2.5028491020202637
2016-12-20,2.590028762817383
2016-12-21,2.606282949447632
2016-12-22,2.637805700302124
2016-12-23,2.703559398651123
2016-12-27,2.8892476558685303
2016-12-28,2.6905078887939453
2016-12-29,2.744194984436035
2016-12-30,2.628692626953125
2017-01-03,2.51220703125
2017-01-04,2.5708186626434326
2017-01-05,2.5055577754974365
2017-01-06,2.539051055908203
2017-01-09,2.6419918537139893
2017-01-10,2.6220438480377197
2017-01-11,2.5897819995880127
2017-01-12,2.547424077987671
2017-01-13,2.547177314758301
2017-01-17,2.4900426864624023
2017-01-18,2.5353569984436035
2017-01-19,2.5897819995880127
2017-01-20,2.5614616870880127
2017-01-23,2.588057518005371
2017-01-24,2.6432228088378906
2017-01-25,2.6545519828796387
2017-01-26,2.700357437133789
2017-01-27,2.752567768096924
2017-01-30,2.709469795227051
2017-01-31,2.6887834072113037
2017-02-01,2.8062543869018555
2017-02-02,2.8417179584503174
2017-02-03,2.8168437480926514
2017-02-06,2.8890011310577393
2017-02-07,2.9338226318359375
2017-02-08,2.9210174083709717
2017-02-09,2.866098165512085
2017-02-10,2.7981274127960205
2017-02-13,2.669081926345825
2017-02-14,2.6789324283599854
2017-02-15,2.68435001373291
2017-02-16,2.6412525177001953
2017-02-17,2.6407604217529297
2017-02-21,2.735328435897827
2017-02-22,2.7311360836029053
2017-02-23,2.4778966903686523
2017-02-24,2.5018157958984375
2017-02-27,2.574557065963745
2017-02-28,2.5023086071014404
2017-03-01,2.5346107482910156
2017-03-02,2.4411566257476807
2017-03-03,2.4271011352539062
2017-03-06,2.4083611965179443
2017-03-07,2.434746503829956
2017-03-08,2.430306911468506
2017-03-09,2.4298133850097656
2017-03-10,2.444115400314331
2017-03-13,2.511431932449341
2017-03-14,2.509706735610962
2017-03-15,2.528693675994873
2017-03-16,2.5597617626190186
2017-03-17,2.6154894828796387
2017-03-20,2.6988353729248047
2017-03-21,2.611543655395508
2017-03-22,2.664807081222534
2017-03-23,2.6406407356262207
2017-03-24,2.6500115394592285
2017-03-27,2.6692450046539307
2017-03-28,2.6554365158081055
2017-03-29,2.64680552482605
2017-03-30,2.697600841522217
2017-03-31,2.686011791229248
2017-04-03,2.672450304031372
2017-04-04,2.4850478172302246
2017-04-05,2.466554641723633
2017-04-06,2.484555244445801
2017-04-07,2.4739508628845215
2017-04-10,2.41082763671875
2017-04-11,2.4194583892822266
2017-04-12,2.399484634399414
2017-04-13,2.3546061515808105
2017-04-17,2.446828603744507
2017-04-18,2.448307991027832
2017-04-19,2.4579246044158936
2017-04-20,2.4968841075897217
2017-04-21,2.507240056991577
2017-04-24,2.5385568141937256
2017-04-25,2.5826947689056396
2017-04-26,2.5649406909942627
2017-04-27,2.604887008666992
2017-04-28,2.571845531463623
2017-05-01,2.629545211791992
2017-05-02,2.5516250133514404
2017-05-03,2.5706112384796143
2017-05-04,2.5607481002807617
2017-05-05,2.560994863510132
2017-05-08,2.53411865234375
2017-05-09,2.5383098125457764
2017-05-10,2.99078631401062
2017-05-11,3.119255304336548
2017-05-12,3.1535308361053467
2017-05-15,3.311836004257202
2017-05-16,3.373481035232544
2017-05-17,3.149338960647583
2017-05-18,3.281259775161743
2017-05-19,3.3570404052734375
2017-05-22,3.428623676300049
2017-05-23,3.382464647293091
2017-05-24,3.420478105545044
2017-05-25,3.4128262996673584
2017-05-26,3.5011959075927734
2017-05-30,3.575989007949829
2017-05-31,3.563152313232422
2017-06-01,3.563399076461792
2017-06-02,3.5456278324127197
2017-06-05,3.653496026992798
2017-06-06,3.636958599090576
2017-06-07,3.6808955669403076
2017-06-08,3.9479782581329346
2017-06-09,3.692744493484497
2017-06-12,3.7018775939941406
2017-06-13,3.737175464630127
2017-06-14,3.7450737953186035
2017-06-15,3.7611191272735596
2017-06-16,3.7426059246063232
2017-06-19,3.8833062648773193
2017-06-20,3.8776283264160156
2017-06-21,3.9363763332366943
2017-06-22,3.909223794937134
2017-06-23,3.7971582412719727
2017-06-26,3.7556886672973633
2017-06-27,3.6181976795196533
2017-06-28,3.745814561843872
2017-06-29,3.620666742324829
2017-06-30,3.5683364868164062
2017-07-03,3.4392380714416504
2017-07-05,3.5310628414154053
2017-07-06,3.5416769981384277
2017-07-07,3.62264084815979
2017-07-10,3.7939491271972656
2017-07-11,3.847759962081909
2017-07-12,4.011415004730225
2017-07-13,3.9650118350982666
2017-07-14,4.071645259857178
2017-07-17,4.054366588592529
2017-07-18,4.09657621383667
2017-07-19,4.075348377227783
2017-07-20,4.134590148925781
2017-07-21,4.149400234222412
2017-07-24,4.101265907287598
2017-07-25,4.08151912689209
2017-07-26,4.128664970397949
2017-07-27,3.992410182952881
2017-07-28,4.057821750640869
2017-07-31,4.011415004730225
2017-08-01,4.060291290283203
2017-08-02,4.057821750640869
2017-08-03,4.109411716461182
2017-08-04,4.1274309158325195
2017-08-07,4.254306793212891
2017-08-08,4.203705310821533
2017-08-09,4.248382568359375
2017-08-10,4.066462516784668
2017-08-11,3.8497350215911865
2017-08-14,4.156805992126465
2017-08-15,4.121753692626953
2017-08-16,4.07658052444458
2017-08-17,3.985743284225464
2017-08-18,3.9864840507507324
2017-08-21,3.9284770488739014
2017-08-22,4.015934467315674
2017-08-23,4.096229553222656
2017-08-24,4.08115816116333
2017-08-25,4.047064781188965
2017-08-28,4.075723648071289
2017-08-29,4.0690531730651855
2017-08-30,4.093266487121582
2017-08-31,4.186160087585449
2017-09-01,4.21135950088501
2017-09-05,4.098947525024414
2017-09-06,4.0964765548706055
2017-09-07,4.115501403808594
2017-09-08,4.044101238250732
2017-09-11,4.175288200378418
2017-09-12,4.190359592437744
2017-09-13,4.209135055541992
2017-09-14,4.185171127319336
2017-09-15,4.449772357940674
2017-09-18,4.63358211517334
2017-09-19,4.6286420822143555
2017-09-20,4.591334819793701
2017-09-21,4.465829849243164
2017-09-22,4.4223480224609375
2017-09-25,4.224699974060059
2017-09-26,4.248417854309082
2017-09-27,4.341559410095215
2017-09-28,4.3403239250183105
2017-09-29,4.416665554046631
2017-10-02,4.4223480224609375
2017-10-03,4.431488037109375
2017-10-04,4.468547344207764
2017-10-05,4.4660773277282715
2017-10-06,4.479171276092529
2017-10-09,4.580218315124512
2017-10-10,4.667675971984863
2017-10-11,4.717334747314453
2017-10-12,4.719558238983154
2017-10-13,4.807512283325195
2017-10-16,4.890029430389404
2017-10-17,4.8855814933776855
2017-10-18,4.881381988525391
2017-10-19,4.8868184089660645
2017-10-20,4.864582061767578
2017-10-23,4.857664585113525
2017-10-24,4.908559322357178
2017-10-25,4.784534931182861
2017-10-26,4.834689140319824
2017-10-27,4.987123489379883
2017-10-30,5.036040782928467
2017-10-31,5.10941743850708
2017-11-01,5.119051456451416
2017-11-02,5.087923526763916
2017-11-03,5.1558637619018555
2017-11-06,5.179086685180664
2017-11-07,5.2383809089660645
2017-11-08,5.167476177215576
2017-11-09,5.072606563568115
2017-11-10,5.339924335479736
2017-11-13,5.253206253051758
2017-11-14,5.291498184204102
2017-11-15,5.187734127044678
2017-11-16,5.2280049324035645
2017-11-17,5.221829414367676
2017-11-20,5.289029598236084
2017-11-21,5.3376994132995605
2017-11-22,5.313718795776367
2017-11-24,5.363905429840088
2017-11-27,5.294185638427734
2017-11-28,5.209384918212891
2017-11-29,4.8560943603515625
2017-11-30,4.962156772613525
2017-12-01,4.887245178222656
2017-12-04,4.614798545837402
2017-12-05,4.64149808883667
2017-12-06,4.679078578948975
2017-12-07,4.746570587158203
2017-12-08,4.734211444854736
2017-12-11,4.8125810623168945
2017-12-12,4.718140602111816
2017-12-13,4.602930545806885
2017-12-14,4.610100269317627
2017-12-15,4.735939979553223
2017-12-18,4.892686367034912
2017-12-19,4.848430633544922
2017-12-20,4.865489959716797
2017-12-21,4.842992305755615
2017-12-22,4.827663898468018
2017-12-26,4.881311416625977
2017-12-27,4.874636650085449
2017-12-28,4.8803229331970215
2017-12-29,4.7839035987854
2018-01-02,4.928534507751465
2018-01-03,5.252900123596191
2018-01-04,5.2805891036987305
2018-01-05,5.325336456298828
2018-01-08,5.488510608673096
2018-01-09,5.487027168273926
2018-01-10,5.530043601989746
2018-01-11,5.5399346351623535
2018-01-12,5.5127387046813965
2018-01-16,5.441781997680664
2018-01-17,5.55575704574585
2018-01-18,5.548832893371582
2018-01-19,5.6890130043029785
2018-01-22,5.77752161026001
2018-01-23,5.906575679779053
2018-01-24,5.829686641693115
2018-01-25,5.843285083770752
2018-01-26,6.0158514976501465
2018-01-29,6.102877140045166
2018-01-30,6.000770092010498
2018-01-31,6.076916217803955
2018-02-01,5.94588565826416
2018-02-02,5.773318290710449
2018-02-05,5.283308029174805
2018-02-06,5.577016830444336
2018-02-07,5.656624794006348
2018-02-08,5.377750396728516
2018-02-09,5.737717151641846
2018-02-12,5.637589454650879
2018-02-13,5.751314640045166
2018-02-14,5.968629360198975
2018-02-15,6.094223499298096
2018-02-16,6.02846097946167
2018-02-20,6.158010482788086
2018-02-21,5.970855712890625
2018-02-22,5.99039888381958
2018-02-23,6.08390998840332
2018-02-26,6.0999908447265625
2018-02-27,6.087125301361084
2018-02-28,5.98668909072876
2018-03-01,5.744499683380127
2018-03-02,5.8516154289245605
2018-03-05,5.829599857330322
2018-03-06,5.990644454956055
2018-03-07,5.982728481292725
2018-03-08,5.966403007507324
2018-03-09,6.069065570831299
2018-03-12,6.178658485412598
2018-03-13,6.12794303894043
2018-03-14,6.153425693511963
2018-03-15,6.168267250061035
2018-03-16,6.196468830108643
2018-03-19,5.961949348449707
2018-03-20,6.174204349517822
2018-03-21,6.148971080780029
2018-03-22,5.98297643661499
2018-03-23,5.763301372528076
2018-03-26,6.048039436340332
2018-03-27,5.57899808883667
2018-03-28,5.475840091705322
2018-03-29,5.729160308837891
2018-04-02,5.468419075012207
2018-04-03,5.574794292449951
2018-04-04,5.5968122482299805
2018-04-05,5.476581573486328
2018-04-06,5.300198554992676
2018-04-09,5.3288960456848145
2018-04-10,5.638124942779541
2018-04-11,5.5968122482299805
2018-04-12,5.803623199462891
2018-04-13,5.72693395614624
2018-04-16,5.726686954498291
2018-04-17,5.8763556480407715
2018-04-18,5.847410202026367
2018-04-19,5.666077613830566
2018-04-20,5.657915115356445
2018-04-23,5.538427352905273
2018-04-24,5.47213077545166
2018-04-25,5.3598175048828125
2018-04-26,5.571578025817871
2018-04-27,5.599037170410156
2018-04-30,5.563662052154541
2018-05-01,5.619076251983643
2018-05-02,5.598542213439941
2018-05-03,5.763795375823975
2018-05-04,5.913956642150879
2018-05-07,6.151939868927002
2018-05-08,6.194490432739258
2018-05-09,6.327582359313965
2018-05-10,6.435194492340088
2018-05-11,6.296660423278809
2018-05-14,6.317192554473877
2018-05-15,6.074756145477295
2018-05-16,6.085888862609863
2018-05-17,6.12794303894043
2018-05-18,6.084157466888428
2018-05-21,6.042103290557861
2018-05-22,6.00400447845459
2018-05-23,6.1275248527526855
2018-05-24,6.1312384605407715
2018-05-25,6.170596122741699
2018-05-29,6.1535162925720215
2018-05-30,6.262433052062988
2018-05-31,6.242629528045654
2018-06-01,6.377042770385742
2018-06-04,6.556013107299805
2018-06-05,6.561456680297852
2018-06-06,6.563437461853027
2018-06-07,6.507742404937744
2018-06-08,6.492394924163818
2018-06-11,6.451303482055664
2018-06-12,6.499821662902832
2018-06-13,6.495366096496582
2018-06-14,6.607004165649414
2018-06-15,6.566160678863525
2018-06-18,6.561953544616699
2018-06-19,6.4401631355285645
2018-06-20,6.493138790130615
2018-06-21,6.364417552947998
2018-06-22,6.2119364738464355
2018-06-25,5.9190993309021
2018-06-26,5.990142345428467
2018-06-27,5.8349385261535645
2018-06-28,5.962172031402588
2018-06-29,5.864145278930664
2018-07-02,5.996331214904785
2018-07-03,5.862662315368652
2018-07-05,6.008460998535156
2018-07-06,6.1223273277282715
2018-07-09,6.169855117797852
2018-07-10,6.2688679695129395
2018-07-11,6.127277374267578
2018-07-12,6.21886682510376
2018-07-13,6.171587944030762
2018-07-16,6.143862724304199
2018-07-17,6.279759883880615
2018-07-18,6.230501651763916
2018-07-19,6.238669395446777
2018-07-20,6.210450649261475
2018-07-23,6.17381477355957
2018-07-24,6.15648889541626
2018-07-25,6.2347092628479
2018-07-26,6.308228492736816
2018-07-27,6.2384233474731445
2018-07-30,6.043116092681885
2018-07-31,6.061185836791992
2018-08-01,6.101038455963135
2018-08-02,6.2037672996521
2018-08-03,6.240403652191162
2018-08-06,6.288177967071533
2018-08-07,6.3604583740234375
2018-08-08,6.396844863891602
2018-08-09,6.34832763671875
2018-08-10,6.306990146636963
2018-08-13,6.339912414550781
2018-08-14,6.4713544845581055
2018-08-15,6.413181781768799
2018-08-16,6.372584819793701
2018-08-17,6.060196399688721
2018-08-20,6.134952545166016
2018-08-21,6.270601272583008
2018-08-22,6.50576114654541
2018-08-23,6.605271816253662
2018-08-24,6.738445281982422
2018-08-27,6.829540252685547
2018-08-28,6.791913986206055
2018-08-29,6.897422790527344
2018-08-30,6.880580425262451
2018-08-31,6.951662063598633
2018-09-04,7.02646017074585
2018-09-05,6.895688533782959
2018-09-06,6.754516124725342
2018-09-07,6.733216285705566
2018-09-10,6.80429744720459
2018-09-11,6.756497859954834
2018-09-12,6.6425676345825195
2018-09-13,6.7203369140625
2018-09-14,6.846402168273926
2018-09-17,6.78448486328125
2018-09-18,6.712410926818848
2018-09-19,6.736187934875488
2018-09-20,6.595015048980713
2018-09-21,6.524923801422119
2018-09-24,6.580648899078369
2018-09-25,6.647767543792725
2018-09-26,6.610865592956543
2018-09-27,6.622754096984863
2018-09-28,6.9600830078125
2018-10-01,7.166642189025879
2018-10-02,7.09531307220459
2018-10-03,7.101505279541016
2018-10-04,6.917235374450684
2018-10-05,6.683681488037109
2018-10-08,6.5823845863342285
2018-10-09,6.576687335968018
2018-10-10,6.085057735443115
2018-10-11,5.823517322540283
2018-10-12,6.106110095977783
2018-10-15,5.82970666885376
2018-10-16,6.088525295257568
2018-10-17,6.019918918609619
2018-10-18,5.932491779327393
2018-10-19,5.675902366638184
2018-10-22,5.7266764640808105
2018-10-23,5.475040912628174
2018-10-24,4.938830852508545
2018-10-25,5.147619724273682
2018-10-26,4.9110918045043945
2018-10-29,4.597291946411133
2018-10-30,5.027744770050049
2018-10-31,5.221672534942627
2018-11-01,5.401978969573975
2018-11-02,5.322970867156982
2018-11-05,5.244953155517578
2018-11-06,5.227368354797363
2018-11-07,5.294983386993408
2018-11-08,5.101799488067627
2018-11-09,5.093873977661133
2018-11-12,4.6943793296813965
2018-11-13,4.936354637145996
2018-11-14,4.883847713470459
2018-11-15,5.012638568878174
2018-11-16,4.072474002838135
2018-11-19,3.5838162899017334
2018-11-20,3.6922976970672607
2018-11-21,3.58406400680542
2018-11-23,3.591247320175171
2018-11-26,3.7906224727630615
2018-11-27,3.807464361190796
2018-11-28,3.9644880294799805
2018-11-29,3.901268720626831
2018-11-30,4.051756381988525
2018-12-03,4.215631008148193
2018-12-04,3.895071506500244
2018-12-06,3.924325704574585
2018-12-07,3.659546375274658
2018-12-10,3.7649130821228027
2018-12-11,3.67392635345459
2018-12-12,3.691528797149658
2018-12-13,3.6912810802459717
2018-12-14,3.630788564682007
2018-12-17,3.5596351623535156
2018-12-18,3.6429357528686523
2018-12-19,3.433939218521118
2018-12-20,3.3493995666503906
2018-12-21,3.2122995853424072
2018-12-24,3.150567054748535
2018-12-26,3.2998151779174805
2018-12-27,3.2519662380218506
2018-12-28,3.313450336456299
2018-12-31,3.30973219871521
2019-01-02,3.3771660327911377
2019-01-03,3.1731278896331787
2019-01-04,3.376422882080078
2019-01-07,3.555172920227051
2019-01-08,3.466665267944336
2019-01-09,3.5348432064056396
2019-01-10,3.6005427837371826
2019-01-11,3.689793586730957
2019-01-14,3.7297089099884033
2019-01-15,3.7155771255493164
2019-01-16,3.6900413036346436
2019-01-17,3.761441707611084
2019-01-18,3.890608310699463
2019-01-22,3.6883060932159424
2019-01-23,3.701198101043701
2019-01-24,3.9131689071655273
2019-01-25,3.9704389572143555
2019-01-28,3.421543598175049
2019-01-29,3.262627363204956
2019-01-30,3.406172752380371
2019-01-31,3.563850164413452
2019-02-01,3.588146209716797
2019-02-04,3.6984713077545166
2019-02-05,3.717559576034546
2019-02-06,3.79317569732666
2019-02-07,3.654836893081665
2019-02-08,3.6734306812286377
2019-02-11,3.630788564682007
2019-02-12,3.7478067874908447
2019-02-13,3.790200710296631
2019-02-14,3.8311080932617188
2019-02-15,3.900773525238037
2019-02-19,3.883418321609497
2019-02-20,3.9307713508605957
2019-02-21,3.861849784851074
2019-02-22,3.946638345718384
2019-02-25,3.9342422485351562
2019-02-26,3.8948230743408203
2019-02-27,3.8529245853424072
2019-02-28,3.828355312347412
2019-03-01,3.8827054500579834
2019-03-04,3.8908960819244385
2019-03-05,3.8844430446624756
2019-03-06,3.773508310317993
2019-03-07,3.7042670249938965
2019-03-08,3.738515853881836
2019-03-11,3.9990994930267334
2019-03-12,4.03334903717041
2019-03-13,4.1847357749938965
2019-03-14,4.108792304992676
2019-03-15,4.214267730712891
2019-03-18,4.192925453186035
2019-03-19,4.360692024230957
2019-03-20,4.328180313110352
2019-03-21,4.564940452575684
2019-03-22,4.405115604400635
2019-03-25,4.312793731689453
2019-03-26,4.389479160308838
2019-03-27,4.380298614501953
2019-03-28,4.398911952972412
2019-03-29,4.456238746643066
2019-04-01,4.52374267578125
2019-04-02,4.541611671447754
2019-04-03,4.681087017059326
2019-04-04,4.672152519226074
2019-04-05,4.738912105560303
2019-04-08,4.7597575187683105
2019-04-09,4.696970462799072
2019-04-10,4.76745080947876
2019-04-11,4.75355339050293
2019-04-12,4.715583324432373
2019-04-15,4.58380126953125
2019-04-16,4.67091178894043
2019-04-17,4.6480793952941895
2019-04-18,4.623508453369141
2019-04-22,4.677363872528076
2019-04-23,4.731960773468018
2019-04-24,4.7443718910217285
2019-04-25,4.638648986816406
2019-04-26,4.419756889343262
2019-04-29,4.450531959533691
2019-04-30,4.491976261138916
2019-05-01,4.478824138641357
2019-05-02,4.546326637268066
2019-05-03,4.541861534118652
2019-05-06,4.463436603546143
2019-05-07,4.296165466308594
2019-05-08,4.316269397735596
2019-05-09,4.22369909286499
2019-05-10,4.189699649810791
2019-05-13,3.9323413372039795
2019-05-14,4.021434783935547
2019-05-15,3.9603848457336426
2019-05-16,3.975522994995117
2019-05-17,3.884690999984741
2019-05-20,3.7660632133483887
2019-05-21,3.8482089042663574
2019-05-22,3.777230739593506
2019-05-23,3.6561219692230225
2019-05-24,3.602267265319824
2019-05-28,3.5570995807647705
2019-05-29,3.4828946590423584
2019-05-30,3.456310510635376
2019-05-31,3.3656227588653564
2019-06-03,3.3238818645477295
2019-06-04,3.5529603958129883
2019-06-05,3.510226249694824
2019-06-06,3.572340250015259
2019-06-07,3.615074634552002
2019-06-10,3.6878738403320312
2019-06-11,3.7455155849456787
2019-06-12,3.6324667930603027
2019-06-13,3.683650493621826
2019-06-14,3.5937070846557617
2019-06-17,3.603397846221924
2019-06-18,3.7984378337860107
2019-06-19,3.804401159286499
2019-06-20,3.828749656677246
2019-06-21,3.7706105709075928
2019-06-24,3.7929718494415283
2019-06-25,3.763653516769409
2019-06-26,3.95695424079895
2019-06-27,4.055593967437744
2019-06-28,4.080437660217285
2019-07-01,4.128640174865723
2019-07-02,4.030746936798096
2019-07-03,4.043667316436768
2019-07-05,3.9810547828674316
2019-07-08,3.9060208797454834
2019-07-09,3.9085049629211426
2019-07-10,3.9768309593200684
2019-07-11,4.131373405456543
2019-07-12,4.164416313171387
2019-07-15,4.155970096588135
2019-07-16,4.151249408721924
2019-07-17,4.21659517288208
2019-07-18,4.228272438049316
2019-07-19,4.185039520263672
2019-07-22,4.256594181060791
2019-07-23,4.364427089691162
2019-07-24,4.43896484375
2019-07-25,4.307777404785156
2019-07-26,4.34976863861084
2019-07-29,4.343555927276611
2019-07-30,4.359209060668945
2019-07-31,4.1919965744018555
2019-08-01,4.0975823402404785
2019-08-02,4.004906177520752
2019-08-05,3.7465097904205322
2019-08-06,3.7852697372436523
2019-08-07,3.8235321044921875
2019-08-08,3.9321086406707764
2019-08-09,3.830738067626953
2019-08-12,3.7629082202911377
2019-08-13,3.8771989345550537
2019-08-14,3.7286202907562256
2019-08-15,3.696321725845337
2019-08-16,3.9644083976745605
2019-08-19,4.2431793212890625
2019-08-20,4.170877456665039
2019-08-21,4.254360198974609
2019-08-22,4.2605719566345215
2019-08-23,4.0359649658203125
2019-08-26,4.110750675201416
2019-08-27,4.020063400268555
2019-08-28,4.009617805480957
2019-08-29,4.153369426727295
2019-08-30,4.166053295135498
2019-09-03,4.082984924316406
2019-09-04,4.197140216827393
2019-09-05,4.470220565795898
2019-09-06,4.443110942840576
2019-09-09,4.4891204833984375
2019-09-10,4.5557732582092285
2019-09-11,4.58437442779541
2019-09-12,4.582882404327393
2019-09-13,4.524935722351074
2019-09-16,4.481908798217773
2019-09-17,4.503295421600342
2019-09-18,4.476187229156494
2019-09-19,4.4005818367004395
2019-09-20,4.294881820678711
2019-09-23,4.348352909088135
2019-09-24,4.290903568267822
2019-09-25,4.4326653480529785
2019-09-26,4.410529613494873
2019-09-27,4.27175235748291
2019-09-30,4.329204082489014
2019-10-01,4.327461242675781
2019-10-02,4.303586959838867
2019-10-03,4.509266376495361
2019-10-04,4.525679588317871
2019-10-07,4.58437442779541
2019-10-08,4.40779447555542
2019-10-09,4.49434232711792
2019-10-10,4.552043437957764
2019-10-11,4.625661373138428
2019-10-14,4.639089107513428
2019-10-15,4.883813381195068
2019-10-16,4.8300933837890625
2019-10-17,4.832083702087402
2019-10-18,4.737575531005859
2019-10-21,4.874860763549805
2019-10-22,4.864913463592529
2019-10-23,4.851981163024902
2019-10-24,4.896002769470215
2019-10-25,5.08700704574585
2019-10-28,5.142966270446777
2019-10-29,5.046716690063477
2019-10-30,5.0487060546875
2019-10-31,4.999462127685547
2019-11-01,5.038509368896484
2019-11-04,5.235235214233398
2019-11-05,5.213099479675293
2019-11-06,5.1638569831848145
2019-11-07,5.181513786315918
2019-11-08,5.1675872802734375
2019-11-11,5.177535057067871
2019-11-12,5.213099479675293
2019-11-13,5.187234401702881
2019-11-14,5.21757698059082
2019-11-15,5.078301906585693
2019-11-18,5.279504776000977
2019-11-19,5.172810077667236
2019-11-20,5.2521467208862305
2019-11-21,5.2272748947143555
2019-11-22,5.244934558868408
2019-11-25,5.501596927642822
2019-11-26,5.396892547607422
2019-11-27,5.431735515594482
2019-11-29,5.394403457641602
2019-12-02,5.2079854011535645
2019-12-03,5.168412685394287
2019-12-04,5.212216377258301
2019-12-05,5.195294380187988
2019-12-06,5.280661106109619
2019-12-09,5.280661106109619
2019-12-10,5.325709819793701
2019-12-11,5.409336566925049
2019-12-12,5.576838493347168
2019-12-13,5.574848175048828
2019-12-16,5.603719711303711
2019-12-17,5.681869983673096
2019-12-18,5.7122344970703125
2019-12-19,5.86032247543335
2019-12-20,5.957637310028076
2019-12-23,5.943948745727539
2019-12-24,5.938971519470215
2019-12-26,5.953157424926758
2019-12-27,5.895416259765625
2019-12-30,5.782171249389648
2019-12-31,5.8563408851623535
2020-01-02,5.9710774421691895
2020-01-03,5.875506401062012
2020-01-06,5.900143623352051
2020-01-07,5.97157621383667
2020-01-08,5.982773780822754
2020-01-09,6.048482894897461
2020-01-10,6.080836772918701
2020-01-13,6.271485805511475
2020-01-14,6.154508113861084
2020-01-15,6.111948013305664
2020-01-16,6.1955742835998535
2020-01-17,6.204285621643066
2020-01-21,6.170935153961182
2020-01-22,6.224944114685059
2020-01-23,6.293386936187744
2020-01-24,6.234151840209961
2020-01-27,5.97829532623291
2020-01-28,6.171680927276611
2020-01-29,6.111202716827393
2020-01-30,6.117921829223633
2020-01-31,5.884465217590332
2020-02-03,5.981531143188477
2020-02-04,6.15077543258667
2020-02-05,6.241121292114258
2020-02-06,6.327983379364014
2020-02-07,6.26177978515625
2020-02-10,6.545014381408691
2020-02-11,6.6674675941467285
2020-02-12,6.783201694488525
2020-02-13,6.739394664764404
2020-02-14,7.2125325202941895
2020-02-18,7.381278038024902
2020-02-19,7.832511901855469
2020-02-20,7.683180809020996
2020-02-21,7.31905460357666
2020-02-24,6.801616191864014
2020-02-25,6.5221171379089355
2020-02-26,6.661493301391602
2020-02-27,6.290677547454834
2020-02-28,6.72574520111084
2020-03-02,6.884131908416748
2020-03-03,6.621649265289307
2020-03-04,7.085355758666992
2020-03-05,6.805934906005859
2020-03-06,6.625383377075195
2020-03-09,6.112366676330566
2020-03-10,6.50186014175415
2020-03-11,6.138017654418945
2020-03-12,5.3869218826293945
2020-03-13,5.997809410095215
2020-03-16,4.891088962554932
2020-03-17,5.410829544067383
2020-03-18,5.050970077514648
2020-03-19,5.303743362426758
2020-03-20,5.12393856048584
2020-03-23,5.296769618988037
2020-03-24,6.205506324768066
2020-03-25,6.116849422454834
2020-03-26,6.4062299728393555
2020-03-27,6.293915271759033
2020-03-30,6.6141767501831055
2020-03-31,6.564618110656738
2020-04-01,6.053343296051025
2020-04-02,6.3621506690979
2020-04-03,6.074263095855713
2020-04-06,6.6841559410095215
2020-04-07,6.450808048248291
2020-04-08,6.648044109344482
2020-04-09,6.548431873321533
2020-04-13,6.720266342163086
2020-04-14,7.071409225463867
2020-04-15,6.99395751953125
2020-04-16,7.339123725891113
2020-04-17,7.279853820800781
2020-04-20,7.148609638214111
2020-04-21,6.711798191070557
2020-04-22,7.126196384429932
2020-04-23,7.072902202606201
2020-04-24,7.211865425109863
2020-04-27,7.39839506149292
2020-04-28,7.255945682525635
2020-04-29,7.4327616691589355
2020-04-30,7.27885627746582
2020-05-01,7.042270660400391
2020-05-04,7.254201889038086
2020-05-05,7.3152174949646
2020-05-06,7.416074752807617
2020-05-07,7.592395305633545
2020-05-08,7.782409191131592
2020-05-11,8.03443717956543
2020-05-12,7.772447109222412
2020-05-13,7.750035762786865
2020-05-14,7.99956750869751
2020-05-15,8.458045959472656
2020-05-18,8.716546058654785
2020-05-19,8.77158260345459
2020-05-20,8.935450553894043
2020-05-21,8.74145221710205
2020-05-22,8.991484642028809
2020-05-26,8.684174537658691
2020-05-27,8.492415428161621
2020-05-28,8.454310417175293
2020-05-29,8.841312408447266
2020-06-01,8.772330284118652
2020-06-02,8.791259765625
2020-06-03,8.735722541809082
2020-06-04,8.736720085144043
2020-06-05,8.889700889587402
2020-06-08,8.775090217590332
2020-06-09,9.015271186828613
2020-06-10,9.334930419921875
2020-06-11,8.766371726989746
2020-06-12,8.902156829833984
2020-06-15,9.142583847045898
2020-06-16,9.037694931030273
2020-06-17,9.204626083374023
2020-06-18,9.186687469482422
2020-06-19,9.229787826538086
2020-06-22,9.494389533996582
2020-06-23,9.41789722442627
2020-06-24,9.204127311706543
2020-06-25,9.457762718200684
2020-06-26,9.123902320861816
2020-06-29,9.168747901916504
2020-06-30,9.465487480163574
2020-07-01,9.497625350952148
2020-07-02,9.579597473144531
2020-07-06,9.805829048156738
2020-07-07,9.838217735290527
2020-07-08,10.181296348571777
2020-07-09,10.473301887512207
2020-07-10,10.443652153015137
2020-07-13,10.018104553222656
2020-07-14,10.34174919128418
2020-07-15,10.19250774383545
2020-07-16,10.100322723388672
2020-07-17,10.166845321655273
2020-07-20,10.475045204162598
2020-07-21,10.293412208557129
2020-07-22,10.403290748596191
2020-07-23,10.095342636108398
2020-07-24,10.159867286682129
2020-07-27,10.386099815368652
2020-07-28,10.180798530578613
2020-07-29,10.429950714111328
2020-07-30,10.5779447555542
2020-07-31,10.578692436218262
2020-08-03,10.972848892211914
2020-08-04,11.189608573913574
2020-08-05,11.24841022491455
2020-08-06,11.296993255615234
2020-08-07,11.161455154418945
2020-08-10,11.1270751953125
2020-08-11,10.813143730163574
2020-08-12,11.401390075683594
2020-08-13,11.40412712097168
2020-08-14,11.52471923828125
2020-08-17,12.295093536376953
2020-08-18,12.219099044799805
2020-08-19,12.097262382507324
2020-08-20,12.099759101867676
2020-08-21,12.640416145324707
2020-08-24,12.67703914642334
2020-08-25,12.706687927246094
2020-08-26,12.729609489440918
2020-08-27,12.585351943969727
2020-08-28,13.103086471557617
2020-08-31,13.329065322875977
2020-09-01,13.778170585632324
2020-09-02,14.302043914794922
2020-09-03,12.975168228149414
2020-09-04,12.583386421203613
2020-09-08,11.876083374023438
2020-09-09,12.675599098205566
2020-09-10,12.273597717285156
2020-09-11,12.126805305480957
2020-09-14,12.832362174987793
2020-09-15,12.95074462890625
2020-09-16,12.475719451904297
2020-09-17,12.424875259399414
2020-09-18,12.15147590637207
2020-09-21,12.478461265563965
2020-09-22,12.598586082458496
2020-09-23,12.086179733276367
2020-09-24,12.309736251831055
2020-09-25,12.833856582641602
2020-09-28,12.994607925415039
2020-09-29,13.184767723083496
2020-09-30,13.488572120666504
2020-10-01,13.572311401367188
2020-10-02,13.021771430969238
2020-10-05,13.600228309631348
2020-10-06,13.693933486938477
2020-10-07,13.920730590820312
2020-10-08,13.795865058898926
2020-10-09,13.720102310180664
2020-10-12,14.181916236877441
2020-10-13,14.20409870147705
2020-10-14,14.0515718460083
2020-10-15,13.926709175109863
2020-10-16,13.76870059967041
2020-10-19,13.455923080444336
2020-10-20,13.6032133102417
2020-10-21,13.48283863067627
2020-10-22,13.319596290588379
2020-10-23,13.548136711120605
2020-10-26,13.100528717041016
2020-10-27,13.355237007141113
2020-10-28,12.587870597839355
2020-10-29,12.983641624450684
2020-10-30,12.495160102844238
2020-11-02,12.541766166687012
2020-11-03,12.979155540466309
2020-11-04,13.751505851745605
2020-11-05,14.116120338439941
2020-11-06,14.516876220703125
2020-11-09,13.588513374328613
2020-11-10,12.730430603027344
2020-11-11,13.376421928405762
2020-11-12,13.415051460266113
2020-11-13,13.255794525146484
2020-11-16,13.473367691040039
2020-11-17,13.380656242370605
2020-11-18,13.387136459350586
2020-11-19,13.398601531982422
2020-11-20,13.04719352722168
2020-11-23,13.099283218383789
2020-11-24,12.917596817016602
2020-11-25,13.193737983703613
2020-11-27,13.220154762268066
2020-11-30,13.359972953796387
2020-12-01,13.348505973815918
2020-12-02,13.502527236938477
2020-12-03,13.358433723449707
2020-12-04,13.520230293273926
2020-12-07,13.568593978881836
2020-12-08,13.312565803527832
2020-12-09,12.894486427307129
2020-12-10,12.935872077941895
2020-12-11,12.97675895690918
2020-12-14,13.271429061889648
2020-12-15,13.323033332824707
2020-12-16,13.205363273620605
2020-12-17,13.303834915161133
2020-12-18,13.234782218933105
2020-12-21,13.29486083984375
2020-12-22,13.241013526916504
2020-12-23,12.97276782989502
2020-12-24,12.95730972290039
2020-12-28,12.863822937011719
2020-12-29,12.906952857971191
2020-12-30,13.108884811401367
2020-12-31,13.018390655517578
2021-01-04,13.076725959777832
2021-01-05,13.367157936096191
2021-01-06,12.579123497009277
2021-01-07,13.306578636169434
2021-01-08,13.239518165588379
2021-01-11,13.58329963684082
2021-01-12,13.44693660736084
2021-01-13,13.493800163269043
2021-01-14,13.163230895996094
2021-01-15,12.823439598083496
2021-01-19,12.988723754882812
2021-01-20,13.328268051147461
2021-01-21,13.82861042022705
2021-01-22,13.674042701721191
2021-01-25,13.614962577819824
2021-01-26,13.397573471069336
2021-01-27,12.881525993347168
2021-01-28,13.014400482177734
2021-01-29,12.953325271606445
2021-02-01,13.19987964630127
2021-02-02,13.518733024597168
2021-02-03,13.492559432983398
2021-02-04,13.625932693481445
2021-02-05,13.552886962890625
2021-02-08,14.398260116577148
2021-02-09,14.223250389099121
2021-02-10,14.722846031188965
2021-02-11,15.20798110961914
2021-02-12,14.919293403625488
2021-02-16,15.287260055541992
2021-02-17,14.864198684692383
2021-02-18,14.78741455078125
2021-02-19,14.884641647338867
2021-02-22,14.315494537353516
2021-02-23,14.102340698242188
2021-02-24,14.458341598510742
2021-02-25,13.270180702209473
2021-02-26,13.676039695739746
2021-03-01,13.802933692932129
2021-03-02,13.36865520477295
2021-03-03,12.768844604492188
2021-03-04,12.33556079864502
2021-03-05,12.426555633544922
2021-03-08,11.560737609863281
2021-03-09,12.489448547363281
2021-03-10,12.437576293945312
2021-03-11,12.961533546447754
2021-03-12,12.824372291564941
2021-03-15,13.158799171447754
2021-03-16,13.258554458618164
2021-03-17,13.308426856994629
2021-03-18,12.691200256347656
2021-03-19,12.814146995544434
2021-03-22,13.153810501098633
2021-03-23,13.038595199584961
2021-03-24,12.611897468566895
2021-03-25,12.504413604736328
2021-03-26,12.80766487121582
2021-03-29,12.91639518737793
2021-03-30,12.840084075927734
2021-03-31,13.315413475036621
2021-04-01,13.777770042419434
2021-04-05,13.95309066772461
2021-04-06,13.827399253845215
2021-04-07,14.108705520629883
2021-04-08,14.281778335571289
2021-04-09,14.364574432373047
2021-04-12,15.17158317565918
2021-04-13,15.6409273147583
2021-04-14,15.23941707611084
2021-04-15,16.097551345825195
2021-04-16,15.87335205078125
2021-04-19,15.323957443237305
2021-04-20,15.133926391601562
2021-04-21,15.322710990905762
2021-04-22,14.81371784210205
2021-04-23,15.227697372436523
2021-04-26,15.439923286437988
2021-04-27,15.343911170959473
2021-04-28,15.239167213439941
2021-04-29,15.28704833984375
2021-04-30,14.972574234008789
2021-05-03,14.800250053405762
2021-05-04,14.31594467163086
2021-05-05,14.422929763793945
2021-05-06,14.487272262573242
2021-05-07,14.775810241699219
2021-05-10,14.230655670166016
2021-05-11,14.2710542678833
2021-05-12,13.724653244018555
2021-05-13,13.63162899017334
2021-05-14,14.207962036132812
2021-05-17,14.130651473999023
2021-05-18,13.981267929077148
2021-05-19,14.031146049499512
2021-05-20,14.576553344726562
2021-05-21,14.954867362976074
2021-05-24,15.573592185974121
2021-05-25,15.60925579071045
2021-05-26,15.661375999450684
2021-05-27,15.449895858764648
2021-05-28,16.20453453063965
2021-06-01,16.224485397338867
2021-06-02,16.73697280883789
2021-06-03,16.928007125854492
2021-06-04,17.535009384155273
2021-06-07,17.575658798217773
2021-06-08,17.414051055908203
2021-06-09,17.319517135620117
2021-06-10,17.386117935180664
2021-06-11,17.785472869873047
2021-06-14,17.978538513183594
2021-06-15,17.748804092407227
2021-06-16,17.770503997802734
2021-06-17,18.615615844726562
2021-06-18,18.597156524658203
2021-06-21,18.386131286621094
2021-06-22,18.844606399536133
2021-06-23,19.01472282409668
2021-06-24,19.162643432617188
2021-06-25,18.98853302001953
2021-06-28,19.94040298461914
2021-06-29,19.982065200805664
2021-06-30,19.957866668701172
2021-07-01,20.16689682006836
2021-07-02,20.441280364990234
2021-07-06,20.652315139770508
2021-07-07,20.326292037963867
2021-07-08,19.85834312438965
2021-07-09,20.00550651550293
2021-07-12,20.466726303100586
2021-07-13,20.20481300354004
2021-07-14,19.797222137451172
2021-07-15,18.923927307128906
2021-07-16,18.12047004699707
2021-07-19,18.73784637451172
2021-07-20,18.570466995239258
2021-07-21,19.36668586730957
2021-07-22,19.550270080566406
2021-07-23,19.514360427856445
2021-07-26,19.250946044921875
2021-07-27,19.165138244628906
2021-07-28,19.459476470947266
2021-07-29,19.618122100830078
2021-07-30,19.455486297607422
2021-08-02,19.705930709838867
2021-08-03,19.770782470703125
2021-08-04,20.228761672973633
2021-08-05,20.590946197509766
2021-08-06,20.3205509185791
2021-08-09,20.24971580505371
2021-08-10,19.891515731811523
2021-08-11,19.655044555664062
2021-08-12,19.860578536987305
2021-08-13,20.14295196533203
2021-08-16,19.90547752380371
2021-08-17,19.414575576782227
2021-08-18,18.997509002685547
2021-08-19,19.75381851196289
2021-08-20,20.769550323486328
2021-08-23,21.909000396728516
2021-08-24,21.744367599487305
2021-08-25,22.16343116760254
2021-08-26,22.018753051757812
2021-08-27,22.585487365722656
2021-08-30,22.637372970581055
2021-08-31,22.338987350463867
2021-09-01,22.394874572753906
2021-09-02,22.34996795654297
2021-09-03,22.796045303344727
2021-09-07,22.615421295166016
2021-09-08,22.29307746887207
2021-09-09,22.13141632080078
2021-09-10,22.431795120239258
2021-09-13,22.106462478637695
2021-09-14,22.19628143310547
2021-09-15,22.295076370239258
2021-09-16,22.19628143310547
2021-09-17,21.85498046875
2021-09-20,21.069604873657227
2021-09-21,21.202327728271484
2021-09-22,21.895898818969727
2021-09-23,22.4357852935791
2021-09-24,22.035615921020508
2021-09-27,21.615474700927734
2021-09-28,20.65645408630371
2021-09-29,20.474824905395508
2021-09-30,20.673416137695312
2021-10-01,20.69936752319336
2021-10-04,19.69144058227539
2021-10-05,20.408958435058594
2021-10-06,20.657451629638672
2021-10-07,21.031681060791016
2021-10-08,20.78818130493164
2021-10-11,20.652462005615234
2021-10-12,20.628511428833008
2021-10-13,20.895957946777344
2021-10-14,21.701303482055664
2021-10-15,21.817062377929688
2021-10-18,22.17632484436035
2021-10-19,22.244182586669922
2021-10-20,22.05756378173828
2021-10-21,22.645357131958008
2021-10-22,22.679285049438477
2021-10-25,23.118379592895508
2021-10-26,24.666194915771484
2021-10-27,24.400741577148438
2021-10-28,24.889734268188477
2021-10-29,25.51444435119629
2021-11-01,25.773910522460938
2021-11-02,26.346729278564453
2021-11-03,26.54332733154297
2021-11-04,29.73974609375
2021-11-05,29.690847396850586
2021-11-08,30.740680694580078
2021-11-09,30.593982696533203
2021-11-10,29.3984432220459
2021-11-11,30.327531814575195
2021-11-12,30.327531814575195
2021-11-15,29.963285446166992
2021-11-16,30.14091682434082
2021-11-17,29.200849533081055
2021-11-18,31.609893798828125
2021-11-19,32.91720199584961
2021-11-22,31.890316009521484
2021-11-23,31.68074607849121
2021-11-24,32.60683059692383
2021-11-26,31.438243865966797
2021-11-29,33.30739212036133
2021-11-30,32.608829498291016
2021-12-01,31.37421989440918
2021-12-02,32.06388854980469
2021-12-03,30.633663177490234
2021-12-06,29.978931427001953
2021-12-07,32.36431121826172
2021-12-08,31.764467239379883
2021-12-09,30.431053161621094
2021-12-10,30.139619827270508
2021-12-13,28.106555938720703
2021-12-14,28.282211303710938
2021-12-15,30.400108337402344
2021-12-16,28.332115173339844
2021-12-17,27.747255325317383
2021-12-20,27.66541290283203
2021-12-21,29.018781661987305
2021-12-22,29.343158721923828
2021-12-23,29.582700729370117
2021-12-27,30.88517189025879
2021-12-28,30.26338005065918
2021-12-29,29.9429931640625
2021-12-30,29.528797149658203
2021-12-31,29.35413932800293
2022-01-03,30.062767028808594
2022-01-04,29.233375549316406
2022-01-05,27.55063247680664
2022-01-06,28.12352180480957
2022-01-07,27.19432258605957
2022-01-10,27.34701919555664
2022-01-11,27.76321792602539
2022-01-12,27.94487190246582
2022-01-13,26.523618698120117
2022-01-14,26.889907836914062
2022-01-18,25.85291862487793
2022-01-19,25.018539428710938
2022-01-20,24.103307723999023
2022-01-21,23.328813552856445
2022-01-24,23.326814651489258
2022-01-25,22.28083610534668
2022-01-26,22.727975845336914
2022-01-27,21.901575088500977
2022-01-28,22.795841217041016
2022-01-31,24.438661575317383
2022-02-01,24.590364456176758
2022-02-02,25.19319725036621
2022-02-03,23.901700973510742
2022-02-04,24.271982192993164
2022-02-07,24.68018913269043
2022-02-08,25.059457778930664
2022-02-09,26.653369903564453
2022-02-10,25.774070739746094
2022-02-11,23.90269660949707
2022-02-14,24.220083236694336
2022-02-15,26.443777084350586
2022-02-16,26.45974349975586
2022-02-17,24.459619522094727
2022-02-18,23.59629249572754
2022-02-22,23.344776153564453
2022-02-23,22.34371566772461
2022-02-24,23.702083587646484
2022-02-25,24.11029815673828
2022-02-28,24.33785629272461
2022-03-01,23.431610107421875
2022-03-02,24.177291870117188
2022-03-03,23.67218780517578
2022-03-04,22.895559310913086
2022-03-07,21.31435203552246
2022-03-08,21.476062774658203
2022-03-09,22.973419189453125
2022-03-10,22.618051528930664
2022-03-11,22.0610294342041
2022-03-14,21.292388916015625
2022-03-15,22.93248748779297
2022-03-16,24.452810287475586
2022-03-17,24.722332000732422
2022-03-18,26.40635871887207
2022-03-21,26.686857223510742
2022-03-22,26.477231979370117
2022-03-23,25.588802337646484
2022-03-24,28.100366592407227
2022-03-25,27.643171310424805
2022-03-28,28.169240951538086
2022-03-29,28.605470657348633
2022-03-30,27.64117431640625
2022-03-31,27.237884521484375
2022-04-01,26.66489601135254
2022-04-04,27.311756134033203
2022-04-05,25.88527488708496
2022-04-06,24.363964080810547
2022-04-07,24.165311813354492
2022-04-08,23.078229904174805
2022-04-11,21.87835121154785
2022-04-12,21.466079711914062
2022-04-13,22.163850784301758
2022-04-14,21.22051239013672
2022-04-18,21.744590759277344
2022-04-19,22.158855438232422
2022-04-20,21.444122314453125
2022-04-21,20.14741325378418
2022-04-22,19.4805908203125
2022-04-25,19.866907119750977
2022-04-26,18.754871368408203
2022-04-27,18.382530212402344
2022-04-28,19.747116088867188
2022-04-29,18.51429557800293
2022-05-02,19.498558044433594
2022-05-03,19.56743621826172
2022-05-04,20.29814338684082
2022-05-05,18.81077003479004
2022-05-06,18.642066955566406
2022-05-09,16.920114517211914
2022-05-10,17.56397247314453
2022-05-11,16.600675582885742
2022-05-12,16.1464786529541
2022-05-13,17.674776077270508
2022-05-16,17.233556747436523
2022-05-17,18.14494514465332
2022-05-18,16.90812873840332
2022-05-19,17.093807220458984
2022-05-20,16.664562225341797
2022-05-23,16.868207931518555
2022-05-24,16.125516891479492
2022-05-25,16.945070266723633
2022-05-26,17.819522857666016
2022-05-27,18.777830123901367
2022-05-31,18.639080047607422
2022-06-01,18.287696838378906
2022-06-02,19.557449340820312
2022-06-03,18.68699073791504
2022-06-06,18.75287628173828
2022-06-07,18.89262580871582
2022-06-08,18.619054794311523
2022-06-09,18.01998519897461
2022-06-10,16.94765281677246
2022-06-13,15.622713088989258
2022-06-14,15.811419486999512
2022-06-15,16.501346588134766
2022-06-16,15.576784133911133
2022-06-17,15.85534954071045
2022-06-21,16.540287017822266
2022-06-22,16.334604263305664
2022-06-23,16.199813842773438
2022-06-24,17.09941291809082
2022-06-27,16.842817306518555
2022-06-28,15.957192420959473
2022-06-29,15.517873764038086
2022-06-30,15.135470390319824
2022-07-01,14.500455856323242
2022-07-05,14.94076919555664
2022-07-06,15.106513023376465
2022-07-07,15.833382606506348
2022-07-08,15.81341552734375
2022-07-11,15.128480911254883
2022-07-12,15.058587074279785
2022-07-13,15.140460968017578
2022-07-14,15.348137855529785
2022-07-15,15.737533569335938
2022-07-18,16.076004028320312
2022-07-19,16.965627670288086
2022-07-20,17.77935791015625
2022-07-21,18.02198028564453
2022-07-22,17.292118072509766
2022-07-25,16.997575759887695
2022-07-26,16.50733757019043
2022-07-27,17.76238441467285
2022-07-28,17.95608139038086
2022-07-29,18.134807586669922
2022-08-01,18.412376403808594
2022-08-02,18.49724006652832
2022-08-03,18.86367416381836
2022-08-04,19.185171127319336
2022-08-05,18.959524154663086
2022-08-08,17.765378952026367
2022-08-09,17.059478759765625
2022-08-10,18.068910598754883
2022-08-11,17.914148330688477
2022-08-12,18.67995834350586
2022-08-15,19.002460479736328
2022-08-16,18.849693298339844
2022-08-17,18.306541442871094
2022-08-18,18.743860244750977
2022-08-19,17.821292877197266
2022-08-22,17.00756072998047
2022-08-23,17.154329299926758
2022-08-24,17.19526481628418
2022-08-25,17.885194778442383
2022-08-26,16.234760284423828
2022-08-29,15.776473045349121
2022-08-30,15.443989753723145
2022-08-31,15.070570945739746
2022-09-01,13.915366172790527
2022-09-02,13.625816345214844
2022-09-06,13.444098472595215
2022-09-07,13.69678020477295
2022-09-08,13.972434043884277
2022-09-09,14.368936538696289
2022-09-12,14.486786842346191
2022-09-13,13.11451244354248
2022-09-14,13.111517906188965
2022-09-15,12.912766456604004
2022-09-16,13.181429862976074
2022-09-19,13.36520004272461
2022-09-20,13.15945816040039
2022-09-21,13.244349479675293
2022-09-22,12.545228004455566
2022-09-23,12.500286102294922
2022-09-26,12.212646484375
2022-09-27,12.39741325378418
2022-09-28,12.720010757446289
2022-09-29,12.204658508300781
2022-09-30,12.123758316040039
2022-10-03,12.496291160583496
2022-10-04,13.150465965270996
2022-10-05,13.192413330078125
2022-10-06,13.11351490020752
2022-10-07,12.06083869934082
2022-10-10,11.65534782409668
2022-10-11,11.571455001831055
2022-10-12,11.48556137084961
2022-10-13,11.944984436035156
2022-10-14,11.212903022766113
2022-10-17,11.87307357788086
2022-10-18,11.951974868774414
2022-10-19,12.035869598388672
2022-10-20,12.178689002990723
2022-10-21,12.450347900390625
2022-10-24,12.583181381225586
2022-10-25,13.244349479675293
2022-10-26,12.879805564880371
2022-10-27,13.15945816040039
2022-10-28,13.816629409790039
2022-10-31,13.480053901672363
2022-11-01,13.525995254516602
2022-11-02,13.20240306854248
2022-11-03,13.404149055480957
2022-11-04,14.138224601745605
2022-11-07,14.283041000366211
2022-11-08,14.58366584777832
2022-11-09,13.75870418548584
2022-11-10,15.730225563049316
2022-11-11,16.306501388549805
2022-11-14,16.274538040161133
2022-11-15,16.645078659057617
2022-11-16,15.890024185180664
2022-11-17,15.657317161560059
2022-11-18,15.389653205871582
2022-11-21,15.297767639160156
2022-11-22,16.017864227294922
2022-11-23,16.498254776000977
2022-11-25,16.249568939208984
2022-11-28,15.807127952575684
2022-11-29,15.619362831115723
2022-11-30,16.906076431274414
2022-12-01,17.11786460876465
2022-12-02,16.859119415283203
2022-12-05,16.593387603759766
2022-12-06,15.971010208129883
2022-12-07,16.103878021240234
2022-12-08,17.151832580566406
2022-12-09,16.983997344970703
2022-12-12,17.5174617767334
2022-12-13,18.05392837524414
2022-12-14,17.656322479248047
2022-12-15,16.935043334960938
2022-12-16,16.554426193237305
2022-12-19,16.237747192382812
2022-12-20,16.06891632080078
2022-12-21,16.484498977661133
2022-12-22,15.323659896850586
2022-12-23,15.19079303741455
2022-12-27,14.106879234313965
2022-12-28,14.02196216583252
2022-12-29,14.588395118713379
2022-12-30,14.599385261535645
2023-01-03,14.300684928894043
2023-01-04,14.734251022338867
2023-01-05,14.250734329223633
2023-01-06,14.84414005279541
2023-01-09,15.612370491027832
2023-01-10,15.893091201782227
2023-01-11,15.98499870300293
2023-01-12,16.494483947753906
2023-01-13,16.882102966308594
2023-01-17,17.684293746948242
2023-01-18,17.359622955322266
2023-01-19,16.748233795166016
2023-01-20,17.8211612701416
2023-01-23,19.173805236816406
2023-01-24,19.245731353759766
2023-01-25,19.303672790527344
2023-01-26,19.782196044921875
2023-01-27,20.344633102416992
2023-01-30,19.142837524414062
2023-01-31,19.51746368408203
2023-02-01,20.922056198120117
2023-02-02,21.68729019165039
2023-02-03,21.078901290893555
2023-02-06,21.067907333374023
2023-02-07,22.150827407836914
2023-02-08,22.18279266357422
2023-02-09,22.31466293334961
2023-02-10,21.243730545043945
2023-02-13,21.766212463378906
2023-02-14,22.94802474975586
2023-02-15,22.741235733032227
2023-02-16,21.979995727539062
2023-02-17,21.36661148071289
2023-02-21,20.63434410095215
2023-02-22,20.733243942260742
2023-02-23,23.640335083007812
2023-02-24,23.262710571289062
2023-02-27,23.47749900817871
2023-02-28,23.19278335571289
2023-03-01,22.675296783447266
2023-03-02,23.290687561035156
2023-03-03,23.86610984802246
2023-03-06,23.53044319152832
2023-03-07,23.268665313720703
2023-03-08,24.16092300415039
2023-03-09,23.416540145874023
2023-03-10,22.945934295654297
2023-03-13,22.946931838989258
2023-03-14,24.043018341064453
2023-03-15,24.207881927490234
2023-03-16,25.519792556762695
2023-03-17,25.703636169433594
2023-03-20,25.87849235534668
2023-03-21,26.177244186401367
2023-03-22,26.446022033691406
2023-03-23,27.16842269897461
2023-03-24,26.756763458251953
2023-03-27,26.508970260620117
2023-03-28,26.38806915283203
2023-03-29,26.961591720581055
2023-03-30,27.360260009765625
2023-03-31,27.75393295288086
2023-04-03,27.9417781829834
2023-04-04,27.430200576782227
2023-04-05,26.858678817749023
2023-04-06,27.014551162719727
2023-04-10,27.55609703063965
2023-04-11,27.146442413330078
2023-04-12,26.472999572753906
2023-04-13,26.441024780273438
2023-04-14,26.735780715942383
2023-04-17,26.97957992553711
2023-04-18,27.644027709960938
2023-04-19,27.907808303833008
2023-04-20,27.081493377685547
2023-04-21,27.096479415893555
2023-04-24,27.019542694091797
2023-04-25,26.219207763671875
2023-04-26,26.93361473083496
2023-04-27,27.203392028808594
2023-04-28,27.72595977783203
2023-05-01,28.885995864868164
2023-05-02,28.18657684326172
2023-05-03,27.778915405273438
2023-05-04,27.53911590576172
2023-05-05,28.656187057495117
2023-05-08,29.126794815063477
2023-05-09,28.547273635864258
2023-05-10,28.86101531982422
2023-05-11,28.554269790649414
2023-05-12,28.31646728515625
2023-05-15,28.928958892822266
2023-05-16,29.18874168395996
2023-05-17,30.152936935424805
2023-05-18,31.65169334411621
2023-05-19,31.238035202026367
2023-05-22,31.15011215209961
2023-05-23,30.662517547607422
2023-05-24,30.512643814086914
2023-05-25,37.94845962524414
2023-05-26,38.913665771484375
2023-05-30,40.077693939208984
2023-05-31,37.802581787109375
2023-06-01,39.73698043823242
2023-06-02,39.29434585571289
2023-06-05,39.13847351074219
2023-06-06,38.62190246582031
2023-06-07,37.44774627685547
2023-06-08,38.48200607299805
2023-06-09,38.7418212890625
2023-06-12,39.45330047607422
2023-06-13,40.99217224121094
2023-06-14,42.96575164794922
2023-06-15,42.62199401855469
2023-06-16,42.66095733642578
2023-06-20,43.776153564453125
2023-06-21,43.013710021972656
2023-06-22,42.993717193603516
2023-06-23,42.178314208984375
2023-06-26,40.60246276855469
2023-06-27,41.84555435180664
2023-06-28,41.08710861206055
2023-06-29,40.79231643676758
2023-06-30,42.27124786376953
2023-07-03,42.38216018676758
2023-07-05,42.286231994628906
2023-07-06,42.07239532470703
2023-07-07,42.47209930419922
2023-07-10,42.14933395385742
2023-07-11,42.374168395996094
2023-07-12,43.87007522583008
2023-07-13,45.94357681274414
2023-07-14,45.43593978881836
2023-07-17,46.42721939086914
2023-07-18,47.45947265625
2023-07-19,47.04277801513672
2023-07-20,45.48690414428711
2023-07-21,44.27677917480469
2023-07-24,44.579566955566406
2023-07-25,45.645790100097656
2023-07-26,45.4189567565918
2023-07-27,45.86663055419922
2023-07-28,46.71601486206055
2023-07-31,46.69502639770508
2023-08-01,46.473182678222656
2023-08-02,44.23681640625
2023-08-03,44.48263168334961
2023-08-04,44.64751052856445
2023-08-07,45.38398361206055
2023-08-08,44.631534576416016
2023-08-09,42.52306365966797
2023-08-10,42.3571891784668
2023-08-11,40.82530212402344
2023-08-14,43.721187591552734
2023-08-15,43.90805435180664
2023-08-16,43.45438766479492
2023-08-17,43.3124885559082
2023-08-18,43.26751708984375
2023-08-21,46.932857513427734
2023-08-22,45.63479995727539
2023-08-23,47.081748962402344
2023-08-24,47.12871170043945
2023-08-25,45.98454666137695
2023-08-28,46.80094909667969
2023-08-29,48.748531341552734
2023-08-30,49.228187561035156
2023-08-31,49.319122314453125
2023-09-01,48.473731994628906
2023-09-05,48.5127067565918
2023-09-06,47.03066635131836
2023-09-07,46.2111930847168
2023-09-08,45.54262161254883
2023-09-11,45.14887619018555
2023-09-12,44.8410758972168
2023-09-13,45.45568084716797
2023-09-14,45.5516242980957
2023-09-15,43.8716926574707
2023-09-18,43.937652587890625
2023-09-19,43.491939544677734
2023-09-20,42.21177291870117
2023-09-21,40.99055480957031
2023-09-22,41.58317565917969
2023-09-25,42.19477844238281
2023-09-26,41.88397979736328
2023-09-27,42.44062042236328
2023-09-28,43.061222076416016
2023-09-29,43.4709587097168
2023-10-02,44.75312805175781
2023-10-03,43.48893737792969
2023-10-04,44.012611389160156
2023-10-05,44.6591911315918
2023-10-06,45.73249816894531
2023-10-09,45.243812561035156
2023-10-10,45.76847457885742
2023-10-11,46.77582550048828
2023-10-12,46.91473388671875
2023-10-13,45.43168640136719
2023-10-16,46.065284729003906
2023-10-17,43.9096794128418
2023-10-18,42.16879653930664
2023-10-19,42.0738639831543
2023-10-20,41.36031723022461
2023-10-23,42.94729232788086
2023-10-24,43.63485336303711
2023-10-25,41.75206756591797
2023-10-26,40.29999923706055
2023-10-27,40.47389221191406
2023-10-30,41.134464263916016
2023-10-31,40.75370788574219
2023-11-01,42.2977180480957
2023-11-02,43.47795486450195
2023-11-03,44.975982666015625
2023-11-06,45.72150421142578
2023-11-07,45.925376892089844
2023-11-08,46.543983459472656
2023-11-09,46.91973114013672
2023-11-10,48.30384063720703
2023-11-13,48.58864974975586
2023-11-14,49.623985290527344
2023-11-15,48.85648727416992
2023-11-16,49.44810485839844
2023-11-17,49.2662239074707
2023-11-20,50.37649917602539
2023-11-21,49.91179656982422
2023-11-22,48.68458938598633
2023-11-24,47.74520492553711
2023-11-27,48.21089553833008
2023-11-28,47.79016876220703
2023-11-29,48.10896682739258
2023-11-30,46.73984146118164
2023-12-01,46.73484802246094
2023-12-04,45.48065948486328
2023-12-05,46.540077209472656
2023-12-06,45.4776611328125
2023-12-07,46.57004928588867
2023-12-08,47.479549407958984
2023-12-11,46.60103988647461
2023-12-12,47.63046646118164
2023-12-13,48.06122589111328
2023-12-14,48.32307815551758
2023-12-15,48.8627815246582
2023-12-18,50.04911422729492
2023-12-19,49.57637405395508
2023-12-20,48.08420944213867
2023-12-21,48.96272277832031
2023-12-22,48.80281066894531
2023-12-26,49.251556396484375
2023-12-27,49.389488220214844
2023-12-28,49.494422912597656
2023-12-29,49.494422912597656
2024-01-02,48.141178131103516
2024-01-03,47.54251480102539
2024-01-04,47.97127914428711
2024-01-05,49.06966018676758
2024-01-08,52.223899841308594
2024-01-09,53.110408782958984
2024-01-10,54.319732666015625
2024-01-11,54.79147720336914
2024-01-12,54.67953872680664
2024-01-16,56.35060501098633
2024-01-17,56.02178955078125
2024-01-18,57.0752067565918
2024-01-19,59.45787811279297
2024-01-22,59.620784759521484
2024-01-23,59.839664459228516
2024-01-24,61.32783126831055
2024-01-25,61.58269500732422
2024-01-26,60.99701690673828
2024-01-29,62.430213928222656
2024-01-30,62.739044189453125
2024-01-31,61.49274826049805
2024-02-01,62.991905212402344
2024-02-02,66.12316131591797
2024-02-05,69.29340362548828
2024-02-06,68.18501281738281
2024-02-07,70.05995178222656
2024-02-08,69.60221099853516
2024-02-09,72.09284973144531
2024-02-12,72.20777130126953
2024-02-13,72.08784484863281
2024-02-14,73.8588638305664
2024-02-15,72.6175308227539
2024-02-16,72.57256317138672
2024-02-20,69.41332244873047
2024-02-21,67.43443298339844
2024-02-22,78.4942855834961
2024-02-23,78.77311706542969
2024-02-26,79.04796600341797
2024-02-27,78.65718078613281
2024-02-28,77.6197509765625
2024-02-29,79.06794738769531
2024-03-01,82.2331771850586
2024-03-04,85.18953704833984
2024-03-05,85.920166015625
2024-03-06,88.65476989746094
2024-03-07,92.62174224853516
2024-03-08,87.48336791992188
2024-03-11,85.73025512695312
2024-03-12,91.86613464355469
2024-03-13,90.8416519165039
2024-03-14,87.8991470336914
2024-03-15,87.7922134399414
2024-03-18,88.4098892211914
2024-03-19,89.35242462158203
2024-03-20,90.32592010498047
2024-03-21,91.38836669921875
2024-03-22,94.24092102050781
2024-03-25,94.95355224609375
2024-03-26,92.51380157470703
2024-03-27,90.20397186279297
2024-03-28,90.30992126464844
2024-04-01,90.3169174194336
2024-04-02,89.40637969970703
2024-04-03,88.91864013671875
2024-04-04,85.8611831665039
2024-04-05,87.96311950683594
2024-04-08,87.08856201171875
2024-04-09,85.31045532226562
2024-04-10,86.99461364746094
2024-04-11,90.56979370117188
2024-04-12,88.14102935791016
2024-04-15,85.95714569091797
2024-04-16,87.37042999267578
2024-04-17,83.99214935302734
2024-04-18,84.62782287597656
2024-04-19,76.16114807128906
2024-04-22,79.47745513916016
2024-04-23,82.38097381591797
2024-04-24,79.6363754272461
2024-04-25,82.5898666381836
2024-04-26,87.69026947021484
2024-04-29,87.7122573852539
2024-04-30,86.35794830322266
2024-05-01,82.99864959716797
2024-05-02,85.77323913574219
2024-05-03,88.74372100830078
2024-05-06,92.093017578125
2024-05-07,90.50782012939453
2024-05-08,90.36589050292969
2024-05-09,88.70175170898438
2024-05-10,89.83216094970703
2024-05-13,90.35291290283203
2024-05-14,91.30941772460938
2024-05-15,94.58173370361328
2024-05-16,94.31088256835938
2024-05-17,92.43184661865234
2024-05-20,94.7316665649414
2024-05-21,95.33736419677734
2024-05-22,94.90158081054688
2024-05-23,103.74607849121094
2024-05-24,106.41470336914062
2024-05-28,113.84291076660156
2024-05-29,114.76644134521484
2024-05-30,110.44365692138672
2024-05-31,109.57710266113281
2024-06-03,114.94136047363281
2024-06-04,116.37763214111328
2024-06-05,122.3775634765625
2024-06-06,120.9363021850586
2024-06-07,120.82635498046875
2024-06-10,121.72789001464844
2024-06-11,120.85828399658203
2024-06-12,125.14642333984375
2024-06-13,129.55455017089844
2024-06-14,131.82359313964844
2024-06-17,130.92396545410156
2024-06-18,135.52198791503906
2024-06-20,130.72406005859375
2024-06-21,126.5158462524414
2024-06-24,118.05946350097656
2024-06-25,126.03604125976562
2024-06-26,126.34593200683594
2024-06-27,123.93695068359375
2024-06-28,123.48714447021484
2024-07-01,124.24683380126953
2024-07-02,122.61752319335938
2024-07-03,128.22511291503906
2024-07-05,125.77616882324219
2024-07-08,128.1451416015625
2024-07-09,131.3238067626953
2024-07-10,134.852294921875
2024-07-11,127.34550476074219
2024-07-12,129.18470764160156
2024-07-15,128.38504028320312
2024-07-16,126.3059310913086
2024-07-17,117.93951416015625
2024-07-18,121.03819274902344
2024-07-19,117.87954711914062
2024-07-22,123.48714447021484
2024-07-23,122.53755187988281
2024-07-24,114.20111846923828
2024-07-25,112.2319564819336
2024-07-26,113.01162719726562
2024-07-29,111.54225158691406
2024-07-30,103.68562316894531
2024-07-31,116.96992492675781
2024-08-01,109.16327667236328
2024-08-02,107.22409057617188
2024-08-05,100.40702056884766
2024-08-06,104.20540618896484
2024-08-07,98.86768341064453
2024-08-08,104.92508697509766
2024-08-09,104.70519256591797
2024-08-12,108.97335052490234
2024-08-13,116.0903091430664
2024-08-14,118.02947998046875
2024-08-15,122.80744171142578
2024-08-16,124.52670288085938
2024-08-19,129.94439697265625
2024-08-20,127.19554901123047
2024-08-21,128.4450225830078
2024-08-22,123.68706512451172
2024-08-23,129.31463623046875
2024-08-26,126.40589141845703
2024-08-27,128.2451171875
2024-08-28,125.55625915527344
2024-08-29,117.53968811035156
2024-08-30,119.31893157958984
2024-09-03,107.95378875732422
2024-09-04,106.16455841064453
2024-09-05,107.16413879394531
2024-09-06,102.78600311279297
2024-09-09,106.42444610595703
2024-09-10,108.05374145507812
2024-09-11,116.85997772216797
2024-09-12,119.0992202758789
2024-09-13,119.0592269897461
2024-09-16,116.74002075195312
2024-09-17,115.55043029785156
2024-09-18,113.33119201660156
2024-09-19,117.82965087890625
2024-09-20,115.96029663085938
2024-09-23,116.22020721435547
2024-09-24,120.82862091064453
2024-09-25,123.46772003173828
2024-09-26,123.9975357055664
2024-09-27,121.35844421386719
2024-09-30,121.39842987060547
2024-10-01,116.9599380493164
2024-10-02,118.809326171875
2024-10-03,122.80794525146484
2024-10-04,124.87722778320312
2024-10-07,127.67628479003906
2024-10-08,132.84449768066406
2024-10-09,132.60459899902344
2024-10-10,134.76385498046875
2024-10-11,134.7538604736328
2024-10-14,138.0227508544922
2024-10-15,131.55496215820312
2024-10-16,135.67355346679688
2024-10-17,136.88311767578125
2024-10-18,137.9527587890625
2024-10-21,143.6608123779297
2024-10-22,143.5408477783203
2024-10-23,139.51222229003906
2024-10-24,140.3619384765625
2024-10-25,141.49154663085938
2024-10-28,140.47189331054688
2024-10-29,141.20164489746094
2024-10-30,139.29229736328125
2024-10-31,132.7145538330078
2024-11-01,135.35365295410156
2024-11-04,136.00343322753906
2024-11-05,139.8621063232422
2024-11-06,145.5601806640625
2024-11-07,148.8290557861328
2024-11-08,147.57945251464844
2024-11-11,145.21026611328125
2024-11-12,148.2392120361328
2024-11-13,146.21995544433594
2024-11-14,146.7097625732422
2024-11-15,141.93138122558594
2024-11-18,140.1020050048828
2024-11-19,146.9596710205078
2024-11-20,145.84005737304688
2024-11-21,146.6197967529297
2024-11-22,141.9014129638672
2024-11-25,135.9734344482422
2024-11-26,136.8731231689453
2024-11-27,135.2936553955078
2024-11-29,138.2026824951172
2024-12-02,138.58255004882812
2024-12-03,140.2119903564453
2024-12-04,145.09031677246094
2024-12-05,145.0203399658203
2024-12-06,142.40106201171875
2024-12-09,138.77203369140625
2024-12-10,135.03306579589844
2024-12-11,139.2718963623047
2024-12-12,137.3024444580078
2024-12-13,134.21328735351562
2024-12-16,131.96388244628906
2024-12-17,130.35433959960938
2024-12-18,128.874755859375
2024-12-19,130.6442413330078
2024-12-20,134.6631622314453
2024-12-23,139.63180541992188
2024-12-24,140.18165588378906
2024-12-26,139.8917236328125
2024-12-27,136.9725341796875
2024-12-30,137.452392578125
2024-12-31,134.25328063964844
2025-01-02,138.2721710205078
2025-01-03,144.4304962158203
2025-01-06,149.38912963867188
2025-01-07,140.10166931152344
2025-01-08,140.0717010498047
2025-01-10,135.8728485107422
2025-01-13,133.19357299804688
2025-01-14,131.72396850585938
2025-01-15,136.2027587890625
2025-01-16,133.53347778320312
2025-01-17,137.67234802246094
2025-01-21,140.79148864746094
2025-01-22,147.02980041503906
2025-01-23,147.17974853515625
2025-01-24,142.58099365234375
2025-01-27,118.38761901855469
2025-01-28,128.95472717285156
2025-01-29,123.66616821289062
2025-01-30,124.61592102050781
2025-01-31,120.03717041015625
2025-02-03,116.62810516357422
2025-02-04,118.6175537109375
2025-02-05,124.79586029052734
2025-02-06,128.6448211669922
2025-02-07,129.80447387695312
2025-02-10,133.53347778320312
2025-02-11,132.76368713378906
2025-02-12,131.10414123535156
2025-02-13,135.25299072265625
2025-02-14,138.81202697753906
2025-02-18,139.36187744140625
2025-02-19,139.1919403076172
2025-02-20,140.0717010498047
2025-02-21,134.3932342529297
2025-02-24,130.244384765625
2025-02-25,126.59537506103516
2025-02-26,131.24411010742188
2025-02-27,120.11714935302734
2025-02-28,124.88583374023438
2025-03-03,114.02880859375
2025-03-04,115.95829010009766
2025-03-05,117.26792907714844
2025-03-06,110.53976440429688
2025-03-07,112.65919494628906
2025-03-10,106.95075225830078
2025-03-11,108.73025512695312
2025-03-12,115.718994140625
2025-03-13,115.55902862548828
2025-03-14,121.64791870117188
2025-03-17,119.50830841064453
2025-03-18,115.4090576171875
2025-03-19,117.49867248535156
2025-03-20,118.50848388671875
2025-03-21,117.67863464355469
2025-03-24,121.38796997070312
2025-03-25,120.66809844970703
2025-03-26,113.7393569946289
2025-03-27,111.40978240966797
2025-03-28,109.65010070800781
2025-03-31,108.3603286743164
2025-04-01,110.13001251220703
2025-04-02,110.39995574951172
2025-04-03,101.78153228759766
2025-04-04,94.29288482666016
2025-04-07,97.62227630615234
2025-04-08,96.28252410888672
2025-04-09,114.30925750732422
2025-04-10,107.55047607421875
2025-04-11,110.90986633300781
2025-04-14,110.68990325927734
2025-04-15,112.17963409423828
2025-04-16,104.47103881835938
2025-04-17,101.47157287597656
2025-04-21,96.89241790771484
2025-04-22,98.8720474243164
2025-04-23,102.69136047363281
2025-04-24,106.41067504882812
2025-04-25,110.98986053466797
2025-04-28,108.71026611328125
2025-04-29,109.00020599365234
2025-04-30,108.90023040771484
2025-05-01,111.5897445678711
2025-05-02,114.4792251586914
2025-05-05,113.7993392944336
2025-05-06,113.51940155029297
2025-05-07,117.03875732421875
2025-05-08,117.34870910644531
2025-05-09,116.62882995605469
2025-05-12,122.97767639160156
2025-05-13,129.9064178466797
2025-05-14,135.3154296875
2025-05-15,134.80552673339844
2025-05-16,135.37542724609375
2025-05-19,135.54539489746094
2025-05-20,134.35562133789062
2025-05-21,131.7760772705078
2025-05-22,132.80589294433594
2025-05-23,131.26617431640625
2025-05-27,135.47540283203125
2025-05-28,134.78553771972656
2025-05-29,139.1647491455078
2025-05-30,135.10548400878906
2025-06-02,137.35507202148438
2025-06-03,141.19436645507812
2025-06-04,141.8942413330078
2025-06-05,139.964599609375
2025-06-06,141.69427490234375
2025-06-09,142.6041259765625
2025-06-10,143.9338836669922
2025-06-11,142.81399536132812
2025-06-12,144.98374938964844
2025-06-13,141.95408630371094
2025-06-16,144.6737823486328
2025-06-17,144.1038360595703
2025-06-18,145.46368408203125
2025-06-20,143.83387756347656
2025-06-23,144.15383911132812
2025-06-24,147.88340759277344
2025-06-25,154.29270935058594
2025-06-26,155.00262451171875
2025-06-27,157.73231506347656
2025-06-30,157.97230529785156
2025-07-01,153.2828369140625
2025-07-02,157.2323760986328
2025-07-03,159.3221435546875
2025-07-07,158.22227478027344
2025-07-08,159.98207092285156
2025-07-09,162.86175537109375
2025-07-10,164.0816192626953
2025-07-11,164.90151977539062
2025-07-14,164.05162048339844
2025-07-15,170.6808624267578
2025-07-16,171.35079956054688
2025-07-17,172.98062133789062
2025-07-18,172.39068603515625
2025-07-21,171.36080932617188
2025-07-22,167.01129150390625
2025-07-23,170.7608642578125
2025-07-24,173.7205352783203
2025-07-25,173.48056030273438
2025-07-28,176.73019409179688
2025-07-29,175.49032592773438
2025-07-30,179.2499237060547
2025-07-31,177.85006713867188
2025-08-01,173.70053100585938
2025-08-04,179.97982788085938
2025-08-05,178.24002075195312
2025-08-06,179.39988708496094
2025-08-07,180.74974060058594
2025-08-08,182.6795196533203
2025-08-11,182.0395965576172
2025-08-12,183.1394805908203
2025-08-13,181.56964111328125
2025-08-14,181.99960327148438
2025-08-15,180.42977905273438
2025-08-18,181.98959350585938
2025-08-19,175.6203155517578
2025-08-20,175.38034057617188
2025-08-21,174.96038818359375
2025-08-22,177.97006225585938
2025-08-25,179.78985595703125
2025-08-26,181.7496337890625
2025-08-27,181.57965087890625
2025-08-28,180.14981079101562
2025-08-29,174.1604766845703
2025-09-02,170.7608642578125
2025-09-03,170.60089111328125
2025-09-04,171.64077758789062
2025-09-05,167.0012969970703
2025-09-08,168.2911376953125
2025-09-09,170.74085998535156
2025-09-10,177.3101348876953
2025-09-11,177.16014099121094
2025-09-12,177.8101043701172
2025-09-15,177.74009704589844
2025-09-16,174.87026977539062
2025-09-17,170.280517578125
2025-09-18,176.23019409179688
2025-09-19,176.66015625
2025-09-22,183.5997772216797
2025-09-23,178.42005920410156
2025-09-24,176.96014404296875
2025-09-25,177.68011474609375
2025-09-26,178.18008422851562
2025-09-29,181.8398895263672
2025-09-30,186.56961059570312
2025-10-01,187.22958374023438
2025-10-02,188.87948608398438
2025-10-03,187.6095428466797
2025-10-06,185.5296630859375
2025-10-07,185.02969360351562
2025-10-08,189.09947204589844
2025-10-09,192.5592803955078
2025-10-10,183.14981079101562
2025-10-13,188.3095245361328
2025-10-14,180.0199737548828
2025-10-15,179.8199920654297
2025-10-16,181.7998809814453
2025-10-17,183.20980834960938
2025-10-20,182.6298370361328
2025-10-21,181.14991760253906
2025-10-22,180.26995849609375
2025-10-23,182.1498565673828
2025-10-24,186.24961853027344
2025-10-27,191.47933959960938
2025-10-28,201.01881408691406
2025-10-29,207.02847290039062
2025-10-30,202.8787078857422
2025-10-31,202.47872924804688
2025-11-03,206.8684844970703
2025-11-04,198.67893981933594
2025-11-05,195.1991424560547
2025-11-06,188.0695343017578
2025-11-07,188.1395263671875
2025-11-10,199.03892517089844
2025-11-11,193.1492462158203
2025-11-12,193.78921508789062
2025-11-13,186.84959411621094
2025-11-14,190.15940856933594
2025-11-17,186.58961486816406
2025-11-18,181.3498992919922
2025-11-19,186.50961303710938
2025-11-20,180.62994384765625
2025-11-21,178.8700408935547
2025-11-24,182.5398406982422
2025-11-25,177.8101043701172
2025-11-26,180.2499542236328
2025-11-28,176.99014282226562
2025-12-01,179.9099884033203
2025-12-02,181.4499053955078
2025-12-03,179.5800018310547
2025-12-04,183.3800048828125
