date,close
2010-12-09,8.631336212158203
2010-12-10,8.76523494720459
2010-12-13,8.852782249450684
2010-12-14,8.81158447265625
2010-12-15,8.79613208770752
2010-12-16,8.868230819702148
2010-12-17,8.770384788513184
2010-12-20,8.842485427856445
2010-12-21,8.950631141662598
2010-12-22,9.043329238891602
2010-12-23,9.069085121154785
2010-12-27,9.007280349731445
2010-12-28,9.058780670166016
2010-12-29,9.063929557800293
2010-12-30,9.007280349731445
2010-12-31,9.01758098602295
2011-01-03,9.105134963989258
2011-01-04,9.26478099822998
2011-01-05,9.326579093933105
2011-01-06,9.362628936767578
2011-01-07,9.445027351379395
2011-01-10,9.403830528259277
2011-01-11,9.383230209350586
2011-01-12,9.460481643676758
2011-01-13,9.383230209350586
2011-01-14,9.445027351379395
2011-01-18,9.465629577636719
2011-01-19,9.434728622436523
2011-01-20,9.393531799316406
2011-01-21,9.455329895019531
2011-01-24,9.501677513122559
2011-01-25,9.511979103088379
2011-01-26,9.455329895019531
2011-01-27,9.517127990722656
2011-01-28,9.34718132019043
2011-01-31,9.383230209350586
2011-02-01,9.898225784301758
2011-02-02,9.8670015335083
2011-02-03,9.976287841796875
2011-02-04,10.043939590454102
2011-02-07,9.908636093139648
2011-02-08,9.971080780029297
2011-02-09,9.913835525512695
2011-02-10,9.90342903137207
2011-02-11,9.799345016479492
2011-02-14,9.913835525512695
2011-02-15,9.913835525512695
2011-02-16,10.033533096313477
2011-02-17,10.080368041992188
2011-02-18,9.986695289611816
2011-02-22,9.830570220947266
2011-02-23,9.762916564941406
2011-02-24,9.835772514343262
2011-02-25,9.814958572387695
2011-02-28,10.012716293334961
2011-03-01,9.960674285888672
2011-03-02,9.986695289611816
2011-03-03,10.288533210754395
2011-03-04,10.231287002563477
2011-03-07,10.205266952514648
2011-03-08,10.241695404052734
2011-03-09,10.231287002563477
2011-03-10,10.075161933898926
2011-03-11,10.13241195678711
2011-03-14,10.309349060058594
2011-03-15,10.28332805633545
2011-03-16,10.043939590454102
2011-03-17,10.345776557922363
2011-03-18,10.50190258026123
2011-03-21,10.397815704345703
2011-03-22,10.377002716064453
2011-03-23,10.366595268249512
2011-03-24,10.564350128173828
2011-03-25,10.590373992919922
2011-03-28,10.548736572265625
2011-03-29,10.605986595153809
2011-03-30,10.585171699523926
2011-03-31,10.569555282592773
2011-04-01,10.605986595153809
2011-04-04,10.689249038696289
2011-04-05,10.642414093017578
2011-04-06,10.559150695800781
2011-04-07,10.579960823059082
2011-04-08,10.64761734008789
2011-04-11,10.756905555725098
2011-04-12,10.64761734008789
2011-04-13,10.64761734008789
2011-04-14,10.663228988647461
2011-04-15,10.684041976928711
2011-04-18,10.616392135620117
2011-04-19,10.684041976928711
2011-04-20,10.611187934875488
2011-04-21,10.298946380615234
2011-04-25,10.481085777282715
2011-04-26,10.507110595703125
2011-04-27,10.736089706420898
2011-04-28,10.840167999267578
2011-04-29,10.913023948669434
2011-05-02,10.939045906066895
2011-05-03,10.637207984924316
2011-05-04,10.74129581451416
2011-05-05,10.611187934875488
2011-05-06,10.694452285766602
2011-05-09,10.720478057861328
2011-05-10,10.855783462524414
2011-05-11,10.829506874084473
2011-05-12,10.976639747619629
2011-05-13,10.992395401000977
2011-05-16,11.023921966552734
2011-05-17,11.107998847961426
2011-05-18,11.12901496887207
2011-05-19,11.050198554992676
2011-05-20,10.871548652648926
2011-05-23,10.818999290466309
2011-05-24,10.782220840454102
2011-05-25,10.918832778930664
2011-05-26,10.981890678405762
2011-05-27,10.99765682220459
2011-05-31,11.270886421203613
2011-06-01,11.06070613861084
2011-06-02,11.034432411193848
2011-06-03,10.950364112854004
2011-06-06,10.897818565368652
2011-06-07,10.897818565368652
2011-06-08,10.866289138793945
2011-06-09,10.903076171875
2011-06-10,10.566783905029297
2011-06-13,10.750694274902344
2011-06-14,10.813743591308594
2011-06-15,10.608821868896484
2011-06-16,10.63509464263916
2011-06-17,10.645604133605957
2011-06-20,10.65085506439209
2011-06-21,10.734930038452148
2011-06-22,10.656109809875488
2011-06-23,10.850523948669434
2011-06-24,10.551021575927734
2011-06-27,10.598312377929688
2011-06-28,10.797979354858398
2011-06-29,10.861035346984863
2011-06-30,10.824254989624023
2011-07-01,10.903076171875
2011-07-05,10.918832778930664
2011-07-06,10.918832778930664
2011-07-07,10.629839897155762
2011-07-08,10.593056678771973
2011-07-11,10.53000545501709
2011-07-12,10.50898551940918
2011-07-13,10.503726959228516
2011-07-14,10.461697578430176
2011-07-15,10.37762451171875
2011-07-18,10.319828033447266
2011-07-19,10.477458953857422
2011-07-20,10.456440925598145
2011-07-21,10.561528205871582
2011-07-22,10.545767784118652
2011-07-25,10.409150123596191
2011-07-26,10.314574241638184
2011-07-27,10.1411714553833
2011-07-28,10.172696113586426
2011-07-29,10.114898681640625
2011-08-01,9.988790512084961
2011-08-02,9.531651496887207
2011-08-03,9.5794677734375
2011-08-04,9.223492622375488
2011-08-05,9.292563438415527
2011-08-08,8.851574897766113
2011-08-09,9.351006507873535
2011-08-10,9.058786392211914
2011-08-11,9.462579727172852
2011-08-12,9.489142417907715
2011-08-15,9.744171142578125
2011-08-16,9.728233337402344
2011-08-17,9.823864936828613
2011-08-18,9.409451484680176
2011-08-19,9.388197898864746
2011-08-22,9.393512725830078
2011-08-23,9.691044807434082
2011-08-24,9.770739555358887
2011-08-25,9.542274475097656
2011-08-26,9.675102233886719
2011-08-29,10.031076431274414
2011-08-30,10.031076431274414
2011-08-31,10.084211349487305
2011-09-01,10.047016143798828
2011-09-02,9.807929992675781
2011-09-06,9.908878326416016
2011-09-07,10.100147247314453
2011-09-08,9.9992036819458
2011-09-09,9.712296485900879
2011-09-12,9.696356773376465
2011-09-13,9.738858222961426
2011-09-14,9.781364440917969
2011-09-15,9.823864936828613
2011-09-16,9.643223762512207
2011-09-19,9.595407485961914
2011-09-20,9.691044807434082
2011-09-21,9.478516578674316
2011-09-22,9.292563438415527
2011-09-23,9.271308898925781
2011-09-26,9.441328048706055
2011-09-27,9.430702209472656
2011-09-28,9.329751014709473
2011-09-29,9.552902221679688
2011-09-30,9.393512725830078
2011-10-03,9.207552909851074
2011-10-04,9.345693588256836
2011-10-05,9.552902221679688
2011-10-06,9.685728073120117
2011-10-07,9.79730224609375
2011-10-10,10.052329063415527
2011-10-11,10.015140533447266
2011-10-12,9.9992036819458
2011-10-13,9.967320442199707
2011-10-14,10.116087913513184
2011-10-17,9.930130958557129
2011-10-18,10.078895568847656
2011-10-19,9.99388599395752
2011-10-20,9.95137882232666
2011-10-21,10.12671184539795
2011-10-24,10.286103248596191
2011-10-25,10.025766372680664
2011-10-26,10.243598937988281
2011-10-27,10.541132926940918
2011-10-28,10.530502319335938
2011-10-31,10.232975006103516
2011-11-01,10.270164489746094
2011-11-02,10.376429557800293
2011-11-03,10.562383651733398
2011-11-04,10.44549560546875
2011-11-07,10.663335800170898
2011-11-08,10.776030540466309
2011-11-09,10.37890625
2011-11-10,10.620400428771973
2011-11-11,10.727727890014648
2011-11-14,10.620400428771973
2011-11-15,10.663334846496582
2011-11-16,10.502335548400879
2011-11-17,10.448670387268066
2011-11-18,10.480870246887207
2011-11-21,10.174979209899902
2011-11-22,10.142778396606445
2011-11-23,9.90128231048584
2011-11-25,9.90128231048584
2011-11-28,10.244742393493652
2011-11-29,10.41110897064209
2011-11-30,10.770663261413574
2011-12-01,10.749197006225586
2011-12-02,10.674068450927734
2011-12-05,10.647233963012695
2011-12-06,10.85653305053711
2011-12-07,10.985321998596191
2011-12-08,10.835064888000488
2011-12-09,11.033624649047852
2011-12-12,10.942395210266113
2011-12-13,11.140959739685059
2011-12-14,11.194624900817871
2011-12-15,11.34488582611084
2011-12-16,11.285856246948242
2011-12-19,11.34488582611084
2011-12-20,11.516613006591797
2011-12-21,11.634679794311523
2011-12-22,11.6078462600708
2011-12-23,11.715174674987793
2011-12-27,11.682985305786133
2011-12-28,11.554177284240723
2011-12-29,11.65078067779541
2011-12-30,11.613211631774902
2012-01-03,11.790308952331543
2012-01-04,11.682985305786133
2012-01-05,11.591748237609863
2012-01-06,11.575647354125977
2012-01-09,11.709809303283691
2012-01-10,11.774208068847656
2012-01-11,11.752742767333984
2012-01-12,11.801040649414062
2012-01-13,11.720540046691895
2012-01-17,11.774208068847656
2012-01-18,11.790308952331543
2012-01-19,11.720540046691895
2012-01-20,11.752742767333984
2012-01-23,11.65078067779541
2012-01-24,11.623946189880371
2012-01-25,11.656145095825195
2012-01-26,11.6078462600708
2012-01-27,11.527348518371582
2012-01-30,11.581014633178711
2012-01-31,11.484416007995605
2012-02-01,11.554902076721191
2012-02-02,11.44645881652832
2012-02-03,11.495255470275879
2012-02-06,11.359700202941895
2012-02-07,11.413926124572754
2012-02-08,11.39223575592041
2012-02-09,11.462727546691895
2012-02-10,11.413926124572754
2012-02-13,11.549482345581055
2012-02-14,11.565749168395996
2012-02-15,11.44645881652832
2012-02-16,11.565749168395996
2012-02-17,11.489840507507324
2012-02-21,11.506104469299316
2012-02-22,11.58201789855957
2012-02-23,11.40307903289795
2012-02-24,11.484415054321289
2012-02-27,11.527795791625977
2012-02-28,11.506104469299316
2012-02-29,11.45730209350586
2012-03-01,11.652506828308105
2012-03-02,11.609128952026367
2012-03-05,11.657929420471191
2012-03-06,11.533215522766113
2012-03-07,11.587441444396973
2012-03-08,11.636238098144531
2012-03-09,11.647085189819336
2012-03-12,11.679617881774902
2012-03-13,11.934464454650879
2012-03-14,11.891088485717773
2012-03-15,11.880244255065918
2012-03-16,11.89651107788086
2012-03-19,11.863975524902344
2012-03-20,11.820599555969238
2012-03-21,11.804332733154297
2012-03-22,11.782639503479004
2012-03-23,11.831442832946777
2012-03-26,12.015799522399902
2012-03-27,12.200163841247559
2012-03-28,12.151359558105469
2012-03-29,12.156778335571289
2012-03-30,12.281493186950684
2012-04-02,12.2489595413208
2012-04-03,12.221844673156738
2012-04-04,12.14051628112793
2012-04-05,12.113396644592285
2012-04-09,11.956154823303223
2012-04-10,11.923622131347656
2012-04-11,11.901931762695312
2012-04-12,11.885663986206055
2012-04-13,11.847707748413086
2012-04-16,11.918197631835938
2012-04-17,12.097134590148926
2012-04-18,12.17304515838623
2012-04-19,12.113396644592285
2012-04-20,12.232691764831543
2012-04-23,12.135091781616211
2012-04-24,12.270647048950195
2012-04-25,12.406205177307129
2012-04-26,12.503806114196777
2012-04-27,12.514654159545898
2012-04-30,12.417052268981934
2012-05-01,12.351980209350586
2012-05-02,12.286914825439453
2012-05-03,12.254379272460938
2012-05-04,12.135091781616211
2012-05-07,12.17304515838623
2012-05-08,12.156778335571289
2012-05-09,12.293679237365723
2012-05-10,12.50177001953125
2012-05-11,12.403203964233398
2012-05-14,12.370346069335938
2012-05-15,12.211539268493652
2012-05-16,12.397727966308594
2012-05-17,12.353918075561523
2012-05-18,12.359390258789062
2012-05-21,12.342963218688965
2012-05-22,12.249874114990234
2012-05-23,12.09654712677002
2012-05-24,12.123924255371094
2012-05-25,12.118449211120605
2012-05-29,12.145831108093262
2012-05-30,12.069161415100098
2012-05-31,11.976070404052734
2012-06-01,11.85012435913086
2012-06-04,11.833696365356445
2012-06-05,11.828219413757324
2012-06-06,11.997977256774902
2012-06-07,12.014403343200684
2012-06-08,12.123924255371094
2012-06-11,12.102023124694824
2012-06-12,12.151308059692383
2012-06-13,12.151308059692383
2012-06-14,12.353918075561523
2012-06-15,12.381298065185547
2012-06-18,12.386774063110352
2012-06-19,12.436057090759277
2012-06-20,12.414154052734375
2012-06-21,12.375822067260742
2012-06-22,12.447012901306152
2012-06-25,12.304635047912598
2012-06-26,12.288208961486816
2012-06-27,12.381298065185547
2012-06-28,12.337491035461426
2012-06-29,12.594865798950195
2012-07-02,12.594865798950195
2012-07-03,12.523673057556152
2012-07-05,12.414154052734375
2012-07-06,12.342963218688965
2012-07-09,12.403203964233398
2012-07-10,12.288208961486816
2012-07-11,12.233441352844238
2012-07-12,12.414154052734375
2012-07-13,12.49081802368164
2012-07-16,12.666048049926758
2012-07-17,12.934377670288086
2012-07-18,12.961759567260742
2012-07-19,13.03294563293457
2012-07-20,12.97818660736084
2012-07-23,12.92342472076416
2012-07-24,12.802950859069824
2012-07-25,12.775568008422852
2012-07-26,12.863184928894043
2012-07-27,13.049378395080566
2012-07-30,12.983659744262695
2012-07-31,13.164371490478516
2012-08-01,13.230687141418457
2012-08-02,13.219634056091309
2012-08-03,13.418593406677246
2012-08-06,13.407544136047363
2012-08-07,13.120157241821289
2012-08-08,13.169899940490723
2012-08-09,13.192004203796387
2012-08-10,13.230687141418457
2012-08-13,13.109105110168457
2012-08-14,13.252796173095703
2012-08-15,13.285955429077148
2012-08-16,13.274901390075684
2012-08-17,13.147791862487793
2012-08-20,13.214103698730469
2012-08-21,13.092524528503418
2012-08-22,13.098053932189941
2012-08-23,13.120157241821289
2012-08-24,13.269373893737793
2012-08-27,13.203056335449219
2012-08-28,13.180949211120605
2012-08-29,13.241743087768555
2012-08-30,13.175423622131348
2012-08-31,13.186474800109863
2012-09-04,13.14226245880127
2012-09-05,13.219634056091309
2012-09-06,13.451754570007324
2012-09-07,13.396484375
2012-09-10,13.31911849975586
2012-09-11,13.357803344726562
2012-09-12,13.302531242370605
2012-09-13,13.402015686035156
2012-09-14,13.153318405151367
2012-09-17,13.274901390075684
2012-09-18,13.269373893737793
2012-09-19,13.35227108001709
2012-09-20,13.49044132232666
2012-09-21,13.55123519897461
2012-09-24,13.678343772888184
2012-09-25,13.728083610534668
2012-09-26,13.722558975219727
2012-09-27,13.794400215148926
2012-09-28,13.733607292175293
2012-10-01,13.838617324829102
2012-10-02,13.882827758789062
2012-10-03,13.993359565734863
2012-10-04,14.009943008422852
2012-10-05,14.103899002075195
2012-10-08,14.037571907043457
2012-10-09,13.987833023071289
2012-10-10,13.904934883117676
2012-10-11,13.882827758789062
2012-10-12,13.882827758789062
2012-10-15,14.131524085998535
2012-10-16,14.258639335632324
2012-10-17,14.280742645263672
2012-10-18,14.391273498535156
2012-10-19,14.236526489257812
2012-10-22,14.14810562133789
2012-10-23,13.921515464782715
2012-10-24,13.987833023071289
2012-10-25,14.153633117675781
2012-10-26,14.054153442382812
2012-10-31,13.744661331176758
2012-11-01,13.567811965942383
2012-11-02,13.567811965942383
2012-11-05,13.584388732910156
2012-11-06,13.656238555908203
2012-11-07,13.477798461914062
2012-11-08,13.472219467163086
2012-11-09,13.477798461914062
2012-11-12,13.444340705871582
2012-11-13,13.410883903503418
2012-11-14,13.277055740356445
2012-11-15,13.193408012390137
2012-11-16,13.304933547973633
2012-11-19,13.46107006072998
2012-11-20,13.53913688659668
2012-11-21,13.578170776367188
2012-11-23,13.678546905517578
2012-11-26,13.656235694885254
2012-11-27,13.522407531738281
2012-11-28,13.756611824035645
2012-11-29,13.85698127746582
2012-11-30,13.951776504516602
2012-12-03,13.990816116333008
2012-12-04,14.03542423248291
2012-12-05,14.297503471374512
2012-12-06,14.280777931213379
2012-12-07,14.252894401550293
2012-12-10,14.1692476272583
2012-12-11,14.297503471374512
2012-12-12,14.225014686584473
2012-12-13,14.124645233154297
2012-12-14,14.040999412536621
2012-12-17,14.141371726989746
2012-12-18,14.297503471374512
2012-12-19,14.135793685913086
2012-12-20,14.180408477783203
2012-12-21,13.985238075256348
2012-12-24,13.985238075256348
2012-12-26,14.074457168579102
2012-12-27,14.018695831298828
2012-12-28,13.879290580749512
2012-12-31,13.985238075256348
2013-01-02,14.448060035705566
2013-01-03,14.414607048034668
2013-01-04,14.475945472717285
2013-01-07,14.48709487915039
2013-01-08,14.509400367736816
2013-01-09,14.760336875915527
2013-01-10,14.922046661376953
2013-01-11,14.788215637207031
2013-01-14,14.910895347595215
2013-01-15,14.843981742858887
2013-01-16,14.838400840759277
2013-01-17,14.961078643798828
2013-01-18,14.79936408996582
2013-01-22,14.877435684204102
2013-01-23,14.860711097717285
2013-01-24,14.972230911254883
2013-01-25,15.055877685546875
2013-01-28,14.966655731201172
2013-01-29,15.446207046508789
2013-01-30,15.474334716796875
2013-01-31,15.34496021270752
2013-02-01,15.541836738586426
2013-02-04,15.283092498779297
2013-02-05,15.474334716796875
2013-02-06,15.367464065551758
2013-02-07,15.164962768554688
2013-02-08,15.119966506958008
2013-02-11,15.266217231750488
2013-02-12,15.181836128234863
2013-02-13,15.187459945678711
2013-02-14,15.221214294433594
2013-02-15,15.350590705871582
2013-02-19,15.586837768554688
2013-02-20,15.508090019226074
2013-02-21,15.418091773986816
2013-02-22,15.401216506958008
2013-02-25,15.097465515136719
2013-02-26,15.204339027404785
2013-02-27,15.418091773986816
2013-02-28,15.395587921142578
2013-03-01,15.406840324401855
2013-03-04,15.575578689575195
2013-03-05,15.78934097290039
2013-03-06,15.817463874816895
2013-03-07,15.90184211730957
2013-03-08,15.85683536529541
2013-03-11,15.890588760375977
2013-03-12,15.716216087341309
2013-03-13,15.761218070983887
2013-03-14,15.811840057373047
2013-03-15,15.761218070983887
2013-03-18,15.772461891174316
2013-03-19,15.744341850280762
2013-03-20,15.91308879852295
2013-03-21,15.811840057373047
2013-03-22,15.96370792388916
2013-03-25,15.839964866638184
2013-03-26,16.087467193603516
2013-03-27,16.109962463378906
2013-03-28,16.233713150024414
2013-04-01,16.22245979309082
2013-04-02,16.441835403442383
2013-04-03,16.32933807373047
2013-04-04,16.4024600982666
2013-04-05,16.368717193603516
2013-04-08,16.4024600982666
2013-04-09,16.37433624267578
2013-04-10,16.829952239990234
2013-04-11,17.234960556030273
2013-04-12,17.251829147338867
2013-04-15,17.12808609008789
2013-04-16,17.403711318969727
2013-04-17,17.364334106445312
2013-04-18,17.20683479309082
2013-04-19,17.47120475769043
2013-04-22,17.398082733154297
2013-04-23,17.482458114624023
2013-04-24,17.21245765686035
2013-04-25,17.021209716796875
2013-04-26,16.925586700439453
2013-04-29,17.116838455200195
2013-04-30,16.351831436157227
2013-05-01,16.256214141845703
2013-05-02,16.464336395263672
2013-05-03,16.28995704650879
2013-05-06,16.15496253967285
2013-05-07,16.32933807373047
2013-05-08,16.295297622680664
2013-05-09,16.22157096862793
2013-05-10,16.28963279724121
2013-05-13,16.658308029174805
2013-05-14,16.67531967163086
2013-05-15,16.766067504882812
2013-05-16,16.590240478515625
2013-05-17,16.425758361816406
2013-05-20,16.27829360961914
2013-05-21,16.323665618896484
2013-05-22,16.61860466003418
2013-05-23,16.510833740234375
2013-05-24,16.471126556396484
2013-05-28,16.454116821289062
2013-05-29,16.040063858032227
2013-05-30,16.02305030822754
2013-05-31,15.444525718688965
2013-06-03,15.739461898803711
2013-06-04,15.688413619995117
2013-06-05,15.58631706237793
2013-06-06,15.943649291992188
2013-06-07,16.028728485107422
2013-06-10,16.09111785888672
2013-06-11,16.119478225708008
2013-06-12,16.12514877319336
2013-06-13,16.49382209777832
2013-06-14,16.499494552612305
2013-06-17,16.539194107055664
2013-06-18,16.67531967163086
2013-06-19,16.505165100097656
2013-06-20,16.244258880615234
2013-06-21,16.14216423034668
2013-06-24,15.716773986816406
2013-06-25,15.875588417053223
2013-06-26,15.937978744506836
2013-06-27,15.983353614807129
2013-06-28,15.886930465698242
2013-07-01,15.756474494934082
2013-07-02,15.711102485656738
2013-07-03,15.682744026184082
2013-07-05,15.864246368408203
2013-07-08,15.954988479614258
2013-07-09,16.079776763916016
2013-07-10,16.130821228027344
2013-07-11,16.317991256713867
2013-07-12,16.340679168701172
2013-07-15,16.32933807373047
2013-07-16,16.266944885253906
2013-07-17,16.266944885253906
2013-07-18,16.159181594848633
2013-07-19,16.499494552612305
2013-07-22,16.64696502685547
2013-07-23,16.686664581298828
2013-07-24,16.60725212097168
2013-07-25,16.556211471557617
2013-07-26,16.658308029174805
2013-07-29,16.75472640991211
2013-07-30,16.828462600708008
2013-07-31,16.714107513427734
2013-08-01,16.645483016967773
2013-08-02,16.794151306152344
2013-08-05,16.691225051879883
2013-08-06,16.777000427246094
2013-08-07,16.73125457763672
2013-08-08,16.656911849975586
2013-08-09,16.702665328979492
2013-08-12,16.691225051879883
2013-08-13,16.73697280883789
2013-08-14,16.59973907470703
2013-08-15,16.468223571777344
2013-08-16,16.22234344482422
2013-08-19,16.2738037109375
2013-08-20,16.31383514404297
2013-08-21,16.14800262451172
2013-08-22,16.102256774902344
2013-08-23,16.205183029174805
2013-08-26,16.022201538085938
2013-08-27,16.010772705078125
2013-08-28,16.13084602355957
2013-08-29,16.067949295043945
2013-08-30,16.13084602355957
2013-09-03,16.016489028930664
2013-09-04,16.22234344482422
2013-09-05,16.1651611328125
2013-09-06,16.170873641967773
2013-09-09,16.182313919067383
2013-09-10,16.268083572387695
2013-09-11,16.393878936767578
2013-09-12,16.188030242919922
2013-09-13,16.30238914489746
2013-09-16,16.416759490966797
2013-09-17,16.376726150512695
2013-09-18,16.60544776916504
2013-09-19,16.491090774536133
2013-09-20,16.565431594848633
2013-09-23,16.468223571777344
2013-09-24,16.416759490966797
2013-09-25,16.290956497192383
2013-09-26,16.308109283447266
2013-09-27,16.513967514038086
2013-09-30,16.42818832397461
2013-10-01,16.519683837890625
2013-10-02,16.588302612304688
2013-10-03,16.451066970825195
2013-10-04,16.582584381103516
2013-10-07,16.365299224853516
2013-10-08,16.14800262451172
2013-10-09,16.176593780517578
2013-10-10,16.451066970825195
2013-10-11,16.422473907470703
2013-10-14,16.78272247314453
2013-10-15,16.674072265625
2013-10-16,17.040037155151367
2013-10-17,17.30306625366211
2013-10-18,17.44601821899414
2013-10-21,17.383121490478516
2013-10-22,17.54322624206543
2013-10-23,17.497488021850586
2013-10-24,17.503202438354492
2013-10-25,17.503202438354492
2013-10-28,17.577539443969727
2013-10-29,17.869163513183594
2013-10-30,17.68617820739746
2013-10-31,17.548946380615234
2013-11-01,17.82341766357422
2013-11-04,17.8748722076416
2013-11-05,17.863439559936523
2013-11-06,17.84615707397461
2013-11-07,17.811580657958984
2013-11-08,18.047842025756836
2013-11-11,18.00173568725586
2013-11-12,18.082416534423828
2013-11-13,18.36477279663086
2013-11-14,18.439685821533203
2013-11-15,18.554927825927734
2013-11-18,18.445449829101562
2013-11-19,18.243764877319336
2013-11-20,18.39358139038086
2013-11-21,18.42239761352539
2013-11-22,18.508827209472656
2013-11-25,18.520360946655273
2013-11-26,18.376298904418945
2013-11-27,18.370532989501953
2013-11-29,18.284099578857422
2013-12-02,18.341732025146484
2013-12-03,17.990217208862305
2013-12-04,18.01902961730957
2013-12-05,18.007503509521484
2013-12-06,18.174612045288086
2013-12-09,18.197660446166992
2013-12-10,18.05936050415039
2013-12-11,17.661758422851562
2013-12-12,17.43126678466797
2013-12-13,17.43126678466797
2013-12-16,17.43126678466797
2013-12-17,17.36787986755371
2013-12-18,17.730907440185547
2013-12-19,17.69632911682129
2013-12-20,17.43126678466797
2013-12-23,17.4888858795166
2013-12-24,17.454313278198242
2013-12-26,17.60413932800293
2013-12-27,17.6560001373291
2013-12-30,17.684804916381836
2013-12-31,17.650232315063477
2014-01-02,17.55228042602539
2014-01-03,17.58684730529785
2014-01-06,17.60413932800293
2014-01-07,17.713621139526367
2014-01-08,17.834632873535156
2014-01-09,17.823102951049805
2014-01-10,17.684804916381836
2014-01-13,17.598369598388672
2014-01-14,17.863439559936523
2014-01-15,17.967166900634766
2014-01-16,17.961402893066406
2014-01-17,17.91530418395996
2014-01-21,17.995981216430664
2014-01-22,18.01902961730957
2014-01-23,17.86920738220215
2014-01-24,17.339065551757812
2014-01-27,17.091285705566406
2014-01-28,17.52923011779785
2014-01-29,17.35059356689453
2014-01-30,17.759719848632812
2014-01-31,17.517696380615234
2014-02-03,17.63294792175293
2014-02-04,18.116985321044922
2014-02-05,17.809030532836914
2014-02-06,17.919429779052734
2014-02-07,18.140228271484375
2014-02-10,18.285491943359375
2014-02-11,18.523717880249023
2014-02-12,18.36684226989746
2014-02-13,18.41912841796875
2014-02-14,18.558582305908203
2014-02-18,18.523717880249023
2014-02-19,18.29129981994629
2014-02-20,18.33197593688965
2014-02-21,18.27968406677246
2014-02-24,18.587635040283203
2014-02-25,18.529531478881836
2014-02-26,18.587635040283203
2014-02-27,18.727083206176758
2014-02-28,18.65736198425293
2014-03-03,18.58182716369629
2014-03-04,18.994373321533203
2014-03-05,19.02922821044922
2014-03-06,18.860729217529297
2014-03-07,18.843292236328125
2014-03-10,18.820051193237305
2014-03-11,18.837482452392578
2014-03-12,18.58182716369629
2014-03-13,18.082128524780273
2014-03-14,18.14604377746582
2014-03-17,18.256446838378906
2014-03-18,18.55277442932129
2014-03-19,18.424943923950195
2014-03-20,18.541152954101562
2014-03-21,18.69803237915039
2014-03-24,18.297122955322266
2014-03-25,18.488855361938477
2014-03-26,18.69803237915039
2014-03-27,18.651552200317383
2014-03-28,18.523717880249023
2014-03-31,18.663171768188477
2014-04-01,18.564393997192383
2014-04-02,18.76194953918457
2014-04-03,18.825862884521484
2014-04-04,18.686416625976562
2014-04-07,18.12861442565918
2014-04-08,17.93686294555664
2014-04-09,18.14604377746582
2014-04-10,17.785795211791992
2014-04-11,17.35001564025879
2014-04-14,17.355819702148438
2014-04-15,17.367443084716797
2014-04-16,17.483654022216797
2014-04-17,17.57661247253418
2014-04-21,17.93105697631836
2014-04-22,18.012401580810547
2014-04-23,17.965919494628906
2014-04-24,17.843894958496094
2014-04-25,17.867143630981445
2014-04-28,18.616687774658203
2014-04-29,18.453990936279297
2014-04-30,18.175092697143555
2014-05-01,18.09955596923828
2014-05-02,17.867143630981445
2014-05-05,17.408117294311523
2014-05-06,17.100154876708984
2014-05-07,17.012229919433594
2014-05-08,17.100154876708984
2014-05-09,17.018089294433594
2014-05-12,17.07671356201172
2014-05-13,17.117746353149414
2014-05-14,17.05912208557129
2014-05-15,17.03567123413086
2014-05-16,17.070852279663086
2014-05-19,17.16464614868164
2014-05-20,17.147052764892578
2014-05-21,17.334653854370117
2014-05-22,17.38741111755371
2014-05-23,17.287755966186523
2014-05-27,17.358095169067383
2014-05-28,17.358095169067383
2014-05-29,17.352231979370117
2014-05-30,17.36981964111328
2014-06-02,17.41672134399414
2014-06-03,17.34637451171875
2014-06-04,17.375686645507812
2014-06-05,17.446033477783203
2014-06-06,17.246715545654297
2014-06-09,17.205677032470703
2014-06-10,17.293615341186523
2014-06-11,17.252578735351562
2014-06-12,17.264299392700195
2014-06-13,17.311203002929688
2014-06-16,17.358095169067383
2014-06-17,17.281888961791992
2014-06-18,17.41672134399414
2014-06-19,17.34637451171875
2014-06-20,17.45775032043457
2014-06-23,17.264299392700195
2014-06-24,17.17636489868164
2014-06-25,17.469480514526367
2014-06-26,17.34637451171875
2014-06-27,17.393274307250977
2014-06-30,17.399133682250977
2014-07-01,17.633623123168945
2014-07-02,17.803630828857422
2014-07-03,17.89742088317871
2014-07-07,17.873977661132812
2014-07-08,17.674663543701172
2014-07-09,17.61603546142578
2014-07-10,17.586729049682617
2014-07-11,17.62776756286621
2014-07-14,17.7274169921875
2014-07-15,17.827077865600586
2014-07-16,18.149494171142578
2014-07-17,17.909151077270508
2014-07-18,18.014673233032227
2014-07-21,17.791902542114258
2014-07-22,17.873977661132812
2014-07-23,17.815353393554688
2014-07-24,17.786041259765625
2014-07-25,17.69811248779297
2014-07-28,17.645349502563477
2014-07-29,17.428447723388672
2014-07-30,17.30424690246582
2014-07-31,16.973072052001953
2014-08-01,17.067691802978516
2014-08-04,17.002639770507812
2014-08-05,16.801559448242188
2014-08-06,16.724685668945312
2014-08-07,16.58275032043457
2014-08-08,16.760164260864258
2014-08-11,16.706939697265625
2014-08-12,16.606401443481445
2014-08-13,16.683284759521484
2014-08-14,16.990812301635742
2014-08-15,16.937583923339844
2014-08-18,17.055866241455078
2014-08-19,17.115009307861328
2014-08-20,17.085437774658203
2014-08-21,17.044038772583008
2014-08-22,17.103181838989258
2014-08-25,17.097261428833008
2014-08-26,17.27467918395996
2014-08-27,17.440275192260742
2014-08-28,17.375219345092773
2014-08-29,17.381134033203125
2014-09-02,17.30424690246582
2014-09-03,17.387041091918945
2014-09-04,17.369306564331055
2014-09-05,17.534893035888672
2014-09-08,17.387041091918945
2014-09-09,17.286508560180664
2014-09-10,17.410701751708984
2014-09-11,17.523067474365234
2014-09-12,17.404787063598633
2014-09-15,17.69457244873047
2014-09-16,17.771451950073242
2014-09-17,17.94887351989746
2014-09-18,18.08489990234375
2014-09-19,17.97844123840332
2014-09-22,17.84833335876465
2014-09-23,17.771451950073242
2014-09-24,17.92521858215332
2014-09-25,17.730060577392578
2014-09-26,17.576292037963867
2014-09-29,17.605865478515625
2014-09-30,17.487590789794922
2014-10-01,17.23920249938965
2014-10-02,17.185970306396484
2014-10-03,17.280597686767578
2014-10-06,17.251020431518555
2014-10-07,17.02629280090332
2014-10-08,17.375219345092773
2014-10-09,17.144575119018555
2014-10-10,17.227375030517578
2014-10-13,16.83704948425293
2014-10-14,16.831132888793945
2014-10-15,16.671459197998047
2014-10-16,16.38167381286621
2014-10-17,16.45855712890625
2014-10-20,16.5176944732666
2014-10-21,16.724685668945312
2014-10-22,16.736515045166016
2014-10-23,16.91393280029297
2014-10-24,17.21554183959961
2014-10-27,17.168231964111328
2014-10-28,17.203718185424805
2014-10-29,17.440275192260742
2014-10-30,17.64725685119629
2014-10-31,17.71231460571289
2014-11-03,17.854251861572266
2014-11-04,17.9074764251709
2014-11-05,17.91940689086914
2014-11-06,17.91940689086914
2014-11-07,17.847822189331055
2014-11-10,18.01485252380371
2014-11-11,18.086429595947266
2014-11-12,18.146085739135742
2014-11-13,18.146085739135742
2014-11-14,18.098363876342773
2014-11-17,18.086429595947266
2014-11-18,18.247493743896484
2014-11-19,18.158018112182617
2014-11-20,18.158018112182617
2014-11-21,18.163976669311523
2014-11-24,18.026775360107422
2014-11-25,18.17591094970703
2014-11-26,18.55171775817871
2014-11-28,18.58154296875
2014-12-01,18.647159576416016
2014-12-02,18.83207893371582
2014-12-03,18.939453125
2014-12-04,18.89173126220703
2014-12-05,19.082618713378906
2014-12-08,19.0706844329834
2014-12-09,19.05875015258789
2014-12-10,19.00507164001465
2014-12-11,18.87980079650879
2014-12-12,18.462238311767578
2014-12-15,18.408554077148438
2014-12-16,18.295207977294922
2014-12-17,18.56364631652832
2014-12-18,19.0706844329834
2014-12-19,19.05279541015625
2014-12-22,19.142271041870117
2014-12-23,18.760501861572266
2014-12-24,18.74260139465332
2014-12-26,18.87980079650879
2014-12-29,18.724706649780273
2014-12-30,18.718738555908203
2014-12-31,18.58154296875
2015-01-02,18.688915252685547
2015-01-05,18.587505340576172
2015-01-06,18.74260139465332
2015-01-07,18.999107360839844
2015-01-08,19.386842727661133
2015-01-09,19.476320266723633
2015-01-12,19.54789924621582
2015-01-13,19.35104751586914
2015-01-14,19.37491226196289
2015-01-15,19.32718849182129
2015-01-16,19.5657958984375
2015-01-20,19.744752883911133
2015-01-21,19.47035026550293
2015-01-22,19.57176399230957
2015-01-23,19.357017517089844
2015-01-26,19.5657958984375
2015-01-27,19.446487426757812
2015-01-28,19.05875015258789
2015-01-29,18.9871768951416
2015-01-30,18.64119529724121
2015-02-02,18.87980079650879
2015-02-03,19.10051155090332
2015-02-04,19.299100875854492
2015-02-05,19.852737426757812
2015-02-06,19.961055755615234
2015-02-09,19.900875091552734
2015-02-10,20.55080223083496
2015-02-11,20.61098289489746
2015-02-12,20.984086990356445
2015-02-13,20.84568214416504
2015-02-17,20.809572219848633
2015-02-18,20.749387741088867
2015-02-19,20.7072696685791
2015-02-20,20.797534942626953
2015-02-23,20.695226669311523
2015-02-24,20.66514015197754
2015-02-25,20.857715606689453
2015-02-26,20.815582275390625
2015-02-27,20.653104782104492
2015-03-02,20.923904418945312
2015-03-03,20.797534942626953
2015-03-04,20.84568214416504
2015-03-05,20.74336814880371
2015-03-06,20.442487716674805
2015-03-09,20.478593826293945
2015-03-10,20.328144073486328
2015-03-11,20.23788070678711
2015-03-12,20.460535049438477
2015-03-13,20.460535049438477
2015-03-16,20.725326538085938
2015-03-17,20.562835693359375
2015-03-18,20.6892147064209
2015-03-19,20.55080223083496
2015-03-20,20.61098289489746
2015-03-23,21.092405319213867
2015-03-24,20.773466110229492
2015-03-25,20.64106559753418
2015-03-26,20.556821823120117
2015-03-27,20.779481887817383
2015-03-30,21.06231689453125
2015-03-31,20.93593978881836
2015-04-01,20.65912437438965
2015-04-02,20.6892147064209
2015-04-06,20.749387741088867
2015-04-07,20.785491943359375
2015-04-08,20.84568214416504
2015-04-09,21.080373764038086
2015-04-10,21.327096939086914
2015-04-13,21.116483688354492
2015-04-14,21.080373764038086
2015-04-15,21.188692092895508
2015-04-16,21.176652908325195
2015-04-17,21.086387634277344
2015-04-20,21.06833839416504
2015-04-21,20.99612045288086
2015-04-22,21.020191192626953
2015-04-23,21.278953552246094
2015-04-24,21.224796295166016
2015-04-27,20.815582275390625
2015-04-28,20.749387741088867
2015-04-29,20.635051727294922
2015-04-30,20.418415069580078
2015-05-01,20.508678436279297
2015-05-04,20.653104782104492
2015-05-05,20.53275489807129
2015-05-06,20.302181243896484
2015-05-07,20.37498664855957
2015-05-08,20.641969680786133
2015-05-11,20.60556411743164
2015-05-12,20.496339797973633
2015-05-13,20.34465789794922
2015-05-14,20.593425750732422
2015-05-15,20.623764038085938
2015-05-18,20.61769676208496
2015-05-19,20.75725746154785
2015-05-20,20.811853408813477
2015-05-21,20.848268508911133
2015-05-22,20.799728393554688
2015-05-26,20.696571350097656
2015-05-27,20.811853408813477
2015-05-28,20.89681053161621
2015-05-29,21.084903717041016
2015-06-01,20.969615936279297
2015-06-02,20.927148818969727
2015-06-03,20.87860870361328
2015-06-04,20.77545166015625
2015-06-05,20.6844425201416
2015-06-08,20.61769676208496
2015-06-09,20.635900497436523
2015-06-10,20.81792449951172
2015-06-11,20.90894317626953
2015-06-12,20.75725746154785
2015-06-15,20.654102325439453
2015-06-16,20.654102325439453
2015-06-17,20.61769676208496
2015-06-18,20.85433578491211
2015-06-19,20.73904800415039
2015-06-22,20.81792449951172
2015-06-23,20.93321418762207
2015-06-24,20.769386291503906
2015-06-25,20.641969680786133
2015-06-26,20.581289291381836
2015-06-29,20.38106346130371
2015-06-30,20.34465789794922
2015-07-01,20.44173240661621
2015-07-02,20.247568130493164
2015-07-06,20.174760818481445
2015-07-07,20.466012954711914
2015-07-08,20.296110153198242
2015-07-09,20.544883728027344
2015-07-10,20.848268508911133
2015-07-13,21.12737274169922
2015-07-14,21.285133361816406
2015-07-15,21.224462509155273
2015-07-16,21.297273635864258
2015-07-17,21.279067993164062
2015-07-20,21.38221549987793
2015-07-21,21.321535110473633
2015-07-22,21.163782119750977
2015-07-23,21.10310173034668
2015-07-24,20.787595748901367
2015-07-27,20.83613395690918
2015-07-28,21.448949813842773
2015-07-29,21.697729110717773
2015-07-30,21.679523468017578
2015-07-31,21.879762649536133
2015-08-03,21.934358596801758
2015-08-04,21.91009521484375
2015-08-05,21.90398406982422
2015-08-06,21.506507873535156
2015-08-07,21.518735885620117
2015-08-10,21.622682571411133
2015-08-11,21.475921630859375
2015-08-12,21.628807067871094
2015-08-13,21.622682571411133
2015-08-14,21.59822654724121
2015-08-17,21.708293914794922
2015-08-18,21.72053337097168
2015-08-19,21.56765365600586
2015-08-20,21.127370834350586
2015-08-21,20.50975799560547
2015-08-24,19.647539138793945
2015-08-25,19.164453506469727
2015-08-26,19.83099365234375
2015-08-27,20.338533401489258
2015-08-28,19.971637725830078
2015-08-31,19.702571868896484
2015-09-01,19.176681518554688
2015-09-02,19.54969024658203
2015-09-03,19.500783920288086
2015-09-04,19.182798385620117
2015-09-08,19.892141342163086
2015-09-09,19.5435848236084
2015-09-10,19.94717788696289
2015-09-11,20.161203384399414
2015-09-14,20.002214431762695
2015-09-15,20.28350067138672
2015-09-16,20.289609909057617
2015-09-17,20.473064422607422
2015-09-18,20.087825775146484
2015-09-21,19.824871063232422
2015-09-22,19.72703742980957
2015-09-23,19.94717788696289
2015-09-24,19.996097564697266
2015-09-25,19.500783920288086
2015-09-28,18.84647560119629
2015-09-29,18.968774795532227
2015-09-30,19.20726203918457
2015-10-01,19.47020149230957
2015-10-02,20.228469848632812
2015-10-05,20.473064422607422
2015-10-06,20.051132202148438
2015-10-07,20.35687828063965
2015-10-08,20.23457908630371
2015-10-09,20.32630157470703
2015-10-12,20.314077377319336
2015-10-13,20.167312622070312
2015-10-14,20.20400047302246
2015-10-15,20.8399715423584
2015-10-16,21.041763305664062
2015-10-19,21.0967960357666
2015-10-20,20.79104995727539
2015-10-21,20.460832595825195
2015-10-22,20.38134765625
2015-10-23,20.82162094116211
2015-10-26,20.88888931274414
2015-10-27,21.396434783935547
2015-10-28,21.67772674560547
2015-10-29,21.26190185546875
2015-10-30,20.68097686767578
2015-11-02,21.439239501953125
2015-11-03,21.384206771850586
2015-11-04,21.045166015625
2015-11-05,21.051328659057617
2015-11-06,20.915712356567383
2015-11-09,20.743104934692383
2015-11-10,20.82941436767578
2015-11-11,20.798595428466797
2015-11-12,20.582836151123047
2015-11-13,20.50886344909668
2015-11-16,20.441057205200195
2015-11-17,20.262292861938477
2015-11-18,20.53352165222168
2015-11-19,19.904754638671875
2015-11-20,19.836946487426758
2015-11-23,19.31297492980957
2015-11-24,19.707490921020508
2015-11-25,20.262292861938477
2015-11-27,20.212974548339844
2015-11-30,20.200645446777344
2015-12-01,20.724618911743164
2015-12-02,20.280784606933594
2015-12-03,19.96639633178711
2015-12-04,20.21913719177246
2015-12-07,20.132843017578125
2015-12-08,20.05270004272461
2015-12-09,19.904754638671875
2015-12-10,19.947900772094727
2015-12-11,19.762971878051758
2015-12-14,19.836946487426758
2015-12-15,19.88626480102539
2015-12-16,20.083518981933594
2015-12-17,19.929412841796875
2015-12-18,19.719820022583008
2015-12-21,20.009552001953125
2015-12-22,20.046539306640625
2015-12-23,20.071199417114258
2015-12-24,20.108182907104492
2015-12-28,19.98488998413086
2015-12-29,20.23763084411621
2015-12-30,20.188318252563477
2015-12-31,19.89859390258789
2016-01-04,19.695165634155273
2016-01-05,19.836946487426758
2016-01-06,19.48558235168457
2016-01-07,19.35612678527832
2016-01-08,19.10955238342285
2016-01-11,19.152700424194336
2016-01-12,19.10955238342285
2016-01-13,18.72119903564453
2016-01-14,19.177358627319336
2016-01-15,18.992433547973633
2016-01-19,18.918453216552734
2016-01-20,18.89995765686035
2016-01-21,18.850650787353516
2016-01-22,18.930784225463867
2016-01-25,18.801332473754883
2016-01-26,18.906129837036133
2016-01-27,18.81365966796875
2016-01-28,18.61639976501465
2016-01-29,18.795169830322266
2016-02-01,18.597909927368164
2016-02-02,18.57941436767578
2016-02-03,18.47356414794922
2016-02-04,18.0564022064209
2016-02-05,18.0750789642334
2016-02-08,17.78244400024414
2016-02-09,18.118667602539062
2016-02-10,18.36149024963379
2016-02-11,18.13734245300293
2016-02-12,18.280555725097656
2016-02-16,18.56073570251465
2016-02-17,18.44866180419922
2016-02-18,18.398847579956055
2016-02-19,18.36149024963379
2016-02-22,18.710163116455078
2016-02-23,18.654130935668945
2016-02-24,18.691490173339844
2016-02-25,19.046390533447266
2016-02-26,18.822242736816406
2016-02-29,18.47356414794922
2016-03-01,18.70394515991211
2016-03-02,18.66659164428711
2016-03-03,18.61054801940918
2016-03-04,18.498472213745117
2016-03-07,18.54828643798828
2016-03-08,18.280555725097656
2016-03-09,18.517152786254883
2016-03-10,18.42375373840332
2016-03-11,18.990354537963867
2016-03-14,18.741300582885742
2016-03-15,18.392629623413086
2016-03-16,18.081310272216797
2016-03-17,18.268102645874023
2016-03-18,18.336585998535156
2016-03-21,18.72261619567871
2016-03-22,18.915637969970703
2016-03-23,18.797340393066406
2016-03-24,18.728843688964844
2016-03-28,18.542051315307617
2016-03-29,18.710163116455078
2016-03-30,18.72261619567871
2016-03-31,18.454891204833984
2016-04-01,18.70394515991211
2016-04-04,19.127336502075195
2016-04-05,19.525815963745117
2016-04-06,20.503355026245117
2016-04-07,20.39751434326172
2016-04-08,20.23561668395996
2016-04-11,19.85582160949707
2016-04-12,19.89940071105957
2016-04-13,20.260530471801758
2016-04-14,20.32901954650879
2016-04-15,20.23561668395996
2016-04-18,20.304113388061523
2016-04-19,20.478450775146484
2016-04-20,20.690147399902344
2016-04-21,20.69637107849121
2016-04-22,20.715051651000977
2016-04-25,20.677692413330078
2016-04-26,20.578073501586914
2016-04-27,20.54694175720215
2016-04-28,20.490903854370117
2016-04-29,20.366378784179688
2016-05-02,20.422414779663086
2016-05-03,20.982786178588867
2016-05-04,20.795995712280273
2016-05-05,20.901844024658203
2016-05-06,20.908069610595703
2016-05-09,21.05750846862793
2016-05-10,21.045042037963867
2016-05-11,20.831453323364258
2016-05-12,20.85030746459961
2016-05-13,20.85030746459961
2016-05-16,20.969663619995117
2016-05-17,20.74979019165039
2016-05-18,20.837736129760742
2016-05-19,20.969663619995117
2016-05-20,21.195825576782227
2016-05-23,21.151840209960938
2016-05-24,21.42197036743164
2016-05-25,21.579030990600586
2016-05-26,21.629283905029297
2016-05-27,21.74236297607422
2016-05-31,21.798900604248047
2016-06-01,21.830312728881836
2016-06-02,21.90569496154785
2016-06-03,21.792621612548828
2016-06-06,21.943384170532227
2016-06-07,21.8868465423584
2016-06-08,22.144411087036133
2016-06-09,22.182111740112305
2016-06-10,22.169544219970703
2016-06-13,21.82402801513672
2016-06-14,21.9810848236084
2016-06-15,21.85544204711914
2016-06-16,21.830312728881836
2016-06-17,21.497360229492188
2016-06-20,21.673259735107422
2016-06-21,21.830312728881836
2016-06-22,21.654415130615234
2016-06-23,21.72980308532715
2016-06-24,21.34030532836914
2016-06-27,21.233505249023438
2016-06-28,21.635568618774414
2016-06-29,21.993648529052734
2016-06-30,22.11928939819336
2016-07-01,22.345443725585938
2016-07-05,22.49620819091797
2016-07-06,22.527631759643555
2016-07-07,22.471086502075195
2016-07-08,22.690959930419922
2016-07-11,22.70979881286621
2016-07-12,22.766340255737305
2016-07-13,22.81031608581543
2016-07-14,23.19352149963379
2016-07-15,23.099294662475586
2016-07-18,23.017629623413086
2016-07-19,23.017629623413086
2016-07-20,23.042755126953125
2016-07-21,23.061609268188477
2016-07-22,23.0804500579834
2016-07-25,23.105579376220703
2016-07-26,23.13698959350586
2016-07-27,23.149555206298828
2016-07-28,23.036470413208008
2016-07-29,23.174680709838867
2016-08-01,23.43853187561035
2016-08-02,22.860572814941406
2016-08-03,22.353832244873047
2016-08-04,22.265153884887695
2016-08-05,22.4488468170166
2016-08-08,22.125795364379883
2016-08-09,22.220809936523438
2016-08-10,22.25248146057129
2016-08-11,22.265153884887695
2016-08-12,22.157466888427734
2016-08-15,22.239810943603516
2016-08-16,22.037113189697266
2016-08-17,22.258813858032227
2016-08-18,22.290489196777344
2016-08-19,22.157466888427734
2016-08-22,22.068788528442383
2016-08-23,22.227149963378906
2016-08-24,22.056116104125977
2016-08-25,22.024444580078125
2016-08-26,22.056116104125977
2016-08-29,22.239810943603516
2016-08-30,22.0941219329834
2016-08-31,22.043447494506836
2016-09-01,21.967435836791992
2016-09-02,22.024444580078125
2016-09-06,22.024444580078125
2016-09-07,22.068788528442383
2016-09-08,21.992773056030273
2016-09-09,21.60004425048828
2016-09-12,21.94843292236328
2016-09-13,21.562042236328125
2016-09-14,21.498689651489258
2016-09-15,21.625385284423828
2016-09-16,21.498689651489258
2016-09-19,21.314992904663086
2016-09-20,21.416353225708008
2016-09-21,21.714069366455078
2016-09-22,21.6317195892334
2016-09-23,21.701393127441406
2016-09-26,21.308670043945312
2016-09-27,21.42901611328125
2016-09-28,21.53037452697754
2016-09-29,21.10597038269043
2016-09-30,21.454355239868164
2016-10-03,21.33399772644043
2016-10-04,21.359344482421875
2016-10-05,21.473358154296875
2016-10-06,21.314992904663086
2016-10-07,21.257993698120117
2016-10-10,21.2896671295166
2016-10-11,20.985614776611328
2016-10-12,20.947612762451172
2016-10-13,20.751249313354492
2016-10-14,20.687904357910156
2016-10-17,20.58655548095703
2016-10-18,20.706912994384766
2016-10-19,20.6498966217041
2016-10-20,20.611894607543945
2016-10-21,20.38385009765625
2016-10-24,20.352184295654297
2016-10-25,20.447200775146484
2016-10-26,20.523208618164062
2016-10-27,20.57388687133789
2016-10-28,20.22550392150879
2016-10-31,20.086143493652344
2016-11-01,19.680747985839844
2016-11-02,19.402036666870117
2016-11-03,18.93329429626465
2016-11-04,19.002973556518555
2016-11-07,19.24367332458496
2016-11-08,19.192501068115234
2016-11-09,20.548768997192383
2016-11-10,21.42523193359375
2016-11-11,20.849445343017578
2016-11-14,20.715103149414062
2016-11-15,20.6191463470459
2016-11-16,20.446407318115234
2016-11-17,20.29926300048828
2016-11-18,20.139324188232422
2016-11-21,20.196901321411133
2016-11-22,20.043365478515625
2016-11-23,20.10093879699707
2016-11-25,20.273677825927734
2016-11-28,20.177711486816406
2016-11-29,20.420820236206055
2016-11-30,20.561567306518555
2016-12-01,20.126529693603516
2016-12-02,20.23529624938965
2016-12-05,20.209707260131836
2016-12-06,20.190507888793945
2016-12-07,19.953798294067383
2016-12-08,19.793859481811523
2016-12-09,20.280073165893555
2016-12-12,20.72789764404297
2016-12-13,21.002992630004883
2016-12-14,20.996591567993164
2016-12-15,20.95180892944336
2016-12-16,21.009382247924805
2016-12-19,21.002992630004883
2016-12-20,21.015783309936523
2016-12-21,20.72789764404297
2016-12-22,20.689512252807617
2016-12-23,20.779075622558594
2016-12-27,20.811063766479492
2016-12-28,20.695911407470703
2016-12-29,20.785472869873047
2016-12-30,20.779075622558594
2017-01-03,21.111743927001953
2017-01-04,21.297271728515625
2017-01-05,21.501996994018555
2017-01-06,21.4188289642334
2017-01-09,21.41242790222168
2017-01-10,21.393232345581055
2017-01-11,21.002992630004883
2017-01-12,20.855836868286133
2017-01-13,20.804668426513672
2017-01-17,20.51038360595703
2017-01-18,20.491193771362305
2017-01-19,20.280073165893555
2017-01-20,20.32485580444336
2017-01-23,20.126529693603516
2017-01-24,19.928211212158203
2017-01-25,20.017780303955078
2017-01-26,20.011377334594727
2017-01-27,20.10093879699707
2017-01-30,20.030574798583984
2017-01-31,20.29926300048828
2017-02-01,20.467294692993164
2017-02-02,20.506074905395508
2017-02-03,20.738731384277344
2017-02-06,20.82921028137207
2017-02-07,20.732269287109375
2017-02-08,20.771039962768555
2017-02-09,20.926143646240234
2017-02-10,20.906753540039062
2017-02-13,21.074787139892578
2017-02-14,21.165264129638672
2017-02-15,21.656423568725586
2017-02-16,21.727521896362305
2017-02-17,21.727521896362305
2017-02-21,21.727521896362305
2017-02-22,21.708127975463867
2017-02-23,22.011877059936523
2017-02-24,22.141124725341797
2017-02-27,22.154052734375
2017-02-28,22.05065155029297
2017-03-01,22.24452781677246
2017-03-02,22.30269432067871
2017-03-03,22.309158325195312
2017-03-06,22.199291229248047
2017-03-07,21.966638565063477
2017-03-08,21.914936065673828
2017-03-09,22.005413055419922
2017-03-10,22.044191360473633
2017-03-13,22.044191360473633
2017-03-14,22.115278244018555
2017-03-15,22.380247116088867
2017-03-16,22.250991821289062
2017-03-17,22.179899215698242
2017-03-20,22.218679428100586
2017-03-21,22.134662628173828
2017-03-22,22.27684783935547
2017-03-23,22.160518646240234
2017-03-24,21.973094940185547
2017-03-27,22.08942985534668
2017-03-28,22.07650375366211
2017-03-29,22.186363220214844
2017-03-30,22.199291229248047
2017-03-31,22.108814239501953
2017-04-03,22.12820053100586
2017-04-04,22.192827224731445
2017-04-05,22.095890045166016
2017-04-06,22.044191360473633
2017-04-07,22.037717819213867
2017-04-10,21.998950958251953
2017-04-11,21.927852630615234
2017-04-12,21.92139434814453
2017-04-13,21.895549774169922
2017-04-17,21.973094940185547
2017-04-18,21.86969566345215
2017-04-19,21.721054077148438
2017-04-20,21.805072784423828
2017-04-21,21.740440368652344
2017-04-24,21.805072784423828
2017-04-25,21.817991256713867
2017-04-26,21.876155853271484
2017-04-27,21.882619857788086
2017-04-28,21.92139434814453
2017-05-01,21.830915451049805
2017-05-02,21.721054077148438
2017-05-03,21.630577087402344
2017-05-04,21.61764907836914
2017-05-05,21.637039184570312
2017-05-08,21.61764907836914
2017-05-09,21.572412490844727
2017-05-10,21.552837371826172
2017-05-11,21.559362411499023
2017-05-12,21.539783477783203
2017-05-15,21.611562728881836
2017-05-16,21.272247314453125
2017-05-17,21.030818939208984
2017-05-18,21.024295806884766
2017-05-19,21.180896759033203
2017-05-22,20.95903778076172
2017-05-23,20.97209358215332
2017-05-24,20.913366317749023
2017-05-25,20.985137939453125
2017-05-26,20.97209358215332
2017-05-30,20.965566635131836
2017-05-31,21.30487823486328
2017-06-01,21.344032287597656
2017-06-02,21.233102798461914
2017-06-05,21.109121322631836
2017-06-06,20.926416397094727
2017-06-07,20.880739212036133
2017-06-08,20.71761131286621
2017-06-09,21.3831787109375
2017-06-12,21.337505340576172
2017-06-13,21.259201049804688
2017-06-14,21.33098030090332
2017-06-15,21.409284591674805
2017-06-16,21.513687133789062
2017-06-19,21.67681312561035
2017-06-20,21.898672103881836
2017-06-21,22.107479095458984
2017-06-22,22.224937438964844
2017-06-23,22.296716690063477
2017-06-26,22.21188735961914
2017-06-27,22.035701751708984
2017-06-28,22.022659301757812
2017-06-29,21.94434928894043
2017-06-30,21.918251037597656
2017-07-03,22.068326950073242
2017-07-05,21.95087242126465
2017-07-06,21.67681312561035
2017-07-07,21.761642456054688
2017-07-10,21.80079460144043
2017-07-11,21.644189834594727
2017-07-12,21.67681312561035
2017-07-13,21.715972900390625
2017-07-14,21.8138427734375
2017-07-17,21.696395874023438
2017-07-18,21.768173217773438
2017-07-19,21.937829971313477
2017-07-20,21.885623931884766
2017-07-21,21.846473693847656
2017-07-24,21.742067337036133
2017-07-25,21.5985164642334
2017-07-26,21.46148109436035
2017-07-27,21.53325653076172
2017-07-28,21.631141662597656
2017-07-31,21.637664794921875
2017-08-01,21.58546257019043
2017-08-02,21.690885543823242
2017-08-03,22.026927947998047
2017-08-04,22.165294647216797
2017-08-07,21.947853088378906
2017-08-08,21.928091049194336
2017-08-09,22.04010009765625
2017-08-10,22.02033805847168
2017-08-11,21.908327102661133
2017-08-14,21.947853088378906
2017-08-15,21.993976593017578
2017-08-16,21.980804443359375
2017-08-17,21.71065330505371
2017-08-18,21.526161193847656
2017-08-21,21.585464477539062
2017-08-22,21.842432022094727
2017-08-23,21.901737213134766
2017-08-24,21.8951416015625
2017-08-25,22.00057029724121
2017-08-28,22.053281784057617
2017-08-29,22.07305335998535
2017-08-30,22.04010009765625
2017-08-31,22.34978485107422
2017-09-01,22.376136779785156
2017-09-05,22.270719528198242
2017-09-06,22.39590835571289
2017-09-07,22.39590835571289
2017-09-08,22.4683837890625
2017-09-11,22.613340377807617
2017-09-12,23.305185317993164
2017-09-13,23.100923538208008
2017-09-14,23.54237937927246
2017-09-15,23.298593521118164
2017-09-18,23.423778533935547
2017-09-19,23.35789680480957
2017-09-20,23.713703155517578
2017-09-21,23.70052146911621
2017-09-22,23.693927764892578
2017-09-25,23.397428512573242
2017-09-26,23.259063720703125
2017-09-27,23.35789680480957
2017-09-28,23.45673179626465
2017-09-29,23.52261734008789
2017-10-02,23.76641082763672
2017-10-03,23.812538146972656
2017-10-04,23.693927764892578
2017-10-05,23.72028923034668
2017-10-06,23.753236770629883
2017-10-09,23.812538146972656
2017-10-10,23.983848571777344
2017-10-11,24.01679229736328
2017-10-12,23.950910568237305
2017-10-13,23.944313049316406
2017-10-16,23.707109451293945
2017-10-17,23.852066040039062
2017-10-18,23.6082763671875
2017-10-19,23.878421783447266
2017-10-20,23.997026443481445
2017-10-23,23.983848571777344
2017-10-24,23.898191452026367
2017-10-25,23.825714111328125
2017-10-26,23.54897117614746
2017-10-27,23.45673179626465
2017-10-30,23.16022491455078
2017-10-31,23.100923538208008
2017-11-01,23.232711791992188
2017-11-02,23.364484786987305
2017-11-03,23.423778533935547
2017-11-06,23.272241592407227
2017-11-07,23.298593521118164
2017-11-08,23.285419464111328
2017-11-09,23.40510368347168
2017-11-10,23.391801834106445
2017-11-13,23.471595764160156
2017-11-14,23.52479362487793
2017-11-15,23.51148796081543
2017-11-16,23.644472122192383
2017-11-17,23.518138885498047
2017-11-20,23.504840850830078
2017-11-21,23.63117790222168
2017-11-22,23.558029174804688
2017-11-24,23.597923278808594
2017-11-27,23.597923278808594
2017-11-28,23.837299346923828
2017-11-29,24.0766658782959
2017-11-30,24.109920501708984
2017-12-01,24.16975975036621
2017-12-04,23.976930618286133
2017-12-05,23.691011428833008
2017-12-06,23.644472122192383
2017-12-07,23.60457992553711
2017-12-08,23.764158248901367
2017-12-11,24.0766658782959
2017-12-12,24.322689056396484
2017-12-13,24.36258888244629
2017-12-14,24.242900848388672
2017-12-15,24.73493766784668
2017-12-18,24.68839454650879
2017-12-19,24.56206512451172
2017-12-20,24.242900848388672
2017-12-21,24.09661865234375
2017-12-22,24.030134201049805
2017-12-26,24.0766658782959
2017-12-27,24.15645980834961
2017-12-28,24.183053970336914
2017-12-29,24.08331871032715
2018-01-02,24.229598999023438
2018-01-03,24.409128189086914
2018-01-04,24.462322235107422
2018-01-05,24.50886344909668
2018-01-08,24.236248016357422
2018-01-09,24.20965003967285
2018-01-10,24.249547958374023
2018-01-11,24.30939483642578
2018-01-12,24.29609489440918
2018-01-16,24.335983276367188
2018-01-17,24.721637725830078
2018-01-18,24.59530258178711
2018-01-19,24.56206512451172
2018-01-22,24.55541229248047
2018-01-23,24.48227310180664
2018-01-24,24.55541229248047
2018-01-25,24.75489044189453
2018-01-26,25.938440322875977
2018-01-29,25.94508934020996
2018-01-30,25.13388442993164
2018-01-31,24.628549575805664
2018-02-01,24.715789794921875
2018-02-02,24.568153381347656
2018-02-05,23.26626205444336
2018-02-06,23.675626754760742
2018-02-07,23.474292755126953
2018-02-08,22.568342208862305
2018-02-09,22.92401123046875
2018-02-12,23.25955581665039
2018-02-13,23.447458267211914
2018-02-14,23.615224838256836
2018-02-15,23.964183807373047
2018-02-16,24.33327865600586
2018-02-20,24.165508270263672
2018-02-21,23.997745513916016
2018-02-22,23.984315872192383
2018-02-23,24.33327865600586
2018-02-26,24.890270233154297
2018-02-27,24.695659637451172
2018-02-28,24.36682891845703
2018-03-01,23.91049575805664
2018-03-02,24.125244140625
2018-03-05,24.239334106445312
2018-03-06,24.07827377319336
2018-03-07,24.11181640625
2018-03-08,24.494335174560547
2018-03-09,24.675525665283203
2018-03-12,24.568153381347656
2018-03-13,24.66210174560547
2018-03-14,24.393680572509766
2018-03-15,24.54802703857422
2018-03-16,24.6822452545166
2018-03-19,24.3802547454834
2018-03-20,24.3802547454834
2018-03-21,24.339981079101562
2018-03-22,23.890365600585938
2018-03-23,23.145469665527344
2018-03-26,23.514562606811523
2018-03-27,23.49443244934082
2018-03-28,23.689044952392578
2018-03-29,23.816547393798828
2018-04-02,23.521276473999023
2018-04-03,23.944055557250977
2018-04-04,24.246036529541016
2018-04-05,23.97760009765625
2018-04-06,23.601802825927734
2018-04-09,23.796411514282227
2018-04-10,24.125244140625
2018-04-11,24.01786994934082
2018-04-12,24.3735408782959
2018-04-13,24.3735408782959
2018-04-16,24.51445960998535
2018-04-17,24.3802547454834
2018-04-18,24.487625122070312
2018-04-19,24.51445960998535
2018-04-20,24.58157730102539
2018-04-23,24.695659637451172
2018-04-24,24.870136260986328
2018-04-25,24.615127563476562
2018-04-26,24.729209899902344
2018-04-27,24.829870223999023
2018-04-30,24.568153381347656
2018-05-01,23.756153106689453
2018-05-02,23.413898468017578
2018-05-03,23.326658248901367
2018-05-04,23.380348205566406
2018-05-07,23.44074249267578
2018-05-08,23.474292755126953
2018-05-09,23.601802825927734
2018-05-10,23.744104385375977
2018-05-11,24.055814743041992
2018-05-14,24.299762725830078
2018-05-15,24.184558868408203
2018-05-16,24.177791595458984
2018-05-17,24.198116302490234
2018-05-18,24.15068244934082
2018-05-21,24.259098052978516
2018-05-22,24.204893112182617
2018-05-23,24.374300003051758
2018-05-24,24.320091247558594
2018-05-25,24.177791595458984
2018-05-29,24.19133758544922
2018-05-30,24.428508758544922
2018-05-31,24.347190856933594
2018-06-01,24.56403350830078
2018-06-04,24.69955825805664
2018-06-05,24.692787170410156
2018-06-06,24.652124404907227
2018-06-07,24.726669311523438
2018-06-08,24.8486385345459
2018-06-11,24.59791374206543
2018-06-12,24.59791374206543
2018-06-13,24.5437068939209
2018-06-14,24.503049850463867
2018-06-15,24.638580322265625
2018-06-18,24.503049850463867
2018-06-19,24.5437068939209
2018-06-20,24.706342697143555
2018-06-21,24.59791374206543
2018-06-22,24.740215301513672
2018-06-25,24.652124404907227
2018-06-26,24.652124404907227
2018-06-27,24.536930084228516
2018-06-28,24.638580322265625
2018-06-29,24.58436393737793
2018-07-02,24.618247985839844
2018-07-03,24.63180160522461
2018-07-05,24.98416519165039
2018-07-06,25.14679527282715
2018-07-09,25.180681228637695
2018-07-10,25.36363983154297
2018-07-11,25.214557647705078
2018-07-12,25.42462730407715
2018-07-13,25.43140411376953
2018-07-16,25.329761505126953
2018-07-17,25.512714385986328
2018-07-18,25.519489288330078
2018-07-19,25.316205978393555
2018-07-20,25.295867919921875
2018-07-23,25.214557647705078
2018-07-24,25.54659652709961
2018-07-25,25.74311637878418
2018-07-26,25.858308792114258
2018-07-27,26.027708053588867
2018-07-30,26.149682998657227
2018-07-31,27.057714462280273
2018-08-01,27.288105010986328
2018-08-02,27.09674835205078
2018-08-03,27.704975128173828
2018-08-06,28.046672821044922
2018-08-07,27.909996032714844
2018-08-08,28.29953384399414
2018-08-09,28.019332885742188
2018-08-10,27.971492767333984
2018-08-13,27.889493942260742
2018-08-14,27.82115364074707
2018-08-15,28.128679275512695
2018-08-16,28.306365966796875
2018-08-17,28.764240264892578
2018-08-20,28.928253173828125
2018-08-21,28.812082290649414
2018-08-22,28.75057029724121
2018-08-23,28.839418411254883
2018-08-24,28.976104736328125
2018-08-27,28.415712356567383
2018-08-28,28.361032485961914
2018-08-29,28.361032485961914
2018-08-30,28.361032485961914
2018-08-31,28.374717712402344
2018-09-04,28.272199630737305
2018-09-05,28.6002254486084
2018-09-06,28.552392959594727
2018-09-07,28.839418411254883
2018-09-10,28.743741989135742
2018-09-11,28.91459083557129
2018-09-12,28.982925415039062
2018-09-13,29.28362464904785
2018-09-14,29.358808517456055
2018-09-17,29.392974853515625
2018-09-18,29.73467445373535
2018-09-19,29.563823699951172
2018-09-20,29.898685455322266
2018-09-21,30.110532760620117
2018-09-24,30.02170181274414
2018-09-25,29.92601203918457
2018-09-26,29.850839614868164
2018-09-27,30.00119400024414
2018-09-28,30.117382049560547
2018-10-01,30.254045486450195
2018-10-02,30.21988868713379
2018-10-03,30.623088836669922
2018-10-04,30.54790496826172
2018-10-05,30.691429138183594
2018-10-08,30.944286346435547
2018-10-09,31.074121475219727
2018-10-10,30.418067932128906
2018-10-11,29.256296157836914
2018-10-12,29.9191951751709
2018-10-15,29.468141555786133
2018-10-16,30.02170181274414
2018-10-17,30.459075927734375
2018-10-18,30.06954002380371
2018-10-19,30.411235809326172
2018-10-22,30.322385787963867
2018-10-23,30.137876510620117
2018-10-24,29.030773162841797
2018-10-25,29.66632843017578
2018-10-26,29.11277961730957
2018-10-29,29.543310165405273
2018-10-30,29.310962677001953
2018-10-31,29.427135467529297
2018-11-01,29.844003677368164
2018-11-02,29.338298797607422
2018-11-05,29.741498947143555
2018-11-06,29.392974853515625
2018-11-07,30.342891693115234
2018-11-08,30.19826889038086
2018-11-09,30.494413375854492
2018-11-12,30.3773250579834
2018-11-13,29.971010208129883
2018-11-14,29.550920486450195
2018-11-15,29.757518768310547
2018-11-16,29.96412467956543
2018-11-19,30.42552947998047
2018-11-20,29.9778995513916
2018-11-21,29.681772232055664
2018-11-23,29.70931053161621
2018-11-26,29.8470516204834
2018-11-27,30.34978675842285
2018-11-28,30.92137908935547
2018-11-29,31.34147071838379
2018-11-30,31.837316513061523
2018-12-03,31.67202377319336
2018-12-04,31.086654663085938
2018-12-06,30.97646713256836
2018-12-07,30.246484756469727
2018-12-10,30.577043533325195
2018-12-11,30.308460235595703
2018-12-12,30.411758422851562
2018-12-13,30.69411277770996
2018-12-14,30.163841247558594
2018-12-17,29.688655853271484
2018-12-18,29.19969940185547
2018-12-19,28.903566360473633
2018-12-20,28.889793395996094
2018-12-21,28.876022338867188
2018-12-24,27.925655364990234
2018-12-26,29.055065155029297
2018-12-27,29.509599685668945
2018-12-28,29.58536148071289
2018-12-31,30.060529708862305
2019-01-02,29.785072326660156
2019-01-03,28.951780319213867
2019-01-04,29.612903594970703
2019-01-07,29.77128791809082
2019-01-08,29.909034729003906
2019-01-09,29.8470516204834
2019-01-10,29.137718200683594
2019-01-11,29.530258178710938
2019-01-14,29.179035186767578
2019-01-15,29.426963806152344
2019-01-16,28.99997901916504
2019-01-17,29.247913360595703
2019-01-18,29.28922462463379
2019-01-22,29.110170364379883
2019-01-23,29.034420013427734
2019-01-24,28.201126098632812
2019-01-25,27.987640380859375
2019-01-28,27.22321128845215
2019-01-29,28.077163696289062
2019-01-30,28.63498878479004
2019-01-31,29.489452362060547
2019-02-01,29.788162231445312
2019-02-04,29.482511520385742
2019-02-05,29.25325584411621
2019-02-06,29.406085968017578
2019-02-07,28.968441009521484
2019-02-08,29.336618423461914
2019-02-11,28.95454216003418
2019-02-12,29.086538314819336
2019-02-13,28.968441009521484
2019-02-14,29.1560001373291
2019-02-15,29.454729080200195
2019-02-19,29.593660354614258
2019-02-20,29.315778732299805
2019-02-21,29.27409553527832
2019-02-22,29.843746185302734
2019-02-25,29.927101135253906
2019-02-26,29.885419845581055
2019-02-27,29.822904586791992
2019-02-28,30.11466407775879
2019-03-01,30.121618270874023
2019-03-04,29.920148849487305
2019-03-05,29.795116424560547
2019-03-06,29.0795841217041
2019-03-07,28.753082275390625
2019-03-08,28.40573501586914
2019-03-11,28.82950210571289
2019-03-12,28.989273071289062
2019-03-13,29.18379020690918
2019-03-14,28.614145278930664
2019-03-15,29.024015426635742
2019-03-18,29.04485321044922
2019-03-19,29.385250091552734
2019-03-20,29.294939041137695
2019-03-21,29.41997718811035
2019-03-22,29.072633743286133
2019-03-25,29.100431442260742
2019-03-26,29.46860694885254
2019-03-27,29.19073486328125
2019-03-28,29.378299713134766
2019-03-29,29.50335121154785
2019-04-01,29.760385513305664
2019-04-02,29.809009552001953
2019-04-03,29.760385513305664
2019-04-04,29.690908432006836
2019-04-05,29.864580154418945
2019-04-08,29.968774795532227
2019-04-09,29.760385513305664
2019-04-10,29.68396759033203
2019-04-11,29.364408493041992
2019-04-12,28.975378036499023
2019-04-15,29.239360809326172
2019-04-16,28.426578521728516
2019-04-17,27.704103469848633
2019-04-18,27.356760025024414
2019-04-22,27.078882217407227
2019-04-23,27.384550094604492
2019-04-24,27.34981346130371
2019-04-25,27.516538619995117
2019-04-26,27.76662826538086
2019-04-29,27.502643585205078
2019-04-30,28.211225509643555
2019-05-01,28.32237434387207
2019-05-02,28.489105224609375
2019-05-03,28.753082275390625
2019-05-06,28.933700561523438
2019-05-07,28.36406135559082
2019-05-08,28.447425842285156
2019-05-09,28.48246955871582
2019-05-10,28.53853416442871
2019-05-13,28.433401107788086
2019-05-14,28.49648666381836
2019-05-15,28.83989143371582
2019-05-16,29.183313369750977
2019-05-17,29.064170837402344
2019-05-20,29.148265838623047
2019-05-21,29.204336166381836
2019-05-22,29.428607940673828
2019-05-23,29.379549026489258
2019-05-24,29.400575637817383
2019-05-28,29.36553192138672
2019-05-29,29.2393741607666
2019-05-30,29.36553192138672
2019-05-31,29.09922218322754
2019-06-03,29.379549026489258
2019-06-04,29.59680938720703
2019-06-05,29.77202606201172
2019-06-06,29.9332275390625
2019-06-07,30.080394744873047
2019-06-10,30.185514450073242
2019-06-11,29.905187606811523
2019-06-12,30.192529678344727
2019-06-13,29.786048889160156
2019-06-14,29.968259811401367
2019-06-17,30.052358627319336
2019-06-18,30.185514450073242
2019-06-19,30.48688316345215
2019-06-20,30.556978225708008
2019-06-21,30.606021881103516
2019-06-24,30.669109344482422
2019-06-25,30.669109344482422
2019-06-26,30.129453659057617
2019-06-27,30.43783187866211
2019-06-28,30.360733032226562
2019-07-01,30.67612075805664
2019-07-02,30.99150848388672
2019-07-03,31.11764907836914
2019-07-05,30.781251907348633
2019-07-08,30.34671974182129
2019-07-09,30.39577293395996
2019-07-10,30.87936782836914
2019-07-11,30.122451782226562
2019-07-12,29.71596908569336
2019-07-15,29.96125030517578
2019-07-16,30.031341552734375
2019-07-17,29.954242706298828
2019-07-18,30.178508758544922
2019-07-19,29.97527503967285
2019-07-22,30.01031494140625
2019-07-23,30.199539184570312
2019-07-24,30.059371948242188
2019-07-25,29.905187606811523
2019-07-26,30.199539184570312
2019-07-29,29.050153732299805
2019-07-30,27.18589210510254
2019-07-31,27.22093391418457
2019-08-01,27.058237075805664
2019-08-02,26.881380081176758
2019-08-05,26.145679473876953
2019-08-06,26.138607025146484
2019-08-07,25.876873016357422
2019-08-08,26.082015991210938
2019-08-09,25.714168548583984
2019-08-12,25.035049438476562
2019-08-13,24.900651931762695
2019-08-14,24.221542358398438
2019-08-15,24.391313552856445
2019-08-16,24.511579513549805
2019-08-19,24.886499404907227
2019-08-20,24.4832820892334
2019-08-21,24.667213439941406
2019-08-22,24.815759658813477
2019-08-23,24.292280197143555
2019-08-26,24.645980834960938
2019-08-27,24.292280197143555
2019-08-28,24.815759658813477
2019-08-29,24.99260711669922
2019-08-30,25.14824104309082
2019-09-03,25.551467895507812
2019-09-04,25.3463134765625
2019-09-05,25.707090377807617
2019-09-06,25.82027816772461
2019-09-09,26.0537166595459
2019-09-10,26.442800521850586
2019-09-11,26.464012145996094
2019-09-12,26.372053146362305
2019-09-13,26.110313415527344
2019-09-16,26.0537166595459
2019-09-17,25.82027816772461
2019-09-18,25.73538589477539
2019-09-19,25.827341079711914
2019-09-20,25.954673767089844
2019-09-23,25.636348724365234
2019-09-24,25.473649978637695
2019-09-25,25.395837783813477
2019-09-26,25.31094741821289
2019-09-27,25.622203826904297
2019-09-30,25.417051315307617
2019-10-01,25.0633544921875
2019-10-02,24.546945571899414
2019-10-03,25.077499389648438
2019-10-04,25.417051315307617
2019-10-07,25.3463134765625
2019-10-08,25.0633544921875
2019-10-09,25.24727439880371
2019-10-10,25.318021774291992
2019-10-11,25.544387817382812
2019-10-14,25.678794860839844
2019-10-15,25.82027816772461
2019-10-16,25.707090377807617
2019-10-17,25.791982650756836
2019-10-18,25.791982650756836
2019-10-21,25.791982650756836
2019-10-22,25.7707576751709
2019-10-23,26.011272430419922
2019-10-24,25.74245834350586
2019-10-25,26.011272430419922
2019-10-28,26.372053146362305
2019-10-29,27.029945373535156
2019-10-30,27.220930099487305
2019-10-31,27.143117904663086
2019-11-01,27.15726661682129
2019-11-04,26.902603149414062
2019-11-05,26.513532638549805
2019-11-06,26.605501174926758
2019-11-07,26.36264991760254
2019-11-08,26.4626522064209
2019-11-11,26.37693977355957
2019-11-12,26.405506134033203
2019-11-13,26.14124298095703
2019-11-14,26.10552215576172
2019-11-15,26.626924514770508
2019-11-18,26.584064483642578
2019-11-19,26.898330688476562
2019-11-20,26.4626522064209
2019-11-21,26.95547103881836
2019-11-22,27.37687873840332
2019-11-25,27.62685775756836
2019-11-26,27.348310470581055
2019-11-27,27.591148376464844
2019-11-29,27.512582778930664
2019-12-02,27.348310470581055
2019-12-03,27.176889419555664
2019-12-04,27.241172790527344
2019-12-05,27.1626033782959
2019-12-06,27.348310470581055
2019-12-09,27.369733810424805
2019-12-10,27.48401641845703
2019-12-11,27.29831314086914
2019-12-12,27.52686309814453
2019-12-13,27.37687873840332
2019-12-16,27.955413818359375
2019-12-17,27.783994674682617
2019-12-18,27.7768497467041
2019-12-19,27.83399772644043
2019-12-20,28.019691467285156
2019-12-23,28.083972930908203
2019-12-24,28.062541961669922
2019-12-26,28.126829147338867
2019-12-27,28.083972930908203
2019-12-30,27.7911376953125
2019-12-31,27.983983993530273
2020-01-02,27.955413818359375
2020-01-03,27.805416107177734
2020-01-06,27.76970672607422
2020-01-07,27.67685890197754
2020-01-08,27.898269653320312
2020-01-09,27.7768497467041
2020-01-10,28.205398559570312
2020-01-13,28.14826202392578
2020-01-14,28.619653701782227
2020-01-15,29.048202514648438
2020-01-16,29.00534439086914
2020-01-17,28.933929443359375
2020-01-21,28.812501907348633
2020-01-22,28.705371856689453
2020-01-23,29.076766967773438
2020-01-24,28.44109535217285
2020-01-27,28.683937072753906
2020-01-28,27.241172790527344
2020-01-29,26.841196060180664
2020-01-30,26.747390747070312
2020-01-31,26.870052337646484
2020-02-03,27.064870834350586
2020-02-04,27.19474220275879
2020-02-05,27.541080474853516
2020-02-06,27.60602378845215
2020-02-07,27.45450210571289
2020-02-10,27.28133201599121
2020-02-11,27.483366012573242
2020-02-12,27.23082733154297
2020-02-13,26.646381378173828
2020-02-14,26.343326568603516
2020-02-18,26.20624351501465
2020-02-19,26.14130210876465
2020-02-20,25.867116928100586
2020-02-21,25.773317337036133
2020-02-24,25.015701293945312
2020-02-25,24.48176383972168
2020-02-26,25.05178451538086
2020-02-27,24.60442352294922
2020-02-28,24.11378288269043
2020-03-02,25.167226791381836
2020-03-03,24.748733520507812
2020-03-04,26.263961791992188
2020-03-05,25.585718154907227
2020-03-06,25.26824188232422
2020-03-09,24.359106063842773
2020-03-10,24.957979202270508
2020-03-11,23.21186065673828
2020-03-12,21.66055679321289
2020-03-13,23.601490020751953
2020-03-16,21.775999069213867
2020-03-17,23.204641342163086
2020-03-18,23.34895133972168
2020-03-19,21.949167251586914
2020-03-20,20.931800842285156
2020-03-23,20.55660629272461
2020-03-24,21.429664611816406
2020-03-25,21.465744018554688
2020-03-26,22.9088134765625
2020-03-27,22.295509338378906
2020-03-30,23.572628021240234
2020-03-31,23.550987243652344
2020-04-01,22.9088134765625
2020-04-02,23.716938018798828
2020-04-03,24.272520065307617
2020-04-06,24.943552017211914
2020-04-07,24.250879287719727
2020-04-08,24.96519660949707
2020-04-09,25.53520965576172
2020-04-13,25.354827880859375
2020-04-14,26.292829513549805
2020-04-15,25.953706741333008
2020-04-16,25.888761520385742
2020-04-17,26.631948471069336
2020-04-20,26.033071517944336
2020-04-21,25.7011661529541
2020-04-22,26.155731201171875
2020-04-23,26.473215103149414
2020-04-24,26.9710750579834
2020-04-27,27.656536102294922
2020-04-28,27.353485107421875
2020-04-29,27.505006790161133
2020-04-30,27.678176879882812
2020-05-01,27.158662796020508
2020-05-04,27.144245147705078
2020-05-05,27.786413192749023
2020-05-06,27.786413192749023
2020-05-07,26.933795928955078
2020-05-08,27.12326431274414
2020-05-11,27.764545440673828
2020-05-12,27.225282669067383
2020-05-13,26.9993839263916
2020-05-14,27.63337516784668
2020-05-15,27.516773223876953
2020-05-18,27.7426815032959
2020-05-19,27.458478927612305
2020-05-20,27.422042846679688
2020-05-21,27.15241241455078
2020-05-22,27.32731056213379
2020-05-26,27.32002067565918
2020-05-27,27.261722564697266
2020-05-28,27.82284164428711
2020-05-29,27.83013343811035
2020-06-01,25.8407039642334
2020-06-02,26.350814819335938
2020-06-03,26.350814819335938
2020-06-04,26.24151039123535
2020-06-05,26.2269287109375
2020-06-08,26.664169311523438
2020-06-09,26.387248992919922
2020-06-10,26.175914764404297
2020-06-11,24.266651153564453
2020-06-12,24.59457778930664
2020-06-15,24.31037139892578
2020-06-16,24.339523315429688
2020-06-17,24.456119537353516
2020-06-18,24.222923278808594
2020-06-19,24.35409927368164
2020-06-22,24.128192901611328
2020-06-23,23.88042449951172
2020-06-24,23.457763671875
2020-06-25,23.55249786376953
2020-06-26,23.348453521728516
2020-06-29,23.78569221496582
2020-06-30,23.82941436767578
2020-07-01,24.587289810180664
2020-07-02,25.14841079711914
2020-07-06,25.14841079711914
2020-07-07,24.798622131347656
2020-07-08,24.59457778930664
2020-07-09,24.38324546813965
2020-07-10,24.652873992919922
2020-07-13,25.658523559570312
2020-07-14,25.673093795776367
2020-07-15,26.03017234802246
2020-07-16,25.94272804260254
2020-07-17,26.416397094726562
2020-07-20,26.59857749938965
2020-07-21,26.737041473388672
2020-07-22,28.09975814819336
2020-07-23,27.99045181274414
2020-07-24,27.44390296936035
2020-07-27,27.35645866394043
2020-07-28,28.434974670410156
2020-07-29,28.609874725341797
2020-07-30,28.506855010986328
2020-07-31,28.315526962280273
2020-08-03,28.21987533569336
2020-08-04,28.249305725097656
2020-08-05,28.29345703125
2020-08-06,28.16100311279297
2020-08-07,28.29345703125
2020-08-10,28.249305725097656
2020-08-11,27.807788848876953
2020-08-12,28.205158233642578
2020-08-13,28.087413787841797
2020-08-14,28.006473541259766
2020-08-17,28.21987533569336
2020-08-18,28.22722816467285
2020-08-19,28.153640747070312
2020-08-20,28.492137908935547
2020-08-21,28.609874725341797
2020-08-24,28.58043098449707
2020-08-25,28.264020919799805
2020-08-26,27.99911880493164
2020-08-27,27.859304428100586
2020-08-28,27.896093368530273
2020-08-31,27.807788848876953
2020-09-01,27.13817024230957
2020-09-02,27.373641967773438
2020-09-03,26.784957885742188
2020-09-04,26.75553321838379
2020-09-08,26.43910789489746
2020-09-09,26.623075485229492
2020-09-10,26.233074188232422
2020-09-11,26.542131423950195
2020-09-14,27.233827590942383
2020-09-15,27.197038650512695
2020-09-16,27.064584732055664
2020-09-17,27.09402084350586
2020-09-18,26.954212188720703
2020-09-21,26.505334854125977
2020-09-22,26.674579620361328
2020-09-23,26.490619659423828
2020-09-24,26.314014434814453
2020-09-25,26.527416229248047
2020-09-28,26.777599334716797
2020-09-29,26.615711212158203
2020-09-30,27.00571632385254
2020-10-01,26.762887954711914
2020-10-02,26.77024269104004
2020-10-05,27.042509078979492
2020-10-06,26.615711212158203
2020-10-07,26.836471557617188
2020-10-08,27.145530700683594
2020-10-09,27.07193946838379
2020-10-12,27.09402084350586
2020-10-13,27.15288543701172
2020-10-14,27.123451232910156
2020-10-15,26.89533233642578
2020-10-16,27.925527572631836
2020-10-19,27.81515121459961
2020-10-20,27.587039947509766
2020-10-21,27.285337448120117
2020-10-22,27.542884826660156
2020-10-23,28.09477424621582
2020-10-26,27.90345573425293
2020-10-27,27.542884826660156
2020-10-28,26.085905075073242
2020-10-29,25.96080780029297
2020-10-30,26.10797691345215
2020-11-02,26.659868240356445
2020-11-03,26.630428314208984
2020-11-04,27.469303131103516
2020-11-05,27.052989959716797
2020-11-06,27.060420989990234
2020-11-09,29.141998291015625
2020-11-10,28.755414962768555
2020-11-11,28.621601104736328
2020-11-12,27.91534996032715
2020-11-13,28.710811614990234
2020-11-16,27.751798629760742
2020-11-17,28.239601135253906
2020-11-18,28.45899772644043
2020-11-19,28.357135772705078
2020-11-20,28.756750106811523
2020-11-23,28.615718841552734
2020-11-24,28.678396224975586
2020-11-25,28.623544692993164
2020-11-27,29.172042846679688
2020-11-30,30.018285751342773
2020-12-01,30.880203247070312
2020-12-02,31.969364166259766
2020-12-03,31.41303253173828
2020-12-04,31.608922958374023
2020-12-07,32.32196807861328
2020-12-08,33.34843444824219
2020-12-09,32.79209899902344
2020-12-10,32.69806671142578
2020-12-11,32.22010803222656
2020-12-14,30.72349739074707
2020-12-15,30.331710815429688
2020-12-16,29.65001106262207
2020-12-17,29.79889678955078
2020-12-18,29.52464485168457
2020-12-21,29.28957748413086
2020-12-22,28.788089752197266
2020-12-23,29.336589813232422
2020-12-24,29.20339012145996
2020-12-28,28.85077476501465
2020-12-29,29.031005859375
2020-12-30,28.788089752197266
2020-12-31,28.84295082092285
2021-01-04,28.84295082092285
2021-01-05,29.140703201293945
2021-01-06,28.889955520629883
2021-01-07,29.038843154907227
2021-01-08,29.093687057495117
2021-01-11,29.59516716003418
2021-01-12,29.13286018371582
2021-01-13,28.882122039794922
2021-01-14,28.795928955078125
2021-01-15,28.756750106811523
2021-01-19,28.78026008605957
2021-01-20,28.60003662109375
2021-01-21,28.58437156677246
2021-01-22,28.63921546936035
2021-01-25,29.211217880249023
2021-01-26,29.234724044799805
2021-01-27,28.39631462097168
2021-01-28,28.404239654541016
2021-01-29,28.4359188079834
2021-02-01,28.356708526611328
2021-02-02,27.715118408203125
2021-02-03,27.5963134765625
2021-02-04,27.63591194152832
2021-02-05,27.659669876098633
2021-02-08,27.580469131469727
2021-02-09,27.699281692504883
2021-02-10,27.517101287841797
2021-02-11,27.271547317504883
2021-02-12,27.501262664794922
2021-02-16,27.477489471435547
2021-02-17,27.63591194152832
2021-02-18,27.37452507019043
2021-02-19,27.279464721679688
2021-02-22,27.136899948120117
2021-02-23,26.85966682434082
2021-02-24,26.732934951782227
2021-02-25,26.788381576538086
2021-02-26,26.52699089050293
2021-03-01,26.685405731201172
2021-03-02,26.542827606201172
2021-03-03,27.239871978759766
2021-03-04,27.089374542236328
2021-03-05,27.239871978759766
2021-03-08,27.208187103271484
2021-03-09,27.287395477294922
2021-03-10,27.6675968170166
2021-03-11,27.493335723876953
2021-03-12,27.675514221191406
2021-03-15,28.04779052734375
2021-03-16,28.380475997924805
2021-03-17,28.348785400390625
2021-03-18,28.332950592041016
2021-03-19,28.14284896850586
2021-03-22,28.5151309967041
2021-03-23,28.008197784423828
2021-03-24,28.206218719482422
2021-03-25,28.253738403320312
2021-03-26,28.713151931762695
2021-03-29,29.006221771240234
2021-03-30,28.602252960205078
2021-03-31,28.697311401367188
2021-04-01,28.752758026123047
2021-04-05,28.736907958984375
2021-04-06,28.55472755432129
2021-04-07,28.443845748901367
2021-04-08,28.483442306518555
2021-04-09,28.99037742614746
2021-04-12,29.283456802368164
2021-04-13,29.43394660949707
2021-04-14,29.441875457763672
2021-04-15,29.782466888427734
2021-04-16,30.55078887939453
2021-04-19,30.835941314697266
2021-04-20,30.915145874023438
2021-04-21,31.311201095581055
2021-04-22,30.606231689453125
2021-04-23,30.62208366394043
2021-04-26,30.637928009033203
2021-04-27,30.455751419067383
2021-04-28,30.740894317626953
2021-04-29,30.574552536010742
2021-04-30,30.614154815673828
2021-05-03,31.548818588256836
2021-05-04,31.643869400024414
2021-05-05,31.659719467163086
2021-05-06,31.34775161743164
2021-05-07,31.659719467163086
2021-05-10,31.883684158325195
2021-05-11,31.475736618041992
2021-05-12,31.74770164489746
2021-05-13,32.075653076171875
2021-05-14,32.01167297363281
2021-05-17,32.08366012573242
2021-05-18,32.03565979003906
2021-05-19,31.859683990478516
2021-05-20,32.091651916503906
2021-05-21,31.955677032470703
2021-05-24,31.843692779541016
2021-05-25,31.45974349975586
2021-05-26,31.13178253173828
2021-05-27,30.91581153869629
2021-05-28,30.97980308532715
2021-06-01,30.795833587646484
2021-06-02,31.027809143066406
2021-06-03,31.17177963256836
2021-06-04,31.315763473510742
2021-06-07,31.187786102294922
2021-06-08,31.07579231262207
2021-06-09,31.843692779541016
2021-06-10,32.53959274291992
2021-06-11,32.11566162109375
2021-06-14,31.699710845947266
2021-06-15,31.667709350585938
2021-06-16,31.435745239257812
2021-06-17,31.579721450805664
2021-06-18,31.043800354003906
2021-06-21,31.531726837158203
2021-06-22,31.68370819091797
2021-06-23,31.23577308654785
2021-06-24,31.34775161743164
2021-06-25,31.179780960083008
2021-06-28,31.291757583618164
2021-06-29,31.2757625579834
2021-06-30,31.323762893676758
2021-07-01,31.643712997436523
2021-07-02,31.77969741821289
2021-07-06,31.4277400970459
2021-07-07,31.475736618041992
2021-07-08,31.395753860473633
2021-07-09,31.68370819091797
2021-07-12,31.803695678710938
2021-07-13,31.715709686279297
2021-07-14,31.955677032470703
2021-07-15,32.067665100097656
2021-07-16,32.2756233215332
2021-07-19,32.11566162109375
2021-07-20,32.83555603027344
2021-07-21,32.81155776977539
2021-07-22,33.171512603759766
2021-07-23,33.33948516845703
2021-07-26,33.44347381591797
2021-07-27,33.675437927246094
2021-07-28,34.75529479980469
2021-07-29,34.53737258911133
2021-07-30,34.55351638793945
2021-08-02,35.48171615600586
2021-08-03,36.8699951171875
2021-08-04,36.4744987487793
2021-08-05,36.369571685791016
2021-08-06,36.37764358520508
2021-08-09,37.11212921142578
2021-08-10,38.89590072631836
2021-08-11,37.37849044799805
2021-08-12,38.12913513183594
2021-08-13,39.129974365234375
2021-08-16,39.47705078125
2021-08-17,40.69581985473633
2021-08-18,39.799896240234375
2021-08-19,39.38825607299805
2021-08-20,39.32369613647461
2021-08-23,40.30031967163086
2021-08-24,39.04926300048828
2021-08-25,38.34705352783203
2021-08-26,38.242122650146484
2021-08-27,37.61255645751953
2021-08-30,37.741703033447266
2021-08-31,37.184776306152344
2021-09-01,37.16056442260742
2021-09-02,37.806270599365234
2021-09-03,37.806270599365234
2021-09-07,37.7336311340332
2021-09-08,37.53990936279297
2021-09-09,37.15248489379883
2021-09-10,36.79735565185547
2021-09-13,35.98214340209961
2021-09-14,36.08706283569336
2021-09-15,36.135501861572266
2021-09-16,35.893348693847656
2021-09-17,35.42522048950195
2021-09-20,35.67543029785156
2021-09-21,35.449432373046875
2021-09-22,35.47365188598633
2021-09-23,35.66736602783203
2021-09-24,35.465572357177734
2021-09-27,35.16693878173828
2021-09-28,34.73915481567383
2021-09-29,35.13465881347656
2021-09-30,34.714942932128906
2021-10-01,34.65037155151367
2021-10-04,34.23871994018555
2021-10-05,34.15802001953125
2021-10-06,33.91587829589844
2021-10-07,34.49701690673828
2021-10-08,34.26294708251953
2021-10-11,33.948158264160156
2021-10-12,33.778663635253906
2021-10-13,33.43159484863281
2021-10-14,33.63336944580078
2021-10-15,33.48808670043945
2021-10-18,33.35087966918945
2021-10-19,33.972373962402344
2021-10-20,34.545440673828125
2021-10-21,34.593868255615234
2021-10-22,34.83600616455078
2021-10-25,34.82793426513672
2021-10-26,35.15886688232422
2021-10-27,34.682655334472656
2021-10-28,34.85215377807617
2021-10-29,35.30415725708008
2021-11-01,35.22343826293945
2021-11-02,36.68434524536133
2021-11-03,36.175865173339844
2021-11-04,35.70360565185547
2021-11-05,39.57930374145508
2021-11-08,39.351318359375
2021-11-09,38.51267623901367
2021-11-10,39.91313171386719
2021-11-11,40.85763168334961
2021-11-12,40.491233825683594
2021-11-15,40.426090240478516
2021-11-16,40.38538360595703
2021-11-17,41.4194450378418
2021-11-18,41.85912322998047
2021-11-19,41.36245346069336
2021-11-22,41.688133239746094
2021-11-23,41.59043502807617
2021-11-24,41.435726165771484
2021-11-26,43.96795654296875
2021-11-29,42.66520309448242
2021-11-30,43.74811553955078
2021-12-01,44.52163314819336
2021-12-02,43.18629837036133
2021-12-03,44.187801361083984
2021-12-06,41.91611099243164
2021-12-07,42.111534118652344
2021-12-08,41.85098648071289
2021-12-09,42.40465545654297
2021-12-10,42.97460174560547
2021-12-13,44.94501876831055
2021-12-14,45.22185516357422
2021-12-15,47.876216888427734
2021-12-16,49.87105178833008
2021-12-17,48.42988967895508
2021-12-20,49.68378448486328
2021-12-21,47.99835968017578
2021-12-22,48.48688507080078
2021-12-23,47.80293655395508
2021-12-27,48.20191192626953
2021-12-28,47.23297882080078
2021-12-29,46.88287353515625
2021-12-30,47.5505256652832
2021-12-31,48.07976531982422
2022-01-03,46.12563705444336
2022-01-04,44.39948654174805
2022-01-05,45.295135498046875
2022-01-06,44.65189743041992
2022-01-07,45.3684196472168
2022-01-10,45.791805267333984
2022-01-11,46.15821075439453
2022-01-12,46.12563705444336
2022-01-13,45.22185516357422
2022-01-14,44.74146270751953
2022-01-18,44.057518005371094
2022-01-19,43.593414306640625
2022-01-20,44.0086669921875
2022-01-21,42.982749938964844
2022-01-24,41.9649658203125
2022-01-25,42.77919387817383
2022-01-26,43.16187286376953
2022-01-27,43.7853889465332
2022-01-28,44.5729866027832
2022-01-31,43.227508544921875
2022-02-01,43.53926467895508
2022-02-02,44.1873893737793
2022-02-03,43.79359436035156
2022-02-04,43.48183822631836
2022-02-07,43.65412902832031
2022-02-08,42.4152946472168
2022-02-09,42.22660446166992
2022-02-10,41.512847900390625
2022-02-11,41.660518646240234
2022-02-14,40.85652160644531
2022-02-15,40.84831237792969
2022-02-16,40.75807189941406
2022-02-17,40.11814498901367
2022-02-18,39.814598083496094
2022-02-22,38.99418258666992
2022-02-23,38.45270919799805
2022-02-24,37.70614242553711
2022-02-25,39.150062561035156
2022-02-28,38.51013946533203
2022-03-01,37.53384780883789
2022-03-02,39.13364791870117
2022-03-03,39.24031066894531
2022-03-04,39.91304397583008
2022-03-07,39.36336898803711
2022-03-08,38.920345306396484
2022-03-09,39.99509048461914
2022-03-10,40.36427307128906
2022-03-11,41.24211120605469
2022-03-14,42.86653137207031
2022-03-15,42.833709716796875
2022-03-16,43.416202545166016
2022-03-17,44.4991455078125
2022-03-18,44.72066116333008
2022-03-21,44.4581298828125
2022-03-22,43.5146598815918
2022-03-23,42.817298889160156
2022-03-24,43.14546203613281
2022-03-25,43.30134963989258
2022-03-28,43.711551666259766
2022-03-29,43.26852798461914
2022-03-30,43.02240753173828
2022-03-31,42.47272491455078
2022-04-01,42.30864334106445
2022-04-04,41.791786193847656
2022-04-05,42.03791427612305
2022-04-06,43.37518310546875
2022-04-07,45.253929138183594
2022-04-08,45.262123107910156
2022-04-11,44.24481964111328
2022-04-12,43.572078704833984
2022-04-13,43.56387710571289
2022-04-14,43.58028030395508
2022-04-18,42.530155181884766
2022-04-19,41.16828536987305
2022-04-20,40.81549835205078
2022-04-21,40.29043197631836
2022-04-22,39.48643112182617
2022-04-25,40.15916061401367
2022-04-26,40.22480010986328
2022-04-27,40.80729675292969
2022-04-28,41.439002990722656
2022-04-29,40.25761795043945
2022-05-02,39.65871810913086
2022-05-03,40.438106536865234
2022-05-04,40.74166488647461
2022-05-05,39.74896240234375
2022-05-06,40.23300552368164
2022-05-09,39.90483474731445
2022-05-10,40.60218811035156
2022-05-11,40.56937026977539
2022-05-12,41.67768478393555
2022-05-13,41.2889518737793
2022-05-16,41.909278869628906
2022-05-17,42.463443756103516
2022-05-18,41.68596267700195
2022-05-19,41.892738342285156
2022-05-20,43.39806365966797
2022-05-23,43.73717498779297
2022-05-24,44.175540924072266
2022-05-25,44.42367172241211
2022-05-26,44.6552619934082
2022-05-27,44.589088439941406
2022-05-31,43.8695182800293
2022-06-01,43.31535720825195
2022-06-02,43.57175827026367
2022-06-03,44.001853942871094
2022-06-06,44.05147933959961
2022-06-07,44.63044357299805
2022-06-08,44.22516632080078
2022-06-09,42.827369689941406
2022-06-10,41.33030319213867
2022-06-13,39.62648010253906
2022-06-14,39.634742736816406
2022-06-15,40.12273406982422
2022-06-16,39.270816802978516
2022-06-17,38.485076904296875
2022-06-21,39.79189682006836
2022-06-22,40.58591842651367
2022-06-23,41.429561614990234
2022-06-24,42.67021942138672
2022-06-27,42.91007995605469
2022-06-28,41.90102005004883
2022-06-29,42.13259506225586
2022-06-30,43.3649787902832
2022-07-01,43.2657356262207
2022-07-05,42.71157455444336
2022-07-06,43.62965774536133
2022-07-07,44.183815002441406
2022-07-08,43.9770393371582
2022-07-11,43.745445251464844
2022-07-12,43.04240798950195
2022-07-13,42.835636138916016
2022-07-14,42.504798889160156
2022-07-15,42.80255126953125
2022-07-18,41.975440979003906
2022-07-19,42.48825454711914
2022-07-20,42.03334426879883
2022-07-21,42.281471252441406
2022-07-22,42.372459411621094
2022-07-25,42.819091796875
2022-07-26,43.2574577331543
2022-07-27,42.96797180175781
2022-07-28,42.276153564453125
2022-07-29,42.101104736328125
2022-08-01,42.18446350097656
2022-08-02,41.41762161254883
2022-08-03,41.55931854248047
2022-08-04,41.55931854248047
2022-08-05,41.06754684448242
2022-08-08,41.31760025024414
2022-08-09,41.492637634277344
2022-08-10,41.63433837890625
2022-08-11,40.250701904296875
2022-08-12,41.7677116394043
2022-08-15,41.46763610839844
2022-08-16,41.55931854248047
2022-08-17,41.06754684448242
2022-08-18,40.4924201965332
2022-08-19,40.96752166748047
2022-08-22,40.75914001464844
2022-08-23,40.017311096191406
2022-08-24,39.533870697021484
2022-08-25,39.925628662109375
2022-08-26,39.025421142578125
2022-08-29,38.53364944458008
2022-08-30,38.21690368652344
2022-08-31,37.70012664794922
2022-09-01,38.8670539855957
2022-09-02,38.091880798339844
2022-09-06,38.14189529418945
2022-09-07,38.450294494628906
2022-09-08,39.24213409423828
2022-09-09,39.87561798095703
2022-09-12,39.80892562866211
2022-09-13,38.500301361083984
2022-09-14,38.46696472167969
2022-09-15,38.29192352294922
2022-09-16,38.366939544677734
2022-09-19,37.87516403198242
2022-09-20,37.31671142578125
2022-09-21,36.60821533203125
2022-09-22,37.14999771118164
2022-09-23,36.7415771484375
2022-09-26,36.5331916809082
2022-09-27,36.74991226196289
2022-09-28,37.0333137512207
2022-09-29,36.808258056640625
2022-09-30,36.47484588623047
2022-10-03,36.791587829589844
2022-10-04,37.058311462402344
2022-10-05,36.7749137878418
2022-10-06,35.916385650634766
2022-10-07,35.27457809448242
2022-10-10,34.79947280883789
2022-10-11,34.9411735534668
2022-10-12,35.032859802246094
2022-10-13,35.824703216552734
2022-10-14,35.72467803955078
2022-10-17,36.38315963745117
2022-10-18,36.74991226196289
2022-10-19,35.933067321777344
2022-10-20,35.766353607177734
2022-10-21,37.46674346923828
2022-10-24,37.9585075378418
2022-10-25,38.00019073486328
2022-10-26,38.39194107055664
2022-10-27,38.125221252441406
2022-10-28,39.533870697021484
2022-10-31,38.800376892089844
2022-11-01,40.017311096191406
2022-11-02,39.23379898071289
2022-11-03,39.14973831176758
2022-11-04,39.6961669921875
2022-11-07,39.586875915527344
2022-11-08,39.80545425415039
2022-11-09,39.27583312988281
2022-11-10,39.8306770324707
2022-11-11,40.015621185302734
2022-11-14,41.394309997558594
2022-11-15,40.83106231689453
2022-11-16,40.393917083740234
2022-11-17,40.62929916381836
2022-11-18,40.54523849487305
2022-11-21,40.503196716308594
2022-11-22,41.259803771972656
2022-11-23,41.06644821166992
2022-11-25,41.369083404541016
2022-11-28,41.67173385620117
2022-11-29,41.60447692871094
2022-11-30,42.14249801635742
2022-12-01,42.941131591796875
2022-12-02,42.79821014404297
2022-12-05,42.64689636230469
2022-12-06,41.7894172668457
2022-12-07,42.2349739074707
2022-12-08,43.52958679199219
2022-12-09,43.47915267944336
2022-12-12,43.84904861450195
2022-12-13,44.61404800415039
2022-12-14,45.79938888549805
2022-12-15,45.06801223754883
2022-12-16,43.210147857666016
2022-12-19,43.176517486572266
2022-12-20,43.14289093017578
2022-12-21,43.428714752197266
2022-12-22,43.411903381347656
2022-12-23,43.57162857055664
2022-12-27,42.98316192626953
2022-12-28,42.70573806762695
2022-12-29,43.15129852294922
2022-12-30,43.07564163208008
2023-01-03,43.09244918823242
2023-01-04,42.14249801635742
2023-01-05,41.74739074707031
2023-01-06,42.806617736816406
2023-01-09,40.67974090576172
2023-01-10,40.03243637084961
2023-01-11,39.88951873779297
2023-01-12,40.10809326171875
2023-01-13,40.22578048706055
2023-01-17,38.73781204223633
2023-01-18,37.82988739013672
2023-01-19,37.79625701904297
2023-01-20,37.92235565185547
2023-01-23,37.813079833984375
2023-01-24,37.58609390258789
2023-01-25,37.88874053955078
2023-01-26,37.54090118408203
2023-01-27,37.15064239501953
2023-01-30,36.94703674316406
2023-01-31,37.46454620361328
2023-02-01,37.3033561706543
2023-02-02,37.61725616455078
2023-02-03,37.37971115112305
2023-02-06,37.125186920166016
2023-02-07,36.98096466064453
2023-02-08,37.31184005737305
2023-02-09,36.76887130737305
2023-02-10,37.22700500488281
2023-02-13,37.32032012939453
2023-02-14,37.09126281738281
2023-02-15,36.75190734863281
2023-02-16,36.43800735473633
2023-02-17,36.65858840942383
2023-02-21,36.22590637207031
2023-02-22,35.95442581176758
2023-02-23,35.88656234741211
2023-02-24,35.419952392578125
2023-02-27,34.597015380859375
2023-02-28,34.418861389160156
2023-03-01,34.087989807128906
2023-03-02,34.46127700805664
2023-03-03,34.91091537475586
2023-03-06,34.876983642578125
2023-03-07,34.22373580932617
2023-03-08,34.03708267211914
2023-03-09,33.47715759277344
2023-03-10,33.41775894165039
2023-03-13,33.816505432128906
2023-03-14,33.850440979003906
2023-03-15,34.17282485961914
2023-03-16,34.24917984008789
2023-03-17,34.020118713378906
2023-03-20,34.622467041015625
2023-03-21,34.49521255493164
2023-03-22,33.94375991821289
2023-03-23,34.087989807128906
2023-03-24,34.266151428222656
2023-03-27,34.12192916870117
2023-03-28,33.926795959472656
2023-03-29,34.14737319946289
2023-03-30,34.25766372680664
2023-03-31,34.61398696899414
2023-04-03,35.080589294433594
2023-04-04,34.69882583618164
2023-04-05,35.250274658203125
2023-04-06,35.20785140991211
2023-04-10,35.40298080444336
2023-04-11,35.45387649536133
2023-04-12,35.09756088256836
2023-04-13,35.182395935058594
2023-04-14,34.944854736328125
2023-04-17,34.93635940551758
2023-04-18,34.40188217163086
2023-04-19,34.13888931274414
2023-04-20,33.808021545410156
2023-04-21,34.113441467285156
2023-04-24,33.85892105102539
2023-04-25,33.36686706542969
2023-04-26,32.77299499511719
2023-04-27,32.8663215637207
2023-04-28,32.99357604980469
2023-05-01,33.265052795410156
2023-05-02,33.137794494628906
2023-05-03,32.62028884887695
2023-05-04,32.43364715576172
2023-05-05,32.65422058105469
2023-05-08,32.80693435668945
2023-05-09,32.64573287963867
2023-05-10,32.49302673339844
2023-05-11,32.2271842956543
2023-05-12,32.02994918823242
2023-05-15,31.867006301879883
2023-05-16,31.738378524780273
2023-05-17,31.515405654907227
2023-05-18,31.283864974975586
2023-05-19,31.532556533813477
2023-05-22,33.230533599853516
2023-05-23,33.99375915527344
2023-05-24,33.12762451171875
2023-05-25,32.44157409667969
2023-05-26,32.24433517456055
2023-05-30,31.738378524780273
2023-05-31,32.60451126098633
2023-06-01,32.60451126098633
2023-06-02,32.896087646484375
2023-06-05,33.144775390625
2023-06-06,32.9046630859375
2023-06-07,33.350589752197266
2023-06-08,33.52210235595703
2023-06-09,33.419193267822266
2023-06-12,34.21672439575195
2023-06-13,34.5426025390625
2023-06-14,33.75364303588867
2023-06-15,34.08808898925781
2023-06-16,34.353939056396484
2023-06-20,33.73649215698242
2023-06-21,33.359169006347656
2023-06-22,33.21337890625
2023-06-23,32.84463119506836
2023-06-26,31.63546371459961
2023-06-27,31.23241424560547
2023-06-28,31.120927810668945
2023-06-29,30.97514533996582
2023-06-30,31.455379486083984
2023-07-03,31.42964744567871
2023-07-05,31.2667179107666
2023-07-06,30.5549373626709
2023-07-07,30.46918296813965
2023-07-10,30.59781837463379
2023-07-11,30.889387130737305
2023-07-12,30.863666534423828
2023-07-13,30.92369270324707
2023-07-14,31.146656036376953
2023-07-17,30.752174377441406
2023-07-18,31.078054428100586
2023-07-19,31.249570846557617
2023-07-20,31.532556533813477
2023-07-21,32.072818756103516
2023-07-24,32.16715621948242
2023-07-25,31.78125
2023-07-26,31.90988540649414
2023-07-27,31.389617919921875
2023-07-28,31.276893615722656
2023-07-31,31.26822280883789
2023-08-01,30.878015518188477
2023-08-02,30.652570724487305
2023-08-03,30.349071502685547
2023-08-04,30.366418838500977
2023-08-07,30.9387149810791
2023-08-08,30.904033660888672
2023-08-09,31.077455520629883
2023-08-10,30.97339630126953
2023-08-11,31.25087547302246
2023-08-14,31.276893615722656
2023-08-15,30.687253952026367
2023-08-16,30.76529312133789
2023-08-17,31.65842056274414
2023-08-18,31.78848648071289
2023-08-21,32.091983795166016
2023-08-22,31.94456672668457
2023-08-23,31.78848648071289
2023-08-24,31.35492706298828
2023-08-25,31.545700073242188
2023-08-28,31.39828109741211
2023-08-29,31.34626007080078
2023-08-30,31.129478454589844
2023-08-31,30.67858123779297
2023-09-01,31.025423049926758
2023-09-05,30.67858123779297
2023-09-06,29.80278778076172
2023-09-07,29.72475242614746
2023-09-08,29.6987361907959
2023-09-11,29.429931640625
2023-09-12,29.612028121948242
2023-09-13,29.55133056640625
2023-09-14,29.612028121948242
2023-09-15,29.542654037475586
2023-09-18,29.169797897338867
2023-09-19,29.473289489746094
2023-09-20,29.152456283569336
2023-09-21,28.48477554321289
2023-09-22,28.34603500366211
2023-09-25,28.59749984741211
2023-09-26,28.094572067260742
2023-09-27,27.83443832397461
2023-09-28,27.825767517089844
2023-09-29,28.762252807617188
2023-10-02,29.429931640625
2023-10-03,29.39525032043457
2023-10-04,28.883647918701172
2023-10-05,29.022388458251953
2023-10-06,28.727567672729492
2023-10-09,28.788267135620117
2023-10-10,28.762252807617188
2023-10-11,28.710229873657227
2023-10-12,28.545475006103516
2023-10-13,27.843111038208008
2023-10-16,28.848966598510742
2023-10-17,28.39806365966797
2023-10-18,27.236129760742188
2023-10-19,27.04536247253418
2023-10-20,26.57712173461914
2023-10-23,26.741872787475586
2023-10-24,26.386350631713867
2023-10-25,26.6464900970459
2023-10-26,27.019350051879883
2023-10-27,26.108877182006836
2023-10-30,26.49040412902832
2023-10-31,26.49907684326172
2023-11-01,26.45572280883789
2023-11-02,26.447053909301758
2023-11-03,27.106060028076172
2023-11-06,27.036693572998047
2023-11-07,27.097389221191406
2023-11-08,26.724529266357422
2023-11-09,26.082998275756836
2023-11-10,25.90723991394043
2023-11-13,25.467832565307617
2023-11-14,25.713899612426758
2023-11-15,26.531190872192383
2023-11-16,26.162090301513672
2023-11-17,26.293914794921875
2023-11-20,26.34663963317871
2023-11-21,26.62786102294922
2023-11-22,26.645437240600586
2023-11-24,26.803621292114258
2023-11-27,26.487253189086914
2023-11-28,26.09178924560547
2023-11-29,26.434524536132812
2023-11-30,26.777257919311523
2023-12-01,25.40631675720215
2023-12-04,25.731475830078125
2023-12-05,25.564504623413086
2023-12-06,25.300859451293945
2023-12-07,25.16025161743164
2023-12-08,25.292072296142578
2023-12-11,25.16904067993164
2023-12-12,25.116313934326172
2023-12-13,23.429000854492188
2023-12-14,22.963232040405273
2023-12-15,23.402637481689453
2023-12-18,23.78052520751953
2023-12-19,24.74721336364746
2023-12-20,24.281442642211914
2023-12-21,24.87903594970703
2023-12-22,24.9581241607666
2023-12-26,24.966915130615234
2023-12-27,25.142677307128906
2023-12-28,25.300859451293945
2023-12-29,25.300859451293945
2024-01-02,26.126941680908203
2024-01-03,26.126941680908203
2024-01-04,25.564504623413086
2024-01-05,25.898448944091797
2024-01-08,25.9951171875
2024-01-09,25.83693504333496
2024-01-10,25.476621627807617
2024-01-11,24.9581241607666
2024-01-12,25.221771240234375
2024-01-16,24.887821197509766
2024-01-17,24.73842430114746
2024-01-18,24.685697555541992
2024-01-19,24.852670669555664
2024-01-22,24.87903594970703
2024-01-23,24.98448944091797
2024-01-24,24.896608352661133
2024-01-25,24.504114151000977
2024-01-26,24.504114151000977
2024-01-29,24.51303482055664
2024-01-30,24.10270118713379
2024-01-31,24.15622329711914
2024-02-01,24.343551635742188
2024-02-02,24.02242088317871
2024-02-05,23.7012882232666
2024-02-06,24.530879974365234
2024-02-07,24.58439826965332
2024-02-08,24.593318939208984
2024-02-09,24.58439826965332
2024-02-12,24.673601150512695
2024-02-13,24.0580997467041
2024-02-14,24.1829833984375
2024-02-15,24.5398006439209
2024-02-16,24.637924194335938
2024-02-20,24.611160278320312
2024-02-21,24.682523727416992
2024-02-22,24.575477600097656
2024-02-23,24.762807846069336
2024-02-26,24.24542808532715
2024-02-27,23.986736297607422
2024-02-28,24.12054443359375
2024-02-29,23.692365646362305
2024-03-01,23.719127655029297
2024-03-04,23.094703674316406
2024-03-05,23.264192581176758
2024-03-06,24.254348754882812
2024-03-07,23.89753532409668
2024-03-08,24.28110694885254
2024-03-11,25.30694580078125
2024-03-12,24.985811233520508
2024-03-13,25.173139572143555
2024-03-14,25.092853546142578
2024-03-15,24.923372268676758
2024-03-18,24.727123260498047
2024-03-19,24.646841049194336
2024-03-20,24.70928382873535
2024-03-21,24.673601150512695
2024-03-22,24.40599250793457
2024-03-25,24.468435287475586
2024-03-26,24.611160278320312
2024-03-27,24.7806453704834
2024-03-28,24.753887176513672
2024-04-01,24.727123260498047
2024-04-02,24.575477600097656
2024-04-03,24.28110694885254
2024-04-04,23.77264976501465
2024-04-05,23.78156852722168
2024-04-08,23.710206985473633
2024-04-09,23.888612747192383
2024-04-10,23.47827911376953
2024-04-11,23.496118545532227
2024-04-12,23.067943572998047
2024-04-15,23.112545013427734
2024-04-16,22.91629981994629
2024-04-17,22.675451278686523
2024-04-18,22.64868927001953
2024-04-19,23.192829132080078
2024-04-22,23.42475700378418
2024-04-23,23.47827911376953
2024-04-24,23.433679580688477
2024-04-25,22.532724380493164
2024-04-26,22.657608032226562
2024-04-29,22.871694564819336
2024-04-30,22.853857040405273
2024-05-01,24.24542808532715
2024-05-02,24.70928382873535
2024-05-03,24.80740737915039
2024-05-06,25.119617462158203
2024-05-07,24.771726608276367
2024-05-08,25.217741012573242
2024-05-09,25.516551971435547
2024-05-10,25.36261749267578
2024-05-13,25.751977920532227
2024-05-14,25.69764518737793
2024-05-15,26.09606170654297
2024-05-16,26.186609268188477
2024-05-17,25.933073043823242
2024-05-20,25.833471298217773
2024-05-21,25.860633850097656
2024-05-22,26.80234146118164
2024-05-23,25.978347778320312
2024-05-24,26.150388717651367
2024-05-28,25.62520980834961
2024-05-29,25.190574645996094
2024-05-30,25.5346622467041
2024-05-31,25.951183319091797
2024-06-03,26.539751052856445
2024-06-04,26.70273780822754
2024-06-05,26.757062911987305
2024-06-06,26.07794952392578
2024-06-07,25.878746032714844
2024-06-10,25.416948318481445
2024-06-11,25.380727767944336
2024-06-12,25.045698165893555
2024-06-13,25.036643981933594
2024-06-14,24.927988052368164
2024-06-17,24.429969787597656
2024-06-18,24.81932830810547
2024-06-20,25.11813735961914
2024-06-21,25.11813735961914
2024-06-24,25.67953872680664
2024-06-25,25.34450912475586
2024-06-26,24.828384399414062
2024-06-27,25.17246437072754
2024-06-28,25.3354549407959
2024-07-01,25.552770614624023
2024-07-02,25.199630737304688
2024-07-03,25.08191680908203
2024-07-05,25.398836135864258
2024-07-08,25.290178298950195
2024-07-09,25.100027084350586
2024-07-10,25.67048454284668
2024-07-11,25.951183319091797
2024-07-12,26.186609268188477
2024-07-15,26.34959602355957
2024-07-16,26.711793899536133
2024-07-17,27.191699981689453
2024-07-18,26.901945114135742
2024-07-19,27.13736915588379
2024-07-22,26.80234146118164
2024-07-23,26.711793899536133
2024-07-24,27.14642333984375
2024-07-25,27.32752227783203
2024-07-26,28.254966735839844
2024-07-29,28.20905303955078
2024-07-30,28.824289321899414
2024-07-31,28.043766021728516
2024-08-01,28.144773483276367
2024-08-02,27.94275665283203
2024-08-05,27.309154510498047
2024-08-06,26.92348289489746
2024-08-07,26.491901397705078
2024-08-08,26.409257888793945
2024-08-09,26.216421127319336
2024-08-12,26.124597549438477
2024-08-13,26.491901397705078
2024-08-14,26.519447326660156
2024-08-15,26.36334228515625
2024-08-16,25.98685646057129
2024-08-19,26.445985794067383
2024-08-20,26.53781509399414
2024-08-21,26.657190322875977
2024-08-22,26.427623748779297
2024-08-23,26.53781509399414
2024-08-26,26.55617904663086
2024-08-27,26.464353561401367
2024-08-28,26.400074005126953
2024-08-29,26.372526168823242
2024-08-30,26.638824462890625
2024-09-03,25.98685646057129
2024-09-04,26.06949806213379
2024-09-05,26.179691314697266
2024-09-06,26.225603103637695
2024-09-09,27.006128311157227
2024-09-10,27.309154510498047
2024-09-11,27.23569107055664
2024-09-12,26.776561737060547
2024-09-13,26.877573013305664
2024-09-16,27.6121826171875
2024-09-17,27.391799926757812
2024-09-18,27.31833839416504
2024-09-19,27.23569107055664
2024-09-20,27.01531219482422
2024-09-23,26.914302825927734
2024-09-24,27.088773727416992
2024-09-25,26.56536293029785
2024-09-26,26.602092742919922
2024-09-27,26.712284088134766
2024-09-30,26.57454490661621
2024-10-01,26.326614379882812
2024-10-02,26.271516799926758
2024-10-03,26.023584365844727
2024-10-04,26.24397087097168
2024-10-07,26.81329345703125
2024-10-08,26.7949275970459
2024-10-09,27.722373962402344
2024-10-10,26.941850662231445
2024-10-11,26.776561737060547
2024-10-14,26.703102111816406
2024-10-15,27.033676147460938
2024-10-16,27.244876861572266
2024-10-17,26.877573013305664
2024-10-18,26.83165740966797
2024-10-21,26.56536293029785
2024-10-22,26.482717514038086
2024-10-23,26.50108528137207
2024-10-24,26.29906463623047
2024-10-25,26.124597549438477
2024-10-28,26.50108528137207
2024-10-29,26.13377571105957
2024-10-30,26.188873291015625
2024-10-31,25.98685646057129
2024-11-01,25.794021606445312
2024-11-04,25.49099349975586
2024-11-05,25.702194213867188
2024-11-06,25.123689651489258
2024-11-07,25.215513229370117
2024-11-08,24.91710662841797
2024-11-11,24.469491958618164
2024-11-12,24.422868728637695
2024-11-13,24.91710662841797
2024-11-14,24.26433753967285
2024-11-15,23.12665367126465
2024-11-18,23.182607650756836
2024-11-19,23.406414031982422
2024-11-20,23.2572078704834
2024-11-21,23.43438720703125
2024-11-22,23.91930389404297
2024-11-25,24.404216766357422
2024-11-26,24.031206130981445
2024-11-27,24.087156295776367
2024-11-29,24.441516876220703
2024-12-02,24.07783317565918
2024-12-03,23.835372924804688
2024-12-04,23.527639389038086
2024-12-05,23.965930938720703
2024-12-06,23.99390411376953
2024-12-09,24.338937759399414
2024-12-10,23.84469985961914
2024-12-11,23.527639389038086
2024-12-12,23.6581974029541
2024-12-13,23.85402488708496
2024-12-16,23.54629135131836
2024-12-17,24.64667320251465
2024-12-18,24.143108367919922
2024-12-19,24.031206130981445
2024-12-20,24.581396102905273
2024-12-23,24.907779693603516
2024-12-24,24.93575668334961
2024-12-26,24.767900466918945
2024-12-27,24.823854446411133
2024-12-30,24.63735008239746
2024-12-31,24.739927291870117
2025-01-02,24.814529418945312
2025-01-03,24.79587745666504
2025-01-06,25.075634002685547
2025-01-07,25.299440383911133
2025-01-08,25.04766082763672
2025-01-10,24.91710662841797
2025-01-13,24.99170684814453
2025-01-14,24.628023147583008
2025-01-15,24.45083999633789
2025-01-16,24.702625274658203
2025-01-17,24.52544403076172
2025-01-21,24.842504501342773
2025-01-22,24.2550106048584
2025-01-23,24.65599822998047
2025-01-24,24.731834411621094
2025-01-27,25.461750030517578
2025-01-28,25.35747718811035
2025-01-29,25.23424530029297
2025-01-30,25.50914764404297
2025-01-31,25.139450073242188
2025-02-03,24.836109161376953
2025-02-04,24.52328872680664
2025-02-05,25.063613891601562
2025-02-06,24.485368728637695
2025-02-07,24.400053024291992
2025-02-10,24.52328872680664
2025-02-11,24.200986862182617
2025-02-12,24.144107818603516
2025-02-13,24.30525779724121
2025-02-14,24.200986862182617
2025-02-18,24.22942543029785
2025-02-19,24.542245864868164
2025-02-20,24.551725387573242
2025-02-21,24.9309024810791
2025-02-24,25.262683868408203
2025-02-25,25.34799575805664
2025-02-26,25.044654846191406
2025-02-27,24.741313934326172
2025-02-28,25.054134368896484
2025-03-03,24.88350486755371
2025-03-04,24.409534454345703
2025-03-05,24.589643478393555
2025-03-06,24.874025344848633
2025-03-07,25.338516235351562
2025-03-10,25.253202438354492
2025-03-11,24.63703727722168
2025-03-12,24.37161636352539
2025-03-13,24.26734161376953
2025-03-14,24.381093978881836
2025-03-17,24.69391441345215
2025-03-18,24.94038200378418
2025-03-19,24.8455867767334
2025-03-20,24.826629638671875
2025-03-21,24.911943435668945
2025-03-24,24.77923011779785
2025-03-25,24.21994400024414
2025-03-26,23.89764404296875
2025-03-27,23.708057403564453
2025-03-28,23.89764404296875
2025-03-31,24.020877838134766
2025-04-01,23.262523651123047
2025-04-02,23.414196014404297
2025-04-03,23.025537490844727
2025-04-04,21.77425193786621
2025-04-07,21.451950073242188
2025-04-08,20.70307731628418
2025-04-09,21.319238662719727
2025-04-10,20.46609115600586
2025-04-11,20.769432067871094
2025-04-14,20.9685001373291
2025-04-15,21.27184295654297
2025-04-16,20.89266586303711
2025-04-17,20.987457275390625
2025-04-21,20.89266586303711
2025-04-22,21.35715675354004
2025-04-23,21.224443435668945
2025-04-24,21.59414291381836
2025-04-25,21.72685432434082
2025-04-28,21.850086212158203
2025-04-29,22.551565170288086
2025-04-30,23.139291763305664
2025-05-01,22.68427848815918
2025-05-02,22.940221786499023
2025-05-05,22.62740135192871
2025-05-06,21.688934326171875
2025-05-07,21.60362434387207
2025-05-08,21.77425193786621
2025-05-09,21.52308464050293
2025-05-12,22.305566787719727
2025-05-13,22.093040466308594
2025-05-14,21.27191925048828
2025-05-15,21.83221435546875
2025-05-16,22.054399490356445
2025-05-19,22.218624114990234
2025-05-20,22.72096061706543
2025-05-21,22.257266998291016
2025-05-22,22.257266998291016
2025-05-23,22.527751922607422
2025-05-27,22.80790138244629
2025-05-28,22.39250946044922
2025-05-29,22.653337478637695
2025-05-30,22.691978454589844
2025-06-02,22.662996292114258
2025-06-03,22.55673599243164
2025-06-04,22.595375061035156
2025-06-05,22.334548950195312
2025-06-06,22.55673599243164
2025-06-09,23.155670166015625
2025-06-10,23.474458694458008
2025-06-11,23.648344039916992
2025-06-12,23.99611473083496
2025-06-13,23.706308364868164
2025-06-16,23.571062088012695
2025-06-17,23.18465232849121
2025-06-18,23.068727493286133
2025-06-20,23.155670166015625
2025-06-23,23.213632583618164
2025-06-24,23.484119415283203
2025-06-25,23.435819625854492
2025-06-26,23.4164981842041
2025-06-27,23.368196487426758
2025-06-30,23.4164981842041
2025-07-01,24.189321517944336
2025-07-02,24.459808349609375
2025-07-03,24.51776885986328
2025-07-07,24.382524490356445
2025-07-08,24.749616622924805
2025-07-09,24.691654205322266
2025-07-10,24.9041805267334
2025-07-11,24.778596878051758
2025-07-14,24.488788604736328
2025-07-15,23.773929595947266
2025-07-16,23.773929595947266
2025-07-17,23.74494743347168
2025-07-18,23.638683319091797
2025-07-21,23.435819625854492
2025-07-22,24.28592300415039
2025-07-23,24.498449325561523
2025-07-24,24.488788604736328
2025-07-25,24.361038208007812
2025-07-28,23.88934326171875
2025-07-29,23.8795166015625
2025-07-30,23.397994995117188
2025-07-31,22.886995315551758
2025-08-01,23.083532333374023
2025-08-04,23.122840881347656
2025-08-05,24.32172966003418
2025-08-06,23.515920639038086
2025-08-07,23.810728073120117
2025-08-08,24.154672622680664
2025-08-11,24.154672622680664
2025-08-12,24.223461151123047
2025-08-13,24.72463607788086
2025-08-14,24.675500869750977
2025-08-15,24.704980850219727
2025-08-18,24.636192321777344
2025-08-19,24.881866455078125
2025-08-20,24.940828323364258
2025-08-21,25.294599533081055
2025-08-22,25.43217658996582
2025-08-25,24.704980850219727
2025-08-26,24.488788604736328
2025-08-27,24.636192321777344
2025-08-28,24.174325942993164
2025-08-29,24.331558227539062
2025-09-02,24.54775047302246
2025-09-03,24.361038208007812
2025-09-04,24.115365982055664
2025-09-05,24.449480056762695
2025-09-08,24.12519073486328
2025-09-09,24.282421112060547
2025-09-10,24.14484405517578
2025-09-11,24.429826736450195
2025-09-12,23.456958770751953
2025-09-15,23.555227279663086
2025-09-16,23.486438751220703
2025-09-17,23.63384246826172
2025-09-18,23.732112884521484
2025-09-19,23.61418914794922
2025-09-22,23.6240177154541
2025-09-23,23.71245765686035
2025-09-24,23.67315101623535
2025-09-25,23.19162940979004
2025-09-26,23.348861694335938
2025-09-29,23.43730354309082
2025-09-30,25.039098739624023
2025-10-01,26.73916244506836
2025-10-02,26.611412048339844
2025-10-03,26.896394729614258
2025-10-06,25.972660064697266
2025-10-07,25.8154296875
2025-10-08,25.235637664794922
2025-10-09,24.803251266479492
2025-10-10,24.351211547851562
2025-10-13,24.30207633972168
2025-10-14,24.09571075439453
2025-10-15,23.967958450317383
2025-10-16,23.810728073120117
2025-10-17,24.08588409423828
2025-10-20,24.26276969909668
2025-10-21,24.420000076293945
2025-10-22,24.29224967956543
2025-10-23,24.243114471435547
2025-10-24,24.331558227539062
2025-10-27,24.341384887695312
2025-10-28,24.0760555267334
2025-10-29,23.869691848754883
2025-10-30,23.869691848754883
2025-10-31,24.223461151123047
2025-11-03,24.233287811279297
2025-11-04,23.8795166015625
2025-11-05,24.184152603149414
2025-11-06,24.420000076293945
2025-11-07,24.43000030517578
2025-11-10,24.389999389648438
2025-11-11,25.510000228881836
2025-11-12,25.8700008392334
2025-11-13,25.790000915527344
2025-11-14,25.059999465942383
2025-11-17,25.079999923706055
2025-11-18,25.450000762939453
2025-11-19,24.8799991607666
2025-11-20,24.399999618530273
2025-11-21,25.040000915527344
2025-11-24,25.219999313354492
2025-11-25,25.719999313354492
2025-11-26,25.709999084472656
2025-11-28,25.739999771118164
2025-12-01,25.270000457763672
2025-12-02,25.149999618530273
2025-12-03,25.56999969482422
2025-12-04,25.700000762939453
