date,close
2010-12-09,40.73167037963867
2010-12-10,40.94547653198242
2010-12-13,40.938987731933594
2010-12-14,41.1722297668457
2010-12-15,41.23052978515625
2010-12-16,41.78770065307617
2010-12-17,41.9885368347168
2010-12-20,42.092201232910156
2010-12-21,42.02741241455078
2010-12-22,42.0792350769043
2010-12-23,42.267120361328125
2010-12-27,41.89784240722656
2010-12-28,41.956146240234375
2010-12-29,41.72291946411133
2010-12-30,41.645179748535156
2010-12-31,41.67757034301758
2011-01-03,41.962623596191406
2011-01-04,42.0792350769043
2011-01-05,41.9820671081543
2011-01-06,41.910804748535156
2011-01-07,41.78770065307617
2011-01-10,41.696990966796875
2011-01-11,41.48967742919922
2011-01-12,42.092201232910156
2011-01-13,42.42262649536133
2011-01-14,42.45501708984375
2011-01-18,42.435569763183594
2011-01-19,42.65225601196289
2011-01-20,42.94597625732422
2011-01-21,43.017765045166016
2011-01-24,43.45505142211914
2011-01-25,43.53337097167969
2011-01-26,43.148292541503906
2011-01-27,41.888633728027344
2011-01-28,41.90167999267578
2011-01-31,41.20331573486328
2011-02-01,41.06625747680664
2011-02-02,40.98143005371094
2011-02-03,41.05320739746094
2011-02-04,41.51661682128906
2011-02-07,42.130126953125
2011-02-08,42.188873291015625
2011-02-09,42.025691986083984
2011-02-10,42.14970016479492
2011-02-11,42.24760818481445
2011-02-14,42.12360763549805
2011-02-15,41.71894836425781
2011-02-16,41.6145133972168
2011-02-17,41.771148681640625
2011-02-18,41.96696090698242
2011-02-22,41.81684112548828
2011-02-23,41.86905288696289
2011-02-24,41.1511116027832
2011-02-25,41.01405334472656
2011-02-28,41.1511116027832
2011-03-01,40.948795318603516
2011-03-02,40.7334098815918
2011-03-03,40.824764251708984
2011-03-04,40.48538589477539
2011-03-07,40.27653884887695
2011-03-08,40.49842834472656
2011-03-09,40.46580123901367
2011-03-10,40.13295364379883
2011-03-11,40.13295364379883
2011-03-14,40.041561126708984
2011-03-15,39.591224670410156
2011-03-16,38.98423385620117
2011-03-17,39.44110870361328
2011-03-18,39.55205535888672
2011-03-21,40.0089225769043
2011-03-22,39.76743698120117
2011-03-23,39.754390716552734
2011-03-24,39.90449523925781
2011-03-25,39.73481369018555
2011-03-28,39.591224670410156
2011-03-29,39.9958610534668
2011-03-30,40.446224212646484
2011-03-31,40.20473861694336
2011-04-01,40.51802062988281
2011-04-04,40.635501861572266
2011-04-05,40.250431060791016
2011-04-06,40.309173583984375
2011-04-07,40.550662994384766
2011-04-08,40.40053176879883
2011-04-11,40.589805603027344
2011-04-12,41.046688079833984
2011-04-13,41.11194610595703
2011-04-14,41.31427764892578
2011-04-15,41.888633728027344
2011-04-18,41.771148681640625
2011-04-19,41.67978286743164
2011-04-20,41.588401794433594
2011-04-21,41.294700622558594
2011-04-25,41.359962463378906
2011-04-26,41.66019821166992
2011-04-27,42.13072967529297
2011-04-28,42.44660949707031
2011-04-29,42.70985794067383
2011-05-02,42.89411163330078
2011-05-03,43.24290466308594
2011-05-04,43.7430534362793
2011-05-05,43.354774475097656
2011-05-06,42.95333480834961
2011-05-09,42.8677978515625
2011-05-10,43.25606155395508
2011-05-11,43.38109588623047
2011-05-12,43.98652648925781
2011-05-13,43.99970245361328
2011-05-16,44.05233383178711
2011-05-17,44.36823272705078
2011-05-18,44.34189987182617
2011-05-19,44.394561767578125
2011-05-20,44.3287353515625
2011-05-23,44.12474822998047
2011-05-24,44.09840774536133
2011-05-25,43.68381881713867
2011-05-26,43.55879211425781
2011-05-27,43.56536865234375
2011-05-31,44.091827392578125
2011-06-01,43.69696807861328
2011-06-02,43.440338134765625
2011-06-03,43.05862808227539
2011-06-06,43.10469055175781
2011-06-07,42.81513595581055
2011-06-08,42.676937103271484
2011-06-09,42.7822380065918
2011-06-10,42.57823181152344
2011-06-13,42.624298095703125
2011-06-14,42.61771011352539
2011-06-15,41.95962905883789
2011-06-16,42.28866958618164
2011-06-17,42.57163619995117
2011-06-20,42.83486557006836
2011-06-21,42.26234817504883
2011-06-22,42.15704345703125
2011-06-23,41.76219940185547
2011-06-24,41.18966293334961
2011-06-27,41.34101867675781
2011-06-28,41.27520751953125
2011-06-29,41.163333892822266
2011-06-30,41.8345947265625
2011-07-01,42.29524612426758
2011-07-05,42.28866958618164
2011-07-06,42.57823181152344
2011-07-07,42.74274444580078
2011-07-08,42.729591369628906
2011-07-11,42.59141159057617
2011-07-12,42.46635437011719
2011-07-13,42.53874588012695
2011-07-14,42.512413024902344
2011-07-15,42.663780212402344
2011-07-18,42.479515075683594
2011-07-19,42.51900100708008
2011-07-20,42.595306396484375
2011-07-21,42.78769302368164
2011-07-22,42.628475189208984
2011-07-25,42.004798889160156
2011-07-26,41.85883712768555
2011-07-27,41.26835250854492
2011-07-28,41.08256530761719
2011-07-29,40.79727554321289
2011-08-01,40.757469177246094
2011-08-02,40.38591003417969
2011-08-03,40.293025970458984
2011-08-04,39.5300407409668
2011-08-05,40.20014953613281
2011-08-08,39.33761978149414
2011-08-09,39.954654693603516
2011-08-10,38.82010269165039
2011-08-11,40.10725402832031
2011-08-12,40.56505584716797
2011-08-15,41.0560302734375
2011-08-16,40.88352584838867
2011-08-17,40.91670608520508
2011-08-18,40.37928771972656
2011-08-19,40.44562911987305
2011-08-22,40.9432487487793
2011-08-23,41.81239700317383
2011-08-24,42.004798889160156
2011-08-25,41.4873046875
2011-08-26,41.51384353637695
2011-08-29,41.85883712768555
2011-08-30,42.130882263183594
2011-08-31,42.25028610229492
2011-09-01,41.97162628173828
2011-09-02,41.500553131103516
2011-09-06,41.38776397705078
2011-09-07,41.61334228515625
2011-09-08,41.73942184448242
2011-09-09,41.02949905395508
2011-09-12,41.022865295410156
2011-09-13,41.0958366394043
2011-09-14,41.361236572265625
2011-09-15,41.65316390991211
2011-09-16,42.68155288696289
2011-09-19,42.3365478515625
2011-09-20,42.51568603515625
2011-09-21,41.81239700317383
2011-09-22,40.58496856689453
2011-09-23,40.63804244995117
2011-09-26,41.493919372558594
2011-09-27,41.97162628173828
2011-09-28,41.61998748779297
2011-09-29,42.2635612487793
2011-09-30,41.918556213378906
2011-10-03,41.69296646118164
2011-10-04,42.044620513916016
2011-10-05,42.02470397949219
2011-10-06,42.203853607177734
2011-10-07,42.402896881103516
2011-10-10,42.993385314941406
2011-10-11,42.84077835083008
2011-10-12,43.0531005859375
2011-10-13,42.89386749267578
2011-10-14,43.0531005859375
2011-10-17,42.63511276245117
2011-10-18,43.07300567626953
2011-10-19,43.31045913696289
2011-10-20,43.537864685058594
2011-10-21,44.320472717285156
2011-10-24,43.725181579589844
2011-10-25,43.14993667602539
2011-10-26,43.44422912597656
2011-10-27,43.65160369873047
2011-10-28,43.297080993652344
2011-10-31,42.80210494995117
2011-11-01,41.94593048095703
2011-11-02,42.04627227783203
2011-11-03,42.280372619628906
2011-11-04,42.15998077392578
2011-11-07,42.44758987426758
2011-11-08,42.949256896972656
2011-11-09,41.95261001586914
2011-11-10,42.300437927246094
2011-11-11,42.73521041870117
2011-11-14,42.1733512878418
2011-11-15,42.51448440551758
2011-11-16,42.32719421386719
2011-11-17,42.09978103637695
2011-11-18,42.300437927246094
2011-11-21,41.24359893798828
2011-11-22,41.263671875
2011-11-23,40.84226989746094
2011-11-25,40.802127838134766
2011-11-28,41.631553649902344
2011-11-29,41.825538635253906
2011-11-30,43.1900520324707
2011-12-01,42.8623046875
2011-12-02,43.25025177001953
2011-12-05,43.37066650390625
2011-12-06,43.37066650390625
2011-12-07,43.63151168823242
2011-12-08,43.1231689453125
2011-12-09,43.457611083984375
2011-12-12,43.016143798828125
2011-12-13,43.297080993652344
2011-12-14,43.10979461669922
2011-12-15,43.47099304199219
2011-12-16,43.57133865356445
2011-12-19,43.44422912597656
2011-12-20,44.0060920715332
2011-12-21,44.14657211303711
2011-12-22,44.27366638183594
2011-12-23,44.59471130371094
2011-12-27,44.67500305175781
2011-12-28,44.50777053833008
2011-12-29,44.79539489746094
2011-12-30,44.62148666381836
2012-01-03,44.70174026489258
2012-01-04,44.68168640136719
2012-01-05,44.49440383911133
2012-01-06,44.38737487792969
2012-01-09,44.57466125488281
2012-01-10,44.3673095703125
2012-01-11,43.932525634765625
2012-01-12,44.01948547363281
2012-01-13,44.01948547363281
2012-01-17,44.320472717285156
2012-01-18,44.51936721801758
2012-01-19,44.55308532714844
2012-01-20,44.65422439575195
2012-01-23,43.82492446899414
2012-01-24,43.487796783447266
2012-01-25,43.811439514160156
2012-01-26,43.690067291259766
2012-01-27,43.35296630859375
2012-01-30,42.618038177490234
2012-01-31,42.50341796875
2012-02-01,42.618038177490234
2012-02-02,42.69221115112305
2012-02-03,42.321380615234375
2012-02-06,42.8203010559082
2012-02-07,42.94841766357422
2012-02-08,42.907958984375
2012-02-09,43.17765426635742
2012-02-10,43.06977081298828
2012-02-13,43.30576705932617
2012-02-14,43.47431182861328
2012-02-15,43.521507263183594
2012-02-16,43.95976257324219
2012-02-17,43.764244079589844
2012-02-21,43.43386459350586
2012-02-22,43.44734191894531
2012-02-23,44.78232955932617
2012-02-24,44.97785949707031
2012-02-27,44.97110366821289
2012-02-28,45.43632888793945
2012-02-29,45.59139633178711
2012-03-01,44.94414138793945
2012-03-02,44.95089340209961
2012-03-05,45.1396484375
2012-03-06,45.065494537353516
2012-03-07,44.89019775390625
2012-03-08,45.105953216552734
2012-03-09,45.12617492675781
2012-03-12,45.6520881652832
2012-03-13,45.78019332885742
2012-03-14,45.7464714050293
2012-03-15,45.63184356689453
2012-03-16,45.341922760009766
2012-03-19,45.31496047973633
2012-03-20,45.31496047973633
2012-03-21,45.30821990966797
2012-03-22,45.52396774291992
2012-03-23,45.46330642700195
2012-03-26,45.4835205078125
2012-03-27,45.27450942993164
2012-03-28,45.30148696899414
2012-03-29,45.180118560791016
2012-03-30,45.31496047973633
2012-04-02,45.55094528198242
2012-04-03,45.23405456542969
2012-04-04,45.34867477416992
2012-04-05,45.382381439208984
2012-04-09,45.045265197753906
2012-04-10,44.73512268066406
2012-04-11,44.79582214355469
2012-04-12,44.5598258972168
2012-04-13,44.37104034423828
2012-04-16,45.02505111694336
2012-04-17,45.18685531616211
2012-04-18,45.00481414794922
2012-04-19,44.883460998535156
2012-04-20,45.51723861694336
2012-04-23,44.937408447265625
2012-04-24,45.173370361328125
2012-04-25,45.48070526123047
2012-04-26,45.467105865478516
2012-04-27,43.81487274169922
2012-04-30,43.27091979980469
2012-05-01,43.223323822021484
2012-05-02,43.502105712890625
2012-05-03,43.86247634887695
2012-05-04,43.70608901977539
2012-05-07,43.68567657470703
2012-05-08,43.62449264526367
2012-05-09,43.29132080078125
2012-05-10,43.61089324951172
2012-05-11,43.298118591308594
2012-05-14,43.23013687133789
2012-05-15,43.325313568115234
2012-05-16,43.71288299560547
2012-05-17,43.48851013183594
2012-05-18,43.189334869384766
2012-05-21,43.1009407043457
2012-05-22,42.937767028808594
2012-05-23,42.420997619628906
2012-05-24,42.54339599609375
2012-05-25,42.48900604248047
2012-05-29,42.8017692565918
2012-05-30,42.373416900634766
2012-05-31,42.35301971435547
2012-06-01,41.84986114501953
2012-06-04,41.74787902832031
2012-06-05,41.59149169921875
2012-06-06,42.01985549926758
2012-06-07,42.67258834838867
2012-06-08,42.665771484375
2012-06-11,42.52298355102539
2012-06-12,42.67258834838867
2012-06-13,42.54339599609375
2012-06-14,42.958168029785156
2012-06-15,42.75418472290039
2012-06-18,42.35301971435547
2012-06-19,42.29862594604492
2012-06-20,41.06113815307617
2012-06-21,40.62599182128906
2012-06-22,40.68037796020508
2012-06-25,40.326820373535156
2012-06-26,40.29962921142578
2012-06-27,40.78236770629883
2012-06-28,40.993160247802734
2012-06-29,41.645877838134766
2012-07-02,41.605072021484375
2012-07-03,41.72067642211914
2012-07-05,41.71387481689453
2012-07-06,41.666290283203125
2012-07-09,41.84986114501953
2012-07-10,41.97224807739258
2012-07-11,41.74787902832031
2012-07-12,43.31172561645508
2012-07-13,44.2568244934082
2012-07-16,44.066444396972656
2012-07-17,44.43360900878906
2012-07-18,44.4555549621582
2012-07-19,44.524147033691406
2012-07-20,44.39384078979492
2012-07-23,44.160648345947266
2012-07-24,43.906898498535156
2012-07-25,43.906898498535156
2012-07-26,44.27722930908203
2012-07-27,44.640724182128906
2012-07-30,44.647579193115234
2012-07-31,44.263519287109375
2012-08-01,43.90003967285156
2012-08-02,43.557106018066406
2012-08-03,44.921913146972656
2012-08-06,45.1345329284668
2012-08-07,45.41572570800781
2012-08-08,45.75863265991211
2012-08-09,45.7654914855957
2012-08-10,45.79291915893555
2012-08-13,45.59403610229492
2012-08-14,45.7654914855957
2012-08-15,45.70378112792969
2012-08-16,45.95066833496094
2012-08-17,45.95066833496094
2012-08-20,45.779205322265625
2012-08-21,45.79291915893555
2012-08-22,45.84778594970703
2012-08-23,45.73120880126953
2012-08-24,45.96437454223633
2012-08-27,46.02609634399414
2012-08-28,45.943809509277344
2012-08-29,45.86150360107422
2012-08-30,45.86838150024414
2012-08-31,46.08098220825195
2012-09-04,46.22500228881836
2012-09-05,46.149566650390625
2012-09-06,46.801090240478516
2012-09-07,46.99311828613281
2012-09-10,46.98627471923828
2012-09-11,46.81480407714844
2012-09-12,46.70507049560547
2012-09-13,47.26061248779297
2012-09-14,47.43206024169922
2012-09-17,47.49378204345703
2012-09-18,47.473201751708984
2012-09-19,47.50064468383789
2012-09-20,47.706398010253906
2012-09-21,47.610374450683594
2012-09-24,47.843570709228516
2012-09-25,47.726951599121094
2012-09-26,47.52809143066406
2012-09-27,47.52809143066406
2012-09-28,47.56923294067383
2012-10-01,47.63095474243164
2012-10-02,47.178287506103516
2012-10-03,47.438926696777344
2012-10-04,47.58292770385742
2012-10-05,47.75440979003906
2012-10-08,47.390907287597656
2012-10-09,47.116580963134766
2012-10-10,46.73251724243164
2012-10-11,46.63650131225586
2012-10-12,46.59535217285156
2012-10-15,47.123443603515625
2012-10-16,47.32233428955078
2012-10-17,48.035919189453125
2012-10-18,48.035919189453125
2012-10-19,47.413612365722656
2012-10-22,47.36520767211914
2012-10-23,46.63224792480469
2012-10-24,47.07479476928711
2012-10-25,48.45079040527344
2012-10-26,48.015167236328125
2012-10-31,47.87689971923828
2012-11-01,47.8837890625
2012-11-02,47.84230041503906
2012-11-05,47.48273849487305
2012-11-06,47.662532806396484
2012-11-07,47.06095886230469
2012-11-08,46.26578140258789
2012-11-09,46.33491897583008
2012-11-12,46.3833122253418
2012-11-13,46.22427749633789
2012-11-14,46.00300979614258
2012-11-15,45.85780715942383
2012-11-16,46.20353317260742
2012-11-19,46.964141845703125
2012-11-20,47.22690200805664
2012-11-21,47.34446716308594
2012-11-23,48.11887741088867
2012-11-26,48.04283905029297
2012-11-27,47.70402145385742
2012-11-28,48.015167236328125
2012-11-29,48.0566520690918
2012-11-30,48.28483581542969
2012-12-03,48.11197280883789
2012-12-04,47.925270080566406
2012-12-05,47.994422912597656
2012-12-06,48.3678092956543
2012-12-07,48.6029167175293
2012-12-10,48.55451202392578
2012-12-11,48.858760833740234
2012-12-12,48.92791748046875
2012-12-13,48.492271423339844
2012-12-14,48.3539924621582
2012-12-17,48.3539924621582
2012-12-18,48.38166046142578
2012-12-19,47.946022033691406
2012-12-20,48.27793502807617
2012-12-21,47.51731491088867
2012-12-24,47.3790168762207
2012-12-26,47.01947021484375
2012-12-27,46.99872589111328
2012-12-28,46.431739807128906
2012-12-31,46.94340896606445
2013-01-02,47.98060607910156
2013-01-03,47.67634963989258
2013-01-04,47.77316665649414
2013-01-07,47.44818878173828
2013-01-08,47.37210464477539
2013-01-09,47.62794876098633
2013-01-10,47.897621154785156
2013-01-11,47.8630485534668
2013-01-14,48.14656448364258
2013-01-15,48.319419860839844
2013-01-16,48.33475112915039
2013-01-17,48.56478500366211
2013-01-18,48.75300598144531
2013-01-22,48.759952545166016
2013-01-23,49.275794982910156
2013-01-24,49.087589263916016
2013-01-25,51.06029510498047
2013-01-28,51.42275619506836
2013-01-29,52.28018569946289
2013-01-30,52.33592224121094
2013-01-31,52.39169692993164
2013-02-01,52.92146301269531
2013-02-04,52.45442199707031
2013-02-05,52.76811599731445
2013-02-06,53.08179473876953
2013-02-07,53.08179473876953
2013-02-08,52.80295944213867
2013-02-11,52.84478759765625
2013-02-12,52.963294982910156
2013-02-13,53.36760330200195
2013-02-14,53.52093505859375
2013-02-15,53.353641510009766
2013-02-19,53.9391975402832
2013-02-20,53.73006057739258
2013-02-21,53.70220184326172
2013-02-22,53.66733169555664
2013-02-25,52.92146301269531
2013-02-26,53.03300857543945
2013-02-27,53.500038146972656
2013-02-28,53.102718353271484
2013-03-01,53.31877136230469
2013-03-04,53.451236724853516
2013-03-05,53.709144592285156
2013-03-06,53.8137092590332
2013-03-07,53.604583740234375
2013-03-08,53.799766540527344
2013-03-11,53.91828155517578
2013-03-12,53.792781829833984
2013-03-13,53.53487777709961
2013-03-14,53.94614791870117
2013-03-15,53.21422576904297
2013-03-18,53.08876419067383
2013-03-19,53.7509765625
2013-03-20,54.07861328125
2013-03-21,53.820682525634766
2013-03-22,53.86250305175781
2013-03-25,53.451236724853516
2013-03-26,53.9531364440918
2013-03-27,53.71611785888672
2013-03-28,53.71611785888672
2013-04-01,54.16224670410156
2013-04-02,55.040557861328125
2013-04-03,54.45499801635742
2013-04-04,54.74778747558594
2013-04-05,54.531700134277344
2013-04-08,54.92205810546875
2013-04-09,54.55263137817383
2013-04-10,55.23573303222656
2013-04-11,55.53549575805664
2013-04-12,55.82127380371094
2013-04-15,55.52154541015625
2013-04-16,55.83521270751953
2013-04-17,55.11026382446289
2013-04-18,55.67490005493164
2013-04-19,56.76232147216797
2013-04-22,56.74140930175781
2013-04-23,57.53604507446289
2013-04-24,54.15290069580078
2013-04-25,53.77373123168945
2013-04-26,54.13886260986328
2013-04-29,54.546142578125
2013-04-30,53.90715026855469
2013-05-01,54.061622619628906
2013-05-02,54.60230255126953
2013-05-03,54.90427017211914
2013-05-06,54.59528732299805
2013-05-07,54.728694915771484
2013-05-08,55.079811096191406
2013-05-09,54.91829299926758
2013-05-10,55.30449295043945
2013-05-13,55.18512725830078
2013-05-14,55.80307388305664
2013-05-15,56.65270233154297
2013-05-16,56.31564712524414
2013-05-17,56.189247131347656
2013-05-20,55.53622817993164
2013-05-21,55.33259201049805
2013-05-22,55.34662628173828
2013-05-23,55.26237487792969
2013-05-24,57.495323181152344
2013-05-28,56.77910614013672
2013-05-29,55.40282440185547
2013-05-30,55.53622817993164
2013-05-31,53.900123596191406
2013-06-03,54.5320930480957
2013-06-04,54.32847213745117
2013-06-05,53.82992172241211
2013-06-06,53.94226837158203
2013-06-07,54.59528732299805
2013-06-10,54.819969177246094
2013-06-11,54.8551025390625
2013-06-12,54.48995590209961
2013-06-13,55.072784423828125
2013-06-14,54.79190444946289
2013-06-17,55.444950103759766
2013-06-18,55.501102447509766
2013-06-19,54.49699020385742
2013-06-20,52.83981704711914
2013-06-21,54.370574951171875
2013-06-24,53.77373123168945
2013-06-25,53.85095977783203
2013-06-26,54.34953689575195
2013-06-27,54.53910827636719
2013-06-28,54.061622619628906
2013-07-01,54.784881591796875
2013-07-02,55.079811096191406
2013-07-03,55.171104431152344
2013-07-05,55.00957107543945
2013-07-08,55.30449295043945
2013-07-09,55.87326431274414
2013-07-10,56.0347785949707
2013-07-11,56.71590805053711
2013-07-12,57.26361846923828
2013-07-15,57.23552703857422
2013-07-16,56.856346130371094
2013-07-17,56.6596565246582
2013-07-18,56.80823516845703
2013-07-19,57.56520080566406
2013-07-22,57.45907974243164
2013-07-23,57.268089294433594
2013-07-24,56.787025451660156
2013-07-25,56.88605880737305
2013-07-26,56.87192153930664
2013-07-29,56.6596565246582
2013-07-30,56.90727996826172
2013-07-31,56.80823516845703
2013-08-01,57.75621795654297
2013-08-02,57.50862121582031
2013-08-05,57.586429595947266
2013-08-06,57.82697677612305
2013-08-07,57.98259735107422
2013-08-08,58.131187438964844
2013-08-09,57.75621795654297
2013-08-12,57.74205780029297
2013-08-13,57.770362854003906
2013-08-14,57.480281829833984
2013-08-15,56.93557357788086
2013-08-16,56.52524948120117
2013-08-19,56.3059196472168
2013-08-20,56.26348876953125
2013-08-21,56.15737533569336
2013-08-22,56.43330001831055
2013-08-23,56.603084564208984
2013-08-26,55.56312561035156
2013-08-27,55.159873962402344
2013-08-28,54.367530822753906
2013-08-29,54.69296646118164
2013-08-30,55.10327911376953
2013-09-03,55.00423812866211
2013-09-04,54.820308685302734
2013-09-05,54.572689056396484
2013-09-06,54.57976150512695
2013-09-09,55.294307708740234
2013-09-10,55.14573669433594
2013-09-11,55.37211227416992
2013-09-12,55.36505126953125
2013-09-13,55.923927307128906
2013-09-16,56.70921325683594
2013-09-17,56.475746154785156
2013-09-18,56.80823516845703
2013-09-19,56.68088912963867
2013-09-20,56.164451599121094
2013-09-23,56.08664321899414
2013-09-24,55.619720458984375
2013-09-25,54.983036041259766
2013-09-26,55.21647644042969
2013-09-27,54.62221145629883
2013-09-30,53.47612762451172
2013-10-01,53.879398345947266
2013-10-02,53.71666717529297
2013-10-03,53.652992248535156
2013-10-04,53.780364990234375
2013-10-07,53.518592834472656
2013-10-08,53.999671936035156
2013-10-09,54.43827819824219
2013-10-10,55.10327911376953
2013-10-11,55.520652770996094
2013-10-14,55.704627990722656
2013-10-15,54.89811325073242
2013-10-16,55.854942321777344
2013-10-17,56.62495803833008
2013-10-18,56.617820739746094
2013-10-21,56.304100036621094
2013-10-22,57.309417724609375
2013-10-23,57.68730163574219
2013-10-24,57.473411560058594
2013-10-25,57.03848648071289
2013-10-28,57.965354919433594
2013-10-29,58.79241943359375
2013-10-30,58.12220764160156
2013-10-31,57.57322692871094
2013-11-01,57.85841369628906
2013-11-04,57.986751556396484
2013-11-05,58.058048248291016
2013-11-06,59.04196548461914
2013-11-07,58.69261932373047
2013-11-08,58.82807540893555
2013-11-11,58.64982223510742
2013-11-12,59.03484344482422
2013-11-13,59.533905029296875
2013-11-14,60.11855697631836
2013-11-15,60.48930358886719
2013-11-18,60.29680252075195
2013-11-19,60.13282012939453
2013-11-20,60.38237762451172
2013-11-21,60.36812973022461
2013-11-22,60.56775665283203
2013-11-25,60.895713806152344
2013-11-26,60.34672927856445
2013-11-27,60.090030670166016
2013-11-29,60.0472526550293
2013-12-02,59.41984176635742
2013-12-03,59.769222259521484
2013-12-04,59.42698669433594
2013-12-05,58.95643615722656
2013-12-06,60.26116943359375
2013-12-09,60.446533203125
2013-12-10,59.640865325927734
2013-12-11,59.9046745300293
2013-12-12,58.678340911865234
2013-12-13,58.728248596191406
2013-12-16,58.2434196472168
2013-12-17,57.68730163574219
2013-12-18,58.735389709472656
2013-12-19,58.39315414428711
2013-12-20,58.35035705566406
2013-12-23,57.97249221801758
2013-12-24,57.97249221801758
2013-12-26,58.2933464050293
2013-12-27,58.471588134765625
2013-12-30,58.464454650878906
2013-12-31,58.04379653930664
2014-01-02,57.423500061035156
2014-01-03,57.35932540893555
2014-01-06,57.49477005004883
2014-01-07,58.050933837890625
2014-01-08,57.209598541259766
2014-01-09,57.33794403076172
2014-01-10,57.25239944458008
2014-01-13,57.04562759399414
2014-01-14,57.65878677368164
2014-01-15,57.60173797607422
2014-01-16,57.43777084350586
2014-01-17,56.95291519165039
2014-01-21,57.16681671142578
2014-01-22,56.91682434082031
2014-01-23,56.20563888549805
2014-01-24,56.88090896606445
2014-01-27,56.37086486816406
2014-01-28,56.83061981201172
2014-01-29,55.774620056152344
2014-01-30,55.22145462036133
2014-01-31,55.04186248779297
2014-02-03,54.38097381591797
2014-02-04,54.66112518310547
2014-02-05,54.91975784301758
2014-02-06,55.243019104003906
2014-02-07,55.537567138671875
2014-02-10,56.054786682128906
2014-02-11,56.63667297363281
2014-02-12,55.6668815612793
2014-02-13,55.889549255371094
2014-02-14,57.038963317871094
2014-02-18,56.011688232421875
2014-02-19,56.133785247802734
2014-02-20,55.975765228271484
2014-02-21,56.011688232421875
2014-02-24,55.93267059326172
2014-02-25,56.11943817138672
2014-02-26,55.93267059326172
2014-02-27,56.16973876953125
2014-02-28,56.507347106933594
2014-03-03,55.65967559814453
2014-03-04,56.35649490356445
2014-03-05,55.90391159057617
2014-03-06,56.07634353637695
2014-03-07,56.30619812011719
2014-03-10,56.413963317871094
2014-03-11,56.71567916870117
2014-03-12,56.924034118652344
2014-03-13,56.88809585571289
2014-03-14,56.73725509643555
2014-03-17,57.35504150390625
2014-03-18,57.30475616455078
2014-03-19,56.59356689453125
2014-03-20,56.26310729980469
2014-03-21,55.947025299072266
2014-03-24,56.96710968017578
2014-03-25,57.33347702026367
2014-03-26,57.11080551147461
2014-03-27,57.21854019165039
2014-03-28,57.29757308959961
2014-03-31,57.9009895324707
2014-04-01,57.71422576904297
2014-04-02,57.56334686279297
2014-04-03,57.54180908203125
2014-04-04,57.30475616455078
2014-04-07,57.82195281982422
2014-04-08,58.43979263305664
2014-04-09,58.54036331176758
2014-04-10,58.253013610839844
2014-04-11,58.01594543457031
2014-04-14,58.0518684387207
2014-04-15,58.073421478271484
2014-04-16,58.655296325683594
2014-04-17,58.734317779541016
2014-04-21,58.59065246582031
2014-04-22,58.36792755126953
2014-04-23,58.189823150634766
2014-04-24,58.76186752319336
2014-04-25,58.950138092041016
2014-04-28,60.05801010131836
2014-04-29,59.69595718383789
2014-04-30,59.775634765625
2014-05-01,59.62355041503906
2014-05-02,59.31942367553711
2014-05-05,59.16012954711914
2014-05-06,58.74738311767578
2014-05-07,59.44253921508789
2014-05-08,59.49323654174805
2014-05-09,59.65976333618164
2014-05-12,59.181846618652344
2014-05-13,59.09496307373047
2014-05-14,58.77634048461914
2014-05-15,58.31291198730469
2014-05-16,58.16808319091797
2014-05-19,57.87844467163086
2014-05-20,58.095699310302734
2014-05-21,58.28395080566406
2014-05-22,58.3997917175293
2014-05-23,58.305686950683594
2014-05-27,57.98707962036133
2014-05-28,58.001556396484375
2014-05-29,58.21878433227539
2014-05-30,58.501190185546875
2014-06-02,58.189823150634766
2014-06-03,57.87844467163086
2014-06-04,57.8277473449707
2014-06-05,58.00879669189453
2014-06-06,57.95085906982422
2014-06-09,57.99430847167969
2014-06-10,58.03776550292969
2014-06-11,57.972591400146484
2014-06-12,57.755340576171875
2014-06-13,57.66844177246094
2014-06-16,57.704681396484375
2014-06-17,57.62500762939453
2014-06-18,57.77707290649414
2014-06-19,58.1029052734375
2014-06-20,57.87844467163086
2014-06-23,57.58155822753906
2014-06-24,57.21226119995117
2014-06-25,57.43674087524414
2014-06-26,56.92983627319336
2014-06-27,57.21949768066406
2014-06-30,56.90813446044922
2014-07-01,57.40776443481445
2014-07-02,57.61052703857422
2014-07-03,57.91465377807617
2014-07-07,58.06673049926758
2014-07-08,58.33465576171875
2014-07-09,59.138397216796875
2014-07-10,59.09496307373047
2014-07-11,58.769081115722656
2014-07-14,58.88497543334961
2014-07-15,58.84150314331055
2014-07-16,59.07801818847656
2014-07-17,58.68385314941406
2014-07-18,58.79336166381836
2014-07-21,58.596275329589844
2014-07-22,58.46489715576172
2014-07-23,58.38459777832031
2014-07-24,58.58169174194336
2014-07-25,58.07075881958008
2014-07-28,57.85177230834961
2014-07-29,57.40653610229492
2014-07-30,57.048885345458984
2014-07-31,56.43577575683594
2014-08-01,58.136444091796875
2014-08-04,57.822593688964844
2014-08-05,57.961273193359375
2014-08-06,59.187477111816406
2014-08-07,58.49409103393555
2014-08-08,59.08530044555664
2014-08-11,59.472145080566406
2014-08-12,59.4283561706543
2014-08-13,59.472145080566406
2014-08-14,59.81520080566406
2014-08-15,59.69112014770508
2014-08-18,60.1728515625
2014-08-19,60.35531997680664
2014-08-20,60.44291687011719
2014-08-21,60.78596878051758
2014-08-22,60.866233825683594
2014-08-25,60.97575378417969
2014-08-26,60.858951568603516
2014-08-27,60.807865142822266
2014-08-28,60.60349655151367
2014-08-29,60.66188049316406
2014-09-02,60.5670051574707
2014-09-03,60.508602142333984
2014-09-04,61.092529296875
2014-09-05,61.14359664916992
2014-09-08,60.81517028808594
2014-09-09,60.57428741455078
2014-09-10,61.048744201660156
2014-09-11,60.93925094604492
2014-09-12,60.7713737487793
2014-09-15,61.216617584228516
2014-09-16,61.369873046875
2014-09-17,61.42827224731445
2014-09-18,61.450172424316406
2014-09-19,61.65453338623047
2014-09-22,61.9027099609375
2014-09-23,61.632686614990234
2014-09-24,62.21657180786133
2014-09-25,61.5523567199707
2014-09-26,61.73482894897461
2014-09-29,61.632686614990234
2014-09-30,61.121681213378906
2014-10-01,60.68379211425781
2014-10-02,60.618064880371094
2014-10-03,61.158203125
2014-10-06,60.99763488769531
2014-10-07,60.69838333129883
2014-10-08,61.44287872314453
2014-10-09,61.06333541870117
2014-10-10,61.81513214111328
2014-10-13,60.85165786743164
2014-10-14,60.983055114746094
2014-10-15,60.54511260986328
2014-10-16,60.02685546875
2014-10-17,60.77865982055664
2014-10-20,61.44287872314453
2014-10-21,61.75675964355469
2014-10-22,61.950904846191406
2014-10-23,61.215423583984375
2014-10-24,62.63493347167969
2014-10-27,63.21597671508789
2014-10-28,63.598419189453125
2014-10-29,63.649898529052734
2014-10-30,63.944091796875
2014-10-31,64.18679809570312
2014-11-03,64.26771545410156
2014-11-04,65.19442749023438
2014-11-05,65.45923614501953
2014-11-06,65.38568878173828
2014-11-07,65.5548324584961
2014-11-10,65.7901840209961
2014-11-11,65.95199584960938
2014-11-12,65.8122787475586
2014-11-13,65.16503143310547
2014-11-14,64.80462646484375
2014-11-17,64.60604095458984
2014-11-18,64.68693542480469
2014-11-19,65.26065063476562
2014-11-20,65.06942749023438
2014-11-21,65.16503143310547
2014-11-24,64.80462646484375
2014-11-25,65.3121109008789
2014-11-26,65.37096405029297
2014-11-28,66.510986328125
2014-12-01,66.2535629272461
2014-12-02,66.981689453125
2014-12-03,66.1947250366211
2014-12-04,66.6213150024414
2014-12-05,66.4742202758789
2014-12-08,66.75370788574219
2014-12-09,66.71692657470703
2014-12-10,66.1947250366211
2014-12-11,66.49628448486328
2014-12-12,65.8637466430664
2014-12-15,65.60633850097656
2014-12-16,65.7239990234375
2014-12-17,66.70955657958984
2014-12-18,67.66571807861328
2014-12-19,67.70249938964844
2014-12-22,68.10700988769531
2014-12-23,68.61449432373047
2014-12-24,68.50416564941406
2014-12-26,68.73954010009766
2014-12-29,68.13641357421875
2014-12-30,67.9599380493164
2014-12-31,66.99642181396484
2015-01-02,66.51834869384766
2015-01-05,66.20207977294922
2015-01-06,65.90049743652344
2015-01-07,66.24622344970703
2015-01-08,67.00375366210938
2015-01-09,66.37857055664062
2015-01-12,66.13587951660156
2015-01-13,66.41535186767578
2015-01-14,66.18738555908203
2015-01-15,66.09173583984375
2015-01-16,67.11408996582031
2015-01-20,67.06997680664062
2015-01-21,67.20626831054688
2015-01-22,67.86550903320312
2015-01-23,66.72480773925781
2015-01-26,66.35442352294922
2015-01-27,64.06556701660156
2015-01-28,63.0730094909668
2015-01-29,63.458168029785156
2015-01-30,62.43597412109375
2015-02-02,63.05079650878906
2015-02-03,63.66557693481445
2015-02-04,63.547061920166016
2015-02-05,64.22111511230469
2015-02-06,63.41374969482422
2015-02-09,62.998931884765625
2015-02-10,63.250797271728516
2015-02-11,63.435943603515625
2015-02-12,63.72484588623047
2015-02-13,63.62852096557617
2015-02-17,63.32483673095703
2015-02-18,63.895225524902344
2015-02-19,63.117431640625
2015-02-20,62.86558532714844
2015-02-23,63.250797271728516
2015-02-24,63.33222579956055
2015-02-25,63.30262756347656
2015-02-26,63.08781051635742
2015-02-27,63.05817794799805
2015-03-02,63.26557159423828
2015-03-03,63.08039093017578
2015-03-04,62.48041534423828
2015-03-05,62.68781661987305
2015-03-06,61.228599548339844
2015-03-09,61.547088623046875
2015-03-10,60.398929595947266
2015-03-11,60.28785705566406
2015-03-12,60.806373596191406
2015-03-13,60.61377716064453
2015-03-16,61.895233154296875
2015-03-17,61.36932373046875
2015-03-18,62.035972595214844
2015-03-19,61.76192092895508
2015-03-20,62.76929473876953
2015-03-23,62.858192443847656
2015-03-24,62.16189956665039
2015-03-25,61.48784637451172
2015-03-26,60.85079574584961
2015-03-27,60.96931076049805
2015-03-30,61.273048400878906
2015-03-31,60.695255279541016
2015-04-01,60.97674560546875
2015-04-02,61.05821228027344
2015-04-06,61.51007080078125
2015-04-07,61.02858352661133
2015-04-08,61.310062408447266
2015-04-09,61.39897155761719
2015-04-10,61.739681243896484
2015-04-13,61.79893112182617
2015-04-14,61.924861907958984
2015-04-15,61.85822296142578
2015-04-16,61.85077667236328
2015-04-17,61.13228988647461
2015-04-20,61.38414001464844
2015-04-21,61.5396842956543
2015-04-22,61.547088623046875
2015-04-23,60.44423294067383
2015-04-24,60.4815673828125
2015-04-27,60.18288803100586
2015-04-28,60.048500061035156
2015-04-29,59.622886657714844
2015-04-30,59.3690185546875
2015-05-01,59.951438903808594
2015-05-04,59.9962158203125
2015-05-05,59.78715896606445
2015-05-06,60.0335578918457
2015-05-07,59.88421630859375
2015-05-08,60.451683044433594
2015-05-11,59.93649673461914
2015-05-12,59.697547912597656
2015-05-13,59.5108642578125
2015-05-14,60.160499572753906
2015-05-15,60.5189094543457
2015-05-18,60.287437438964844
2015-05-19,60.3546257019043
2015-05-20,60.093292236328125
2015-05-21,60.041038513183594
2015-05-22,59.697547912597656
2015-05-26,59.09275436401367
2015-05-27,59.27941131591797
2015-05-28,59.23461151123047
2015-05-29,58.532711029052734
2015-06-01,58.87620162963867
2015-06-02,58.64473342895508
2015-06-03,58.6596565246582
2015-06-04,58.353511810302734
2015-06-05,57.81588363647461
2015-06-08,58.02498245239258
2015-06-09,58.91353988647461
2015-06-10,59.39141845703125
2015-06-11,59.294342041015625
2015-06-12,58.89112854003906
2015-06-15,58.33110427856445
2015-06-16,59.062862396240234
2015-06-17,59.79461669921875
2015-06-18,60.34716796875
2015-06-19,60.138084411621094
2015-06-22,60.07089614868164
2015-06-23,59.57808303833008
2015-06-24,59.3690185546875
2015-06-25,59.27941131591797
2015-06-26,59.24207305908203
2015-06-29,58.480472564697266
2015-06-30,58.42070388793945
2015-07-01,59.525814056396484
2015-07-02,59.68262481689453
2015-07-06,59.7722282409668
2015-07-07,61.019203186035156
2015-07-08,60.47410202026367
2015-07-09,60.22772216796875
2015-07-10,60.44423294067383
2015-07-13,61.16104507446289
2015-07-14,61.258140563964844
2015-07-15,61.34027099609375
2015-07-16,61.45227813720703
2015-07-17,61.40746307373047
2015-07-20,61.370121002197266
2015-07-21,60.95198440551758
2015-07-22,60.84884262084961
2015-07-23,60.75099182128906
2015-07-24,60.44235610961914
2015-07-27,60.201438903808594
2015-07-28,60.39716720581055
2015-07-29,60.690773010253906
2015-07-30,58.25923538208008
2015-07-31,57.73978805541992
2015-08-03,57.5139274597168
2015-08-04,57.14508819580078
2015-08-05,57.0396728515625
2015-08-06,57.01710510253906
2015-08-07,56.82138442993164
2015-08-10,57.49888610839844
2015-08-11,57.378440856933594
2015-08-12,57.50642776489258
2015-08-13,57.04718780517578
2015-08-14,56.92677307128906
2015-08-17,56.859004974365234
2015-08-18,56.557899475097656
2015-08-19,55.79756546020508
2015-08-20,55.639469146728516
2015-08-21,54.081172943115234
2015-08-24,52.04861068725586
2015-08-25,51.506591796875
2015-08-26,53.37352752685547
2015-08-27,53.810176849365234
2015-08-28,53.606895446777344
2015-08-31,53.20038986206055
2015-09-01,51.867950439453125
2015-09-02,52.55299377441406
2015-09-03,52.643333435058594
2015-09-04,51.76255798339844
2015-09-08,52.680965423583984
2015-09-09,51.55177307128906
2015-09-10,51.43132019042969
2015-09-11,51.506591796875
2015-09-14,51.235595703125
2015-09-15,52.28196334838867
2015-09-16,52.771305084228516
2015-09-17,52.8766975402832
2015-09-18,52.65085983276367
2015-09-21,53.18534469604492
2015-09-22,52.83905792236328
2015-09-23,52.891754150390625
2015-09-24,53.7198371887207
2015-09-25,54.70599365234375
2015-09-28,54.028499603271484
2015-09-29,54.41239547729492
2015-09-30,54.156455993652344
2015-10-01,54.16398620605469
2015-10-02,54.5178108215332
2015-10-05,55.12004852294922
2015-10-06,55.25556564331055
2015-10-07,55.49644470214844
2015-10-08,56.008358001708984
2015-10-09,56.06857681274414
2015-10-12,55.95564270019531
2015-10-13,55.79002380371094
2015-10-14,55.865333557128906
2015-10-15,55.91048049926758
2015-10-16,56.38475036621094
2015-10-19,56.58045959472656
2015-10-20,56.03093338012695
2015-10-21,55.896484375
2015-10-22,56.85354232788086
2015-10-23,58.50939178466797
2015-10-26,58.85877990722656
2015-10-27,58.70687484741211
2015-10-28,58.11443328857422
2015-10-29,58.501792907714844
2015-10-30,58.01566696166992
2015-11-02,58.18278503417969
2015-11-03,58.524593353271484
2015-11-04,58.53218078613281
2015-11-05,58.02328109741211
2015-11-06,57.40043258666992
2015-11-09,57.27128601074219
2015-11-10,57.552337646484375
2015-11-11,57.696651458740234
2015-11-12,56.709232330322266
2015-11-13,56.17753219604492
2015-11-16,57.195350646972656
2015-11-17,57.020660400390625
2015-11-18,57.65107345581055
2015-11-19,57.894142150878906
2015-11-20,57.59030532836914
2015-11-23,57.704246520996094
2015-11-24,58.068843841552734
2015-11-25,57.65107345581055
2015-11-27,57.499176025390625
2015-11-30,56.845951080322266
2015-12-01,57.68147277832031
2015-12-02,57.56754684448242
2015-12-03,57.5295524597168
2015-12-04,59.117034912109375
2015-12-07,59.527225494384766
2015-12-08,59.05629348754883
2015-12-09,59.018314361572266
2015-12-10,59.086666107177734
2015-12-11,59.07908248901367
2015-12-14,59.466453552246094
2015-12-15,60.52223587036133
2015-12-16,61.51726531982422
2015-12-17,60.98560333251953
2015-12-18,59.344913482666016
2015-12-21,59.9677734375
2015-12-22,60.461490631103516
2015-12-23,60.704532623291016
2015-12-24,60.60578155517578
2015-12-28,60.704532623291016
2015-12-29,61.038761138916016
2015-12-30,60.81846618652344
2015-12-31,60.31715774536133
2016-01-04,59.527225494384766
2016-01-05,59.71711730957031
2016-01-06,59.13983917236328
2016-01-07,58.623321533203125
2016-01-08,57.704246520996094
2016-01-11,58.235931396484375
2016-01-12,58.11443328857422
2016-01-13,57.613094329833984
2016-01-14,57.84098815917969
2016-01-15,56.95227813720703
2016-01-19,58.281532287597656
2016-01-20,58.09992980957031
2016-01-21,58.78184509277344
2016-01-22,59.2722053527832
2016-01-25,58.88142776489258
2016-01-26,60.383182525634766
2016-01-27,60.375526428222656
2016-01-28,61.15703201293945
2016-01-29,62.58979034423828
2016-02-01,62.153053283691406
2016-02-02,61.4635124206543
2016-02-03,62.13774490356445
2016-02-04,61.831268310546875
2016-02-05,62.214378356933594
2016-02-08,63.30234909057617
2016-02-09,63.317649841308594
2016-02-10,62.53615188598633
2016-02-11,61.21832275390625
2016-02-12,62.0534553527832
2016-02-16,62.4212532043457
2016-02-17,63.172088623046875
2016-02-18,62.81199645996094
2016-02-19,62.66641616821289
2016-02-22,62.926918029785156
2016-02-23,62.68173599243164
2016-02-24,62.49020767211914
2016-02-25,63.08782196044922
2016-02-26,62.13774490356445
2016-02-29,61.517154693603516
2016-03-01,62.237335205078125
2016-03-02,63.24872589111328
2016-03-03,63.470890045166016
2016-03-04,63.96893310546875
2016-03-07,63.67012023925781
2016-03-08,63.639469146728516
2016-03-09,63.56283950805664
2016-03-10,63.04185104370117
2016-03-11,62.63578414916992
2016-03-14,62.191368103027344
2016-03-15,62.29863357543945
2016-03-16,62.321651458740234
2016-03-17,63.401939392089844
2016-03-18,63.70842361450195
2016-03-21,63.83869171142578
2016-03-22,63.3942756652832
2016-03-23,63.455596923828125
2016-03-24,63.50921630859375
2016-03-28,63.30234909057617
2016-03-29,63.44026565551758
2016-03-30,63.34832763671875
2016-03-31,63.0648078918457
2016-04-01,63.999568939208984
2016-04-04,63.754398345947266
2016-04-05,63.71607971191406
2016-04-06,64.214111328125
2016-04-07,63.77737808227539
2016-04-08,63.746734619140625
2016-04-11,63.38662338256836
2016-04-12,63.463253021240234
2016-04-13,63.179744720458984
2016-04-14,63.34969711303711
2016-04-15,63.5737190246582
2016-04-18,63.98310089111328
2016-04-19,64.3307113647461
2016-04-20,62.9943733215332
2016-04-21,62.41503143310547
2016-04-22,62.53089141845703
2016-04-25,62.8862190246582
2016-04-26,61.449459075927734
2016-04-27,61.71208190917969
2016-04-28,61.611637115478516
2016-04-29,61.88974380493164
2016-05-02,62.546348571777344
2016-05-03,62.646766662597656
2016-05-04,63.03300094604492
2016-05-05,62.80124282836914
2016-05-06,63.44237518310547
2016-05-09,63.434696197509766
2016-05-10,63.71276092529297
2016-05-11,63.45783615112305
2016-05-12,63.65867233276367
2016-05-13,62.747196197509766
2016-05-16,63.05617141723633
2016-05-17,62.275978088378906
2016-05-18,61.68117904663086
2016-05-19,61.94380187988281
2016-05-20,61.8125
2016-05-23,61.951515197753906
2016-05-24,62.546348571777344
2016-05-25,62.94029998779297
2016-05-26,62.73945236206055
2016-05-27,62.90167999267578
2016-05-31,62.60041809082031
2016-06-01,63.17972946166992
2016-06-02,63.3033332824707
2016-06-03,63.70501708984375
2016-06-06,63.93674850463867
2016-06-07,63.589149475097656
2016-06-08,63.84406661987305
2016-06-09,64.2457504272461
2016-06-10,64.2689208984375
2016-06-13,63.78226089477539
2016-06-14,64.38480377197266
2016-06-15,64.0758285522461
2016-06-16,64.43116760253906
2016-06-17,64.21483612060547
2016-06-20,64.14533996582031
2016-06-21,64.43116760253906
2016-06-22,64.55473327636719
2016-06-23,65.04911804199219
2016-06-24,63.54281234741211
2016-06-27,62.747196197509766
2016-06-28,63.697330474853516
2016-06-29,64.81739044189453
2016-06-30,65.40444946289062
2016-07-01,65.48941802978516
2016-07-05,65.99925231933594
2016-07-06,65.68253326416016
2016-07-07,65.52803802490234
2016-07-08,66.25416564941406
2016-07-11,66.23870849609375
2016-07-12,66.23870849609375
2016-07-13,66.34683990478516
2016-07-14,66.33138275146484
2016-07-15,66.43954467773438
2016-07-18,66.37774658203125
2016-07-19,66.5631332397461
2016-07-20,66.42301177978516
2016-07-21,66.37627410888672
2016-07-22,66.73442077636719
2016-07-25,66.79670715332031
2016-07-26,66.38407135009766
2016-07-27,65.75347900390625
2016-07-28,66.02596282958984
2016-07-29,66.63320922851562
2016-08-01,67.2715835571289
2016-08-02,67.54408264160156
2016-08-03,66.92903137207031
2016-08-04,66.99132537841797
2016-08-05,66.78109741210938
2016-08-08,66.76555633544922
2016-08-09,66.94462585449219
2016-08-10,67.19374084472656
2016-08-11,67.52072143554688
2016-08-12,67.76205444335938
2016-08-15,67.74647521972656
2016-08-16,67.40393829345703
2016-08-17,67.69976806640625
2016-08-18,68.0734634399414
2016-08-19,67.97224426269531
2016-08-22,67.6141357421875
2016-08-23,68.04234313964844
2016-08-24,67.97224426269531
2016-08-25,68.43157196044922
2016-08-26,68.18244934082031
2016-08-29,68.74298095703125
2016-08-30,68.15131378173828
2016-08-31,67.97224426269531
2016-09-01,68.75077819824219
2016-09-02,68.66513061523438
2016-09-06,69.00768280029297
2016-09-07,68.47051239013672
2016-09-08,68.33815002441406
2016-09-09,67.13924407958984
2016-09-12,68.7040786743164
2016-09-13,67.76985168457031
2016-09-14,67.73870086669922
2016-09-15,68.55613708496094
2016-09-16,68.54834747314453
2016-09-19,68.79749298095703
2016-09-20,68.96096801757812
2016-09-21,68.35372924804688
2016-09-22,69.28015899658203
2016-09-23,68.32257843017578
2016-09-26,68.39265441894531
2016-09-27,68.7896957397461
2016-09-28,69.64605712890625
2016-09-29,68.68850708007812
2016-09-30,69.87183380126953
2016-10-03,69.02325439453125
2016-10-04,68.78191375732422
2016-10-05,69.17115783691406
2016-10-06,69.45922088623047
2016-10-07,70.06646728515625
2016-10-10,69.33467102050781
2016-10-11,68.9298324584961
2016-10-12,68.95320892333984
2016-10-13,68.6962661743164
2016-10-14,68.84419250488281
2016-10-17,68.3770980834961
2016-10-18,68.08123016357422
2016-10-19,67.10843658447266
2016-10-20,66.62987518310547
2016-10-21,66.1591567993164
2016-10-24,65.97870635986328
2016-10-25,68.2303237915039
2016-10-26,68.56766510009766
2016-10-27,67.92435455322266
2016-10-28,68.12833404541016
2016-10-31,68.09693145751953
2016-11-01,68.13616943359375
2016-11-02,68.04984283447266
2016-11-03,67.94002532958984
2016-11-04,66.74755859375
2016-11-07,67.90866088867188
2016-11-08,68.61471557617188
2016-11-09,67.41442108154297
2016-11-10,65.0843505859375
2016-11-11,65.57074737548828
2016-11-14,65.11573028564453
2016-11-15,65.6021499633789
2016-11-16,65.26477813720703
2016-11-17,65.170654296875
2016-11-18,64.33120727539062
2016-11-21,64.83330535888672
2016-11-22,64.92745208740234
2016-11-23,64.86469268798828
2016-11-25,65.47661590576172
2016-11-28,65.170654296875
2016-11-29,65.02943420410156
2016-11-30,64.69210052490234
2016-12-01,64.22138214111328
2016-12-02,64.64501953125
2016-12-05,65.10789489746094
2016-12-06,65.0451431274414
2016-12-07,66.0414810180664
2016-12-08,65.50799560546875
2016-12-09,66.19052124023438
2016-12-12,66.78677368164062
2016-12-13,66.82601165771484
2016-12-14,66.19052124023438
2016-12-15,66.43374633789062
2016-12-16,66.43374633789062
2016-12-19,66.45726013183594
2016-12-20,66.3474349975586
2016-12-21,66.11991882324219
2016-12-22,66.26900482177734
2016-12-23,66.65341186523438
2016-12-27,66.3709945678711
2016-12-28,65.9551773071289
2016-12-29,66.17483520507812
2016-12-30,65.96302795410156
2017-01-03,66.05714416503906
2017-01-04,66.29252624511719
2017-01-05,66.73186492919922
2017-01-06,66.70831298828125
2017-01-09,66.2140884399414
2017-01-10,65.50015258789062
2017-01-11,65.70413970947266
2017-01-12,65.77472686767578
2017-01-13,65.90811157226562
2017-01-17,66.84954071044922
2017-01-18,67.1579360961914
2017-01-19,66.97607421875
2017-01-20,69.1506118774414
2017-01-23,68.76312255859375
2017-01-24,69.47481536865234
2017-01-25,68.92127990722656
2017-01-26,68.47847747802734
2017-01-27,68.57337188720703
2017-01-30,68.59708404541016
2017-01-31,69.26920318603516
2017-02-01,69.05570983886719
2017-02-02,69.39573669433594
2017-02-03,69.1189956665039
2017-02-06,69.11107635498047
2017-02-07,69.59342956542969
2017-02-08,69.8464584350586
2017-02-09,70.11531066894531
2017-02-10,69.56182098388672
2017-02-13,69.83064270019531
2017-02-14,69.47481536865234
2017-02-15,72.05262756347656
2017-02-16,71.79169464111328
2017-02-17,72.0289077758789
2017-02-21,72.487548828125
2017-02-22,72.30569458007812
2017-02-23,72.06056213378906
2017-02-24,71.9972915649414
2017-02-27,71.87075805664062
2017-02-28,72.01309204101562
2017-03-01,72.47964477539062
2017-03-02,71.8865966796875
2017-03-03,71.56238555908203
2017-03-06,71.45956420898438
2017-03-07,71.39632415771484
2017-03-08,71.2777099609375
2017-03-09,71.43585968017578
2017-03-10,72.01309204101562
2017-03-13,72.20286560058594
2017-03-14,71.95775604248047
2017-03-15,72.2740478515625
2017-03-16,72.30569458007812
2017-03-17,71.95775604248047
2017-03-20,72.13174438476562
2017-03-21,72.10801696777344
2017-03-22,71.94984436035156
2017-03-23,71.77588653564453
2017-03-24,71.61770629882812
2017-03-27,71.5544662475586
2017-03-28,71.76795196533203
2017-03-29,71.64144897460938
2017-03-30,71.32514190673828
2017-03-31,71.04840087890625
2017-04-03,70.91397094726562
2017-04-04,71.09585571289062
2017-04-05,71.14329528808594
2017-04-06,70.69255065917969
2017-04-07,70.55812072753906
2017-04-10,70.76372528076172
2017-04-11,71.00884246826172
2017-04-12,71.41211700439453
2017-04-13,71.19072723388672
2017-04-17,71.47540283203125
2017-04-18,71.79961395263672
2017-04-19,71.39321899414062
2017-04-20,71.17808532714844
2017-04-21,70.61236572265625
2017-04-24,71.3533935546875
2017-04-25,71.7119369506836
2017-04-26,69.91120147705078
2017-04-27,69.87133026123047
2017-04-28,69.58448791503906
2017-05-01,69.39325714111328
2017-05-02,68.70005798339844
2017-05-03,68.86737823486328
2017-05-04,68.8833236694336
2017-05-05,68.92316436767578
2017-05-08,68.9630126953125
2017-05-09,68.8434829711914
2017-05-10,68.91519165039062
2017-05-11,68.66018676757812
2017-05-12,68.67615509033203
2017-05-15,68.7876968383789
2017-05-16,68.71598815917969
2017-05-17,68.73193359375
2017-05-18,68.42115020751953
2017-05-19,68.71598815917969
2017-05-22,68.69208526611328
2017-05-23,68.58850860595703
2017-05-24,68.92316436767578
2017-05-25,69.20997619628906
2017-05-26,69.52075958251953
2017-05-30,69.6402816772461
2017-05-31,70.19007873535156
2017-06-01,70.22195434570312
2017-06-02,70.58845520019531
2017-06-05,70.70796203613281
2017-06-06,70.75580596923828
2017-06-07,70.73187255859375
2017-06-08,69.99882507324219
2017-06-09,70.24584197998047
2017-06-12,70.30958557128906
2017-06-13,70.1661605834961
2017-06-14,70.46894073486328
2017-06-15,71.2179183959961
2017-06-16,71.44104766845703
2017-06-19,71.60042572021484
2017-06-20,71.4171371459961
2017-06-21,71.2338638305664
2017-06-22,70.93907165527344
2017-06-23,71.24981689453125
2017-06-26,71.20199584960938
2017-06-27,70.6043930053711
2017-06-28,70.41316986083984
2017-06-29,69.31359100341797
2017-06-30,69.44107818603516
2017-07-03,69.91120147705078
2017-07-05,69.85540771484375
2017-07-06,69.61637878417969
2017-07-07,69.83946990966797
2017-07-10,69.39325714111328
2017-07-11,69.13829803466797
2017-07-12,69.28966522216797
2017-07-13,69.0824966430664
2017-07-14,69.4012222290039
2017-07-17,69.75982666015625
2017-07-18,70.6282958984375
2017-07-19,70.94953155517578
2017-07-20,71.15029907226562
2017-07-21,71.15831756591797
2017-07-24,70.8130111694336
2017-07-25,71.58393859863281
2017-07-26,71.71241760253906
2017-07-27,72.82064819335938
2017-07-28,72.44320678710938
2017-07-31,72.93306732177734
2017-08-01,73.15790557861328
2017-08-02,73.1097412109375
2017-08-03,72.96520233154297
2017-08-04,72.81259155273438
2017-08-07,73.43097686767578
2017-08-08,73.54338836669922
2017-08-09,73.81640625
2017-08-10,73.67184448242188
2017-08-11,73.35064697265625
2017-08-14,73.59960174560547
2017-08-15,74.04125213623047
2017-08-16,74.2340087890625
2017-08-17,73.93688201904297
2017-08-18,74.25808715820312
2017-08-21,74.5712890625
2017-08-22,74.51509094238281
2017-08-23,74.2340087890625
2017-08-24,74.09750366210938
2017-08-25,74.29020690917969
2017-08-28,74.25808715820312
2017-08-29,74.13762664794922
2017-08-30,73.77628326416016
2017-08-31,74.09750366210938
2017-09-01,74.30628204345703
2017-09-05,74.45885467529297
2017-09-06,74.45885467529297
2017-09-07,74.65960693359375
2017-09-08,74.55522155761719
2017-09-11,75.47870635986328
2017-09-12,75.09326934814453
2017-09-13,75.12540435791016
2017-09-14,75.12540435791016
2017-09-15,74.90054321289062
2017-09-18,74.80416107177734
2017-09-19,75.62327575683594
2017-09-20,75.8079833984375
2017-09-21,74.39459991455078
2017-09-22,74.07337188720703
2017-09-25,74.45885467529297
2017-09-26,74.40265655517578
2017-09-27,72.97322082519531
2017-09-28,72.98926544189453
2017-09-29,73.06156921386719
2017-10-02,73.69596099853516
2017-10-03,73.9770278930664
2017-10-04,74.21793365478516
2017-10-05,73.9047622680664
2017-10-06,74.14568328857422
2017-10-09,73.9770278930664
2017-10-10,73.57548522949219
2017-10-11,73.44700622558594
2017-10-12,74.00110626220703
2017-10-13,74.71583557128906
2017-10-16,74.796142578125
2017-10-17,74.5230941772461
2017-10-18,74.4990005493164
2017-10-19,74.10258483886719
2017-10-20,71.40028381347656
2017-10-23,70.63166809082031
2017-10-24,70.37275695800781
2017-10-25,70.2756576538086
2017-10-26,70.79348754882812
2017-10-27,70.42131805419922
2017-10-30,69.7983169555664
2017-10-31,69.85493469238281
2017-11-01,70.29996490478516
2017-11-02,69.99250030517578
2017-11-03,70.04914855957031
2017-11-06,69.62034606933594
2017-11-07,70.37275695800781
2017-11-08,70.85821533203125
2017-11-09,71.02000427246094
2017-11-10,71.32746124267578
2017-11-13,72.00707244873047
2017-11-14,71.90190124511719
2017-11-15,71.38409423828125
2017-11-16,72.20935821533203
2017-11-17,71.5459213256836
2017-11-20,71.41645050048828
2017-11-21,71.78055572509766
2017-11-22,71.46500396728516
2017-11-24,71.56210327148438
2017-11-27,71.97471618652344
2017-11-28,72.33070373535156
2017-11-29,72.31450653076172
2017-11-30,72.80804443359375
2017-12-01,73.107421875
2017-12-04,73.95695495605469
2017-12-05,73.94883728027344
2017-12-06,73.82746887207031
2017-12-07,72.89704895019531
2017-12-08,73.11549377441406
2017-12-11,73.00223541259766
2017-12-12,72.69479370117188
2017-12-13,73.52814483642578
2017-12-14,73.62521362304688
2017-12-15,74.34526062011719
2017-12-18,74.3371810913086
2017-12-19,74.17538452148438
2017-12-20,74.05401611328125
2017-12-21,74.16728973388672
2017-12-22,74.53947448730469
2017-12-26,74.8226547241211
2017-12-27,74.51519775390625
2017-12-28,74.49092864990234
2017-12-29,74.3371810913086
2018-01-02,73.3420639038086
2018-01-03,73.2530517578125
2018-01-04,73.77085876464844
2018-01-05,73.81938171386719
2018-01-08,74.20774841308594
2018-01-09,73.66567993164062
2018-01-10,73.19640350341797
2018-01-11,72.9375
2018-01-12,72.50059509277344
2018-01-16,72.99414825439453
2018-01-17,73.78703308105469
2018-01-18,73.51799774169922
2018-01-19,74.24356079101562
2018-01-22,74.91204071044922
2018-01-23,72.5968017578125
2018-01-24,71.99351501464844
2018-01-25,72.0179672241211
2018-01-26,71.52069091796875
2018-01-29,70.81143188476562
2018-01-30,70.8847885131836
2018-01-31,70.38749694824219
2018-02-01,69.9880142211914
2018-02-02,68.68364715576172
2018-02-05,66.08306121826172
2018-02-06,67.15916442871094
2018-02-07,66.71892547607422
2018-02-08,65.39825439453125
2018-02-09,65.15367889404297
2018-02-12,66.30316162109375
2018-02-13,66.44176483154297
2018-02-14,65.77326202392578
2018-02-15,67.18363189697266
2018-02-16,67.33851623535156
2018-02-20,66.31132507324219
2018-02-21,65.41456604003906
2018-02-22,65.9036865234375
2018-02-23,66.07492065429688
2018-02-26,66.5477523803711
2018-02-27,65.65912628173828
2018-02-28,64.01234436035156
2018-03-01,64.15910339355469
2018-03-02,64.811279296875
2018-03-05,65.45531463623047
2018-03-06,65.2352066040039
2018-03-07,64.53409576416016
2018-03-08,65.19444274902344
2018-03-09,65.45531463623047
2018-03-12,65.10475158691406
2018-03-13,64.99061584472656
2018-03-14,64.4036636352539
2018-03-15,64.13463592529297
2018-03-16,64.37921142578125
2018-03-19,64.12649536132812
2018-03-20,63.84115219116211
2018-03-21,62.8057861328125
2018-03-22,62.292198181152344
2018-03-23,61.88460159301758
2018-03-26,62.292198181152344
2018-03-27,63.41724395751953
2018-03-28,64.27322387695312
2018-03-29,64.63191223144531
2018-04-02,63.09927749633789
2018-04-03,63.963436126708984
2018-04-04,64.44441223144531
2018-04-05,64.2406234741211
2018-04-06,63.9389762878418
2018-04-09,63.7188835144043
2018-04-10,63.89007568359375
2018-04-11,63.80855178833008
2018-04-12,63.41724395751953
2018-04-13,63.89007568359375
2018-04-16,64.08572387695312
2018-04-17,63.9389762878418
2018-04-18,63.751468658447266
2018-04-19,61.6673583984375
2018-04-20,60.72117233276367
2018-04-23,60.06296157836914
2018-04-24,59.65156555175781
2018-04-25,59.48701858520508
2018-04-26,59.857242584228516
2018-04-27,59.906620025634766
2018-04-30,59.51990509033203
2018-05-01,59.2072639465332
2018-05-02,58.36800765991211
2018-05-03,58.71360397338867
2018-05-04,59.59397506713867
2018-05-07,59.223716735839844
2018-05-08,58.7794075012207
2018-05-09,59.54459762573242
2018-05-10,60.186378479003906
2018-05-11,60.36738204956055
2018-05-14,60.293338775634766
2018-05-15,60.02181625366211
2018-05-16,60.4990234375
2018-05-17,60.85280990600586
2018-05-18,60.43319320678711
2018-05-21,60.935089111328125
2018-05-22,60.9104118347168
2018-05-23,61.03382873535156
2018-05-24,60.696502685546875
2018-05-25,61.14079284667969
2018-05-29,60.92687225341797
2018-05-30,61.61800765991211
2018-05-31,60.20281982421875
2018-06-01,60.43319320678711
2018-06-04,61.03382873535156
2018-06-05,60.86103439331055
2018-06-06,61.1737060546875
2018-06-07,62.33381652832031
2018-06-08,63.50215530395508
2018-06-11,63.79012680053711
2018-06-12,63.55154800415039
2018-06-13,62.917991638183594
2018-06-14,62.523040771484375
2018-06-15,63.666725158691406
2018-06-18,62.39964294433594
2018-06-19,62.80282974243164
2018-06-20,62.407859802246094
2018-06-21,62.89331817626953
2018-06-22,63.707847595214844
2018-06-25,64.00405883789062
2018-06-26,64.1768798828125
2018-06-27,63.921791076660156
2018-06-28,64.21800994873047
2018-06-29,64.22622680664062
2018-07-02,64.28380584716797
2018-07-03,64.09456634521484
2018-07-05,65.17240142822266
2018-07-06,65.25469207763672
2018-07-09,64.06168365478516
2018-07-10,65.67431640625
2018-07-11,65.13128662109375
2018-07-12,64.90912628173828
2018-07-13,65.25469207763672
2018-07-16,65.43572235107422
2018-07-17,65.84711456298828
2018-07-18,65.5920181274414
2018-07-19,65.36537170410156
2018-07-20,65.32386779785156
2018-07-23,65.18274688720703
2018-07-24,65.58124542236328
2018-07-25,65.97974395751953
2018-07-26,66.4945068359375
2018-07-27,66.9013442993164
2018-07-30,66.58583068847656
2018-07-31,67.15039825439453
2018-08-01,66.95944213867188
2018-08-02,68.08027648925781
2018-08-03,68.35427856445312
2018-08-06,68.51203155517578
2018-08-07,68.61163330078125
2018-08-08,68.37085723876953
2018-08-09,67.58211517333984
2018-08-10,67.6070327758789
2018-08-13,67.68177032470703
2018-08-14,67.50741577148438
2018-08-15,68.3293685913086
2018-08-16,69.48341369628906
2018-08-17,69.48341369628906
2018-08-20,69.44187927246094
2018-08-21,69.65774536132812
2018-08-22,69.23432922363281
2018-08-23,69.10977935791016
2018-08-24,69.20944213867188
2018-08-27,69.27584838867188
2018-08-28,69.30904388427734
2018-08-29,69.3173599243164
2018-08-30,69.25093078613281
2018-08-31,68.86901092529297
2018-09-04,68.66146087646484
2018-09-05,69.15129089355469
2018-09-06,68.61994934082031
2018-09-07,68.00556945800781
2018-09-10,68.39578247070312
2018-09-11,68.0886001586914
2018-09-12,69.00186157226562
2018-09-13,69.28416442871094
2018-09-14,69.41697692871094
2018-09-17,69.94832611083984
2018-09-18,69.74078369140625
2018-09-19,69.74078369140625
2018-09-20,70.8698959350586
2018-09-21,71.2518310546875
2018-09-24,69.96495819091797
2018-09-25,69.0101547241211
2018-09-26,69.12640380859375
2018-09-27,68.79428100585938
2018-09-28,69.10149383544922
2018-10-01,69.466796875
2018-10-02,70.0396728515625
2018-10-03,68.93543243408203
2018-10-04,68.01387786865234
2018-10-05,68.20484161376953
2018-10-08,68.41239929199219
2018-10-09,68.246337890625
2018-10-10,67.61534118652344
2018-10-11,65.48160552978516
2018-10-12,65.63935852050781
2018-10-15,66.5277328491211
2018-10-16,67.25833129882812
2018-10-17,67.96402740478516
2018-10-18,67.20771789550781
2018-10-19,73.1210708618164
2018-10-22,72.53474426269531
2018-10-23,73.00379180908203
2018-10-24,74.93021392822266
2018-10-25,74.5449447631836
2018-10-26,73.59010314941406
2018-10-29,73.90837097167969
2018-10-30,74.7040786743164
2018-10-31,74.27689361572266
2018-11-01,75.03910064697266
2018-11-02,75.223388671875
2018-11-05,76.38762664794922
2018-11-06,76.64727020263672
2018-11-07,76.46302032470703
2018-11-08,76.52164459228516
2018-11-09,77.40110778808594
2018-11-12,77.64398956298828
2018-11-13,78.28895568847656
2018-11-14,78.3056869506836
2018-11-15,78.59048461914062
2018-11-16,78.58209228515625
2018-11-19,78.13818359375
2018-11-20,77.14147186279297
2018-11-21,76.56352996826172
2018-11-23,76.67240142822266
2018-11-26,77.00743865966797
2018-11-27,77.66075897216797
2018-11-28,77.90365600585938
2018-11-29,77.74451446533203
2018-11-30,79.1600341796875
2018-12-03,78.16329193115234
2018-12-04,78.1549301147461
2018-12-06,78.35596466064453
2018-12-07,77.43460845947266
2018-12-10,77.92039489746094
2018-12-11,78.65748596191406
2018-12-12,78.75798034667969
2018-12-13,80.81845092773438
2018-12-14,80.94407653808594
2018-12-17,77.70262908935547
2018-12-18,77.46813201904297
2018-12-19,76.85668182373047
2018-12-20,76.203369140625
2018-12-21,76.19499206542969
2018-12-24,73.1712875366211
2018-12-26,75.4579086303711
2018-12-27,77.07443237304688
2018-12-28,76.37088012695312
2018-12-31,76.99069213867188
2019-01-02,76.45462799072266
2019-01-03,75.91858673095703
2019-01-04,77.46813201904297
2019-01-07,77.1582260131836
2019-01-08,77.4429702758789
2019-01-09,76.17823028564453
2019-01-10,76.36250305175781
2019-01-11,76.86504364013672
2019-01-14,76.34574890136719
2019-01-15,77.0660629272461
2019-01-16,76.53002166748047
2019-01-17,76.51904296875
2019-01-18,77.17752075195312
2019-01-22,76.35018920898438
2019-01-23,80.0647201538086
2019-01-24,79.60883331298828
2019-01-25,79.01789093017578
2019-01-28,78.95037078857422
2019-01-29,78.96723937988281
2019-01-30,79.7945785522461
2019-01-31,81.44078826904297
2019-02-01,82.28498077392578
2019-02-04,82.75773620605469
2019-02-05,82.25965881347656
2019-02-06,82.66487884521484
2019-02-07,82.00640106201172
2019-02-08,82.48759460449219
2019-02-11,82.9603500366211
2019-02-12,83.79609680175781
2019-02-13,83.77922821044922
2019-02-14,83.1207504272461
2019-02-15,83.13763427734375
2019-02-19,84.41239166259766
2019-02-20,83.81300354003906
2019-02-21,84.23509979248047
2019-02-22,84.63186645507812
2019-02-25,84.05780792236328
2019-02-26,84.2773208618164
2019-02-27,83.50064086914062
2019-02-28,83.19674682617188
2019-03-01,83.10387420654297
2019-03-04,83.4668960571289
2019-03-05,83.65260314941406
2019-03-06,83.51751708984375
2019-03-07,83.19674682617188
2019-03-08,83.07854461669922
2019-03-11,84.0662612915039
2019-03-12,84.46302795410156
2019-03-13,85.4169921875
2019-03-14,85.53518676757812
2019-03-15,86.48068237304688
2019-03-18,85.69559478759766
2019-03-19,86.02483367919922
2019-03-20,85.87287902832031
2019-03-21,86.52289581298828
2019-03-22,85.82222747802734
2019-03-25,86.07549285888672
2019-03-26,86.97034454345703
2019-03-27,86.8690185546875
2019-03-28,87.41777038574219
2019-03-29,87.83987426757812
2019-04-01,87.49373626708984
2019-04-02,87.58660125732422
2019-04-03,87.53595733642578
2019-04-04,87.31647491455078
2019-04-05,87.50216674804688
2019-04-08,88.61656188964844
2019-04-09,88.35485076904297
2019-04-10,88.34638977050781
2019-04-11,88.43082427978516
2019-04-12,88.69251251220703
2019-04-15,89.25814056396484
2019-04-16,89.84065246582031
2019-04-17,89.99027252197266
2019-04-18,90.1603012084961
2019-04-22,90.1263198852539
2019-04-23,87.70333862304688
2019-04-24,88.15392303466797
2019-04-25,87.80532836914062
2019-04-26,89.99878692626953
2019-04-29,89.08059692382812
2019-04-30,90.52588653564453
2019-05-01,89.2081069946289
2019-05-02,89.74373626708984
2019-05-03,90.18582916259766
2019-05-06,89.84574127197266
2019-05-07,89.0125732421875
2019-05-08,89.32715606689453
2019-05-09,88.62151336669922
2019-05-10,90.1263198852539
2019-05-13,90.21133422851562
2019-05-14,89.77774810791016
2019-05-15,90.7129135131836
2019-05-16,91.91165161132812
2019-05-17,91.35053253173828
2019-05-20,91.24852752685547
2019-05-21,90.43236541748047
2019-05-22,90.72991180419922
2019-05-23,90.76394653320312
2019-05-24,90.70442199707031
2019-05-28,88.80854797363281
2019-05-29,88.57902526855469
2019-05-30,89.5481948852539
2019-05-31,87.49078369140625
2019-06-03,88.24742889404297
2019-06-04,88.99559020996094
2019-06-05,90.73841857910156
2019-06-06,91.29102325439453
2019-06-07,92.4727783203125
2019-06-10,92.43026733398438
2019-06-11,92.99138641357422
2019-06-12,93.24642181396484
2019-06-13,94.29212951660156
2019-06-14,94.53868103027344
2019-06-17,94.36013793945312
2019-06-18,93.17842102050781
2019-06-19,93.87557983398438
2019-06-20,94.99777221679688
2019-06-21,94.53868103027344
2019-06-24,95.4993667602539
2019-06-25,94.98076629638672
2019-06-26,93.28893280029297
2019-06-27,93.33143615722656
2019-06-28,93.22090911865234
2019-07-01,93.93507385253906
2019-07-02,94.77672576904297
2019-07-03,96.9871597290039
2019-07-05,96.19649505615234
2019-07-08,96.96165466308594
2019-07-09,95.99247741699219
2019-07-10,96.70658111572266
2019-07-11,97.24221801757812
2019-07-12,97.76080322265625
2019-07-15,98.17740631103516
2019-07-16,98.52598571777344
2019-07-17,98.5684814453125
2019-07-18,98.77896881103516
2019-07-19,98.41104125976562
2019-07-22,98.65917205810547
2019-07-23,97.41845703125
2019-07-24,96.3488540649414
2019-07-25,96.49430847167969
2019-07-26,98.17144012451172
2019-07-29,99.2581558227539
2019-07-30,103.03165435791016
2019-07-31,101.00371551513672
2019-08-01,99.88279724121094
2019-08-02,99.6346435546875
2019-08-05,96.75956726074219
2019-08-06,97.78639221191406
2019-08-07,98.847412109375
2019-08-08,100.49032592773438
2019-08-09,99.92557525634766
2019-08-12,99.2838134765625
2019-08-13,100.3277359008789
2019-08-14,99.07845306396484
2019-08-15,100.44754791259766
2019-08-16,101.97920989990234
2019-08-19,102.88619995117188
2019-08-20,101.7396011352539
2019-08-21,101.99630737304688
2019-08-22,102.18456268310547
2019-08-23,100.38764953613281
2019-08-26,102.09898376464844
2019-08-27,103.1514663696289
2019-08-28,103.8788070678711
2019-08-29,103.69054412841797
2019-08-30,102.8776626586914
2019-09-03,103.84454345703125
2019-09-04,105.42756652832031
2019-09-05,105.04252624511719
2019-09-06,105.13662719726562
2019-09-09,104.53765106201172
2019-09-10,102.5781478881836
2019-09-11,103.76753997802734
2019-09-12,105.05103302001953
2019-09-13,104.49488830566406
2019-09-16,102.46691131591797
2019-09-17,103.6734390258789
2019-09-18,103.88734436035156
2019-09-19,104.30663299560547
2019-09-20,104.59754943847656
2019-09-23,105.43611145019531
2019-09-24,105.76982879638672
2019-09-25,105.26497650146484
2019-09-26,106.36880493164062
2019-09-27,106.5912857055664
2019-09-30,106.4286880493164
2019-10-01,105.9751968383789
2019-10-02,103.60498046875
2019-10-03,104.16969299316406
2019-10-04,106.1035385131836
2019-10-07,105.1109619140625
2019-10-08,103.47662353515625
2019-10-09,104.37506866455078
2019-10-10,104.34085083007812
2019-10-11,103.61353302001953
2019-10-14,102.72364044189453
2019-10-15,100.28496551513672
2019-10-16,100.56732940673828
2019-10-17,100.43472290039062
2019-10-18,101.15807342529297
2019-10-21,102.54450988769531
2019-10-22,105.21405029296875
2019-10-23,105.92018127441406
2019-10-24,107.46158599853516
2019-10-25,106.13545227050781
2019-10-28,106.33352661132812
2019-10-29,106.43685913085938
2019-10-30,107.59078979492188
2019-10-31,107.22048950195312
2019-11-01,106.66935729980469
2019-11-04,102.53589630126953
2019-11-05,102.38951110839844
2019-11-06,103.61231231689453
2019-11-07,103.009521484375
2019-11-08,103.07841491699219
2019-11-11,102.75978088378906
2019-11-12,102.7081069946289
2019-11-13,103.89649200439453
2019-11-14,103.76732635498047
2019-11-15,103.80178833007812
2019-11-18,104.96430969238281
2019-11-19,104.5595703125
2019-11-20,105.30878448486328
2019-11-21,103.62953186035156
2019-11-22,103.58648681640625
2019-11-25,103.77593994140625
2019-11-26,105.28292846679688
2019-11-27,104.85234832763672
2019-11-29,105.1106948852539
2019-12-02,105.6790542602539
2019-12-03,105.87710571289062
2019-12-04,107.23771667480469
2019-12-05,107.31522369384766
2019-12-06,106.94493865966797
2019-12-09,107.5304946899414
2019-12-10,107.01383209228516
2019-12-11,107.34963989257812
2019-12-12,107.27217864990234
2019-12-13,108.04720306396484
2019-12-16,108.12467956542969
2019-12-17,107.90941619873047
2019-12-18,106.78993225097656
2019-12-19,107.57357025146484
2019-12-20,107.95245361328125
2019-12-23,107.55633544921875
2019-12-24,107.83190155029297
2019-12-26,107.83190155029297
2019-12-27,108.58109283447266
2019-12-30,107.18605041503906
2019-12-31,107.55633544921875
2020-01-02,106.27322387695312
2020-01-03,105.55850982666016
2020-01-06,105.70487976074219
2020-01-07,105.0504379272461
2020-01-08,105.49820709228516
2020-01-09,106.65213775634766
2020-01-10,106.75548553466797
2020-01-13,107.53911590576172
2020-01-14,107.37550354003906
2020-01-15,108.4691390991211
2020-01-16,108.56387329101562
2020-01-17,108.8566665649414
2020-01-21,108.58109283447266
2020-01-22,108.77053833007812
2020-01-23,108.27332305908203
2020-01-24,108.40325164794922
2020-01-27,108.87969207763672
2020-01-28,109.17422485351562
2020-01-29,108.33393859863281
2020-01-30,109.10491180419922
2020-01-31,107.95280456542969
2020-02-03,108.37725830078125
2020-02-04,108.85370635986328
2020-02-05,109.84988403320312
2020-02-06,110.1357650756836
2020-02-07,109.217529296875
2020-02-10,109.29551696777344
2020-02-11,107.55433654785156
2020-02-12,106.93929290771484
2020-02-13,108.247314453125
2020-02-14,109.2695083618164
2020-02-18,108.16936492919922
2020-02-19,108.66313171386719
2020-02-20,109.6506576538086
2020-02-21,109.7546157836914
2020-02-24,106.80933380126953
2020-02-25,105.18944549560547
2020-02-26,104.08930206298828
2020-02-27,98.32003021240234
2020-02-28,98.08613586425781
2020-03-02,103.5695571899414
2020-03-03,102.36544799804688
2020-03-04,107.84886169433594
2020-03-05,105.3626937866211
2020-03-06,105.38868713378906
2020-03-09,100.53765869140625
2020-03-10,104.42713165283203
2020-03-11,96.66548156738281
2020-03-12,88.219482421875
2020-03-13,98.81379699707031
2020-03-16,93.98876953125
2020-03-17,102.42610168457031
2020-03-18,101.74175262451172
2020-03-19,96.00713348388672
2020-03-20,88.73058319091797
2020-03-23,84.63319396972656
2020-03-24,89.4582290649414
2020-03-25,87.42253875732422
2020-03-26,93.01853942871094
2020-03-27,95.43539428710938
2020-03-30,99.61942291259766
2020-03-31,95.28815460205078
2020-04-01,94.70774841308594
2020-04-02,99.09965515136719
2020-04-03,99.68870544433594
2020-04-06,102.05359649658203
2020-04-07,97.68766021728516
2020-04-08,99.7060317993164
2020-04-09,99.32489776611328
2020-04-13,100.44236755371094
2020-04-14,104.78227996826172
2020-04-15,105.00753021240234
2020-04-16,105.25009155273438
2020-04-17,108.0134506225586
2020-04-20,104.4704360961914
2020-04-21,103.67349243164062
2020-04-22,103.43096923828125
2020-04-23,104.1207275390625
2020-04-24,103.58004760742188
2020-04-27,102.42025756835938
2020-04-28,101.93191528320312
2020-04-29,102.09761810302734
2020-04-30,102.78650665283203
2020-05-01,101.8708724975586
2020-05-04,100.95524597167969
2020-05-05,101.1645278930664
2020-05-06,98.62690734863281
2020-05-07,97.81592559814453
2020-05-08,101.1122055053711
2020-05-11,100.5541000366211
2020-05-12,99.891357421875
2020-05-13,99.34197998046875
2020-05-14,99.24607849121094
2020-05-15,99.94367980957031
2020-05-18,101.33893585205078
2020-05-19,98.05137634277344
2020-05-20,98.78388214111328
2020-05-21,97.3363037109375
2020-05-22,98.19088745117188
2020-05-26,97.6938247680664
2020-05-27,99.31581115722656
2020-05-28,101.2081298828125
2020-05-29,101.08606719970703
2020-06-01,102.245849609375
2020-06-02,102.95219421386719
2020-06-03,103.36205291748047
2020-06-04,101.19942474365234
2020-06-05,103.18765258789062
2020-06-08,103.81551361083984
2020-06-09,103.19637298583984
2020-06-10,103.97248840332031
2020-06-11,101.38256072998047
2020-06-12,100.824462890625
2020-06-15,101.75748443603516
2020-06-16,103.01323699951172
2020-06-17,102.83885955810547
2020-06-18,104.01608276367188
2020-06-19,103.70215606689453
2020-06-22,102.68187713623047
2020-06-23,102.66443634033203
2020-06-24,101.52206420898438
2020-06-25,102.80394744873047
2020-06-26,100.48435974121094
2020-06-29,102.6033935546875
2020-06-30,104.26895904541016
2020-07-01,104.62650299072266
2020-07-02,105.41134643554688
2020-07-06,106.06536102294922
2020-07-07,106.57987213134766
2020-07-08,107.16410827636719
2020-07-09,106.8066177368164
2020-07-10,108.03614807128906
2020-07-13,108.17567443847656
2020-07-14,109.08259582519531
2020-07-15,108.56809997558594
2020-07-16,108.7948226928711
2020-07-17,109.55348205566406
2020-07-20,109.21338653564453
2020-07-21,109.06513977050781
2020-07-22,109.99822998046875
2020-07-23,110.70993041992188
2020-07-24,110.53439331054688
2020-07-27,110.85031127929688
2020-07-28,112.2192611694336
2020-07-29,112.59660339355469
2020-07-30,115.32575225830078
2020-07-31,115.0624771118164
2020-08-03,115.211669921875
2020-08-04,117.40550231933594
2020-08-05,117.09835815429688
2020-08-06,116.45777130126953
2020-08-07,117.1949234008789
2020-08-10,117.67756652832031
2020-08-11,116.91407775878906
2020-08-12,118.8709945678711
2020-08-13,119.15180206298828
2020-08-14,118.55508422851562
2020-08-17,118.90607452392578
2020-08-18,119.79238891601562
2020-08-19,119.1430435180664
2020-08-20,120.09076690673828
2020-08-21,120.60852813720703
2020-08-24,121.54749298095703
2020-08-25,122.03012084960938
2020-08-26,121.44217681884766
2020-08-27,121.28419494628906
2020-08-28,121.77562713623047
2020-08-31,121.3895263671875
2020-09-01,121.25791931152344
2020-09-02,123.30254364013672
2020-09-03,121.32809448242188
2020-09-04,121.0648422241211
2020-09-08,119.29219055175781
2020-09-09,121.23155975341797
2020-09-10,119.95912170410156
2020-09-11,121.22277069091797
2020-09-14,121.65277862548828
2020-09-15,121.65277862548828
2020-09-16,120.83667755126953
2020-09-17,120.67871856689453
2020-09-18,120.54706573486328
2020-09-21,119.96794128417969
2020-09-22,121.0648422241211
2020-09-23,119.61688995361328
2020-09-24,120.15219116210938
2020-09-25,120.76646423339844
2020-09-28,121.10871887207031
2020-09-29,120.4505615234375
2020-09-30,121.96871948242188
2020-10-01,122.18807983398438
2020-10-02,121.20520782470703
2020-10-05,122.31968688964844
2020-10-06,122.51274871826172
2020-10-07,123.46927642822266
2020-10-08,124.30289459228516
2020-10-09,125.41742706298828
2020-10-12,126.79512786865234
2020-10-13,126.54940795898438
2020-10-14,126.40023803710938
2020-10-15,126.21595764160156
2020-10-16,126.70738983154297
2020-10-19,124.5311050415039
2020-10-20,125.03126525878906
2020-10-21,125.70697021484375
2020-10-22,124.81665802001953
2020-10-23,125.63729858398438
2020-10-26,124.68428802490234
2020-10-27,125.61962127685547
2020-10-28,121.47233581542969
2020-10-29,121.39289093017578
2020-10-30,120.9781723022461
2020-11-02,122.21354675292969
2020-11-03,124.61370849609375
2020-11-04,124.10189056396484
2020-11-05,125.63729858398438
2020-11-06,126.38733673095703
2020-11-09,121.76353454589844
2020-11-10,123.7666015625
2020-11-11,125.36376953125
2020-11-12,125.43433380126953
2020-11-13,127.31385803222656
2020-11-16,125.68138122558594
2020-11-17,125.19608306884766
2020-11-18,123.2724380493164
2020-11-19,123.1224365234375
2020-11-20,122.91950225830078
2020-11-23,122.4429702758789
2020-11-24,122.04591369628906
2020-11-25,122.37235260009766
2020-11-27,122.31061553955078
2020-11-30,122.5400619506836
2020-12-01,122.98123168945312
2020-12-02,122.08997344970703
2020-12-03,121.18993377685547
2020-12-04,121.3046875
2020-12-07,121.4899673461914
2020-12-08,121.81645965576172
2020-12-09,120.36933898925781
2020-12-10,119.57513427734375
2020-12-11,120.45753479003906
2020-12-14,119.87516784667969
2020-12-15,120.5810775756836
2020-12-16,121.12820434570312
2020-12-17,121.99297332763672
2020-12-18,122.69005584716797
2020-12-21,121.34879302978516
2020-12-22,120.49285125732422
2020-12-23,120.30754852294922
2020-12-24,121.52527618408203
2020-12-28,122.37235260009766
2020-12-29,122.14295196533203
2020-12-30,121.56939697265625
2020-12-31,122.77828979492188
2021-01-04,121.61351776123047
2021-01-05,122.3900146484375
2021-01-06,123.67833709716797
2021-01-07,122.52240753173828
2021-01-08,122.46943664550781
2021-01-11,121.6399917602539
2021-01-12,120.93403625488281
2021-01-13,121.11936950683594
2021-01-14,119.83103942871094
2021-01-15,118.93098449707031
2021-01-19,117.88973236083984
2021-01-20,116.41613006591797
2021-01-21,116.30159759521484
2021-01-22,115.40499877929688
2021-01-25,117.39352416992188
2021-01-26,118.14805603027344
2021-01-27,113.96688079833984
2021-01-28,115.72459411621094
2021-01-29,113.81596374511719
2021-02-01,114.49064636230469
2021-02-02,114.33084106445312
2021-02-03,114.472900390625
2021-02-04,114.54390716552734
2021-02-05,115.02328491210938
2021-02-08,114.66816711425781
2021-02-09,114.22431182861328
2021-02-10,113.82483673095703
2021-02-11,113.92249298095703
2021-02-12,113.29219818115234
2021-02-16,113.55850982666016
2021-02-17,114.03790283203125
2021-02-18,114.9877700805664
2021-02-19,112.84835052490234
2021-02-22,112.36894989013672
2021-02-23,113.20343017578125
2021-02-24,113.32772064208984
2021-02-25,112.36894989013672
2021-02-26,109.66136169433594
2021-03-01,110.33607482910156
2021-03-02,109.9898452758789
2021-03-03,109.33291625976562
2021-03-04,108.4363021850586
2021-03-05,111.83631134033203
2021-03-08,113.01701354980469
2021-03-09,112.01387023925781
2021-03-10,113.04365539550781
2021-03-11,112.66191101074219
2021-03-12,113.75382232666016
2021-03-15,114.12667083740234
2021-03-16,114.46400451660156
2021-03-17,114.00238037109375
2021-03-18,114.25096130371094
2021-03-19,113.6384048461914
2021-03-22,115.56478118896484
2021-03-23,117.7131118774414
2021-03-24,117.67756652832031
2021-03-25,118.49430084228516
2021-03-26,120.24310302734375
2021-03-29,122.12510681152344
2021-03-30,120.24310302734375
2021-03-31,120.22537994384766
2021-04-01,119.20446014404297
2021-04-05,121.13088989257812
2021-04-06,121.17523956298828
2021-04-07,121.38833618164062
2021-04-08,121.84994506835938
2021-04-09,121.05986785888672
2021-04-12,121.54808044433594
2021-04-13,119.94132995605469
2021-04-14,120.37630462646484
2021-04-15,121.8321762084961
2021-04-16,121.84104919433594
2021-04-19,121.27290344238281
2021-04-20,122.28492736816406
2021-04-21,121.48594665527344
2021-04-22,120.27986145019531
2021-04-23,119.66339874267578
2021-04-26,117.26905059814453
2021-04-27,117.19757843017578
2021-04-28,117.39412689208984
2021-04-29,118.38583374023438
2021-04-30,119.19882202148438
2021-05-03,120.61039733886719
2021-05-04,120.19944763183594
2021-05-05,119.23456573486328
2021-05-06,120.73548126220703
2021-05-07,120.74442291259766
2021-05-10,122.99581909179688
2021-05-11,122.38829803466797
2021-05-12,121.09284973144531
2021-05-13,123.04051208496094
2021-05-14,123.2995834350586
2021-05-17,123.0494155883789
2021-05-18,121.78971099853516
2021-05-19,122.03988647460938
2021-05-20,123.2906494140625
2021-05-21,123.2906494140625
2021-05-24,123.25489807128906
2021-05-25,123.67483520507812
2021-05-26,123.39783477783203
2021-05-27,120.592529296875
2021-05-28,120.47640228271484
2021-06-01,118.71638488769531
2021-06-02,119.23456573486328
2021-06-03,121.36980438232422
2021-06-04,121.4591293334961
2021-06-07,121.87907409667969
2021-06-08,120.46746826171875
2021-06-09,120.42279815673828
2021-06-10,121.31620788574219
2021-06-11,120.48534393310547
2021-06-14,120.53001403808594
2021-06-15,120.2977066040039
2021-06-16,118.62702178955078
2021-06-17,119.70808410644531
2021-06-18,117.95695495605469
2021-06-21,118.88610076904297
2021-06-22,118.9307861328125
2021-06-23,118.76102447509766
2021-06-24,118.8414535522461
2021-06-25,120.53892517089844
2021-06-28,120.89631652832031
2021-06-29,120.07433319091797
2021-06-30,120.5478515625
2021-07-01,120.8248291015625
2021-07-02,121.41449737548828
2021-07-06,121.48594665527344
2021-07-07,122.39722442626953
2021-07-08,122.37935638427734
2021-07-09,122.42404174804688
2021-07-12,122.5223159790039
2021-07-13,122.37042236328125
2021-07-14,123.27274322509766
2021-07-15,124.32698822021484
2021-07-16,125.53311920166016
2021-07-19,125.47056579589844
2021-07-20,124.80049133300781
2021-07-21,124.36272430419922
2021-07-22,123.88626098632812
2021-07-23,125.6753158569336
2021-07-26,126.11582946777344
2021-07-27,126.62828826904297
2021-07-28,124.74931335449219
2021-07-29,125.39659118652344
2021-07-30,127.86897277832031
2021-08-02,127.55431365966797
2021-08-03,129.41526794433594
2021-08-04,128.04873657226562
2021-08-05,128.1116943359375
2021-08-06,127.13175201416016
2021-08-09,127.82400512695312
2021-08-10,127.9049301147461
2021-08-11,128.2195587158203
2021-08-12,128.5162353515625
2021-08-13,129.13658142089844
2021-08-16,130.03561401367188
2021-08-17,130.2513885498047
2021-08-18,128.83091735839844
2021-08-19,130.35028076171875
2021-08-20,130.44020080566406
2021-08-23,129.77490234375
2021-08-24,128.7230224609375
2021-08-25,128.2645263671875
2021-08-26,128.0397491455078
2021-08-27,127.9408950805664
2021-08-30,128.498291015625
2021-08-31,128.01280212402344
2021-09-01,129.31640625
2021-09-02,129.41526794433594
2021-09-03,129.50515747070312
2021-09-07,129.01971435546875
2021-09-08,129.99964904785156
2021-09-09,129.45123291015625
2021-09-10,129.5771026611328
2021-09-13,130.97061157226562
2021-09-14,130.745849609375
2021-09-15,130.46713256835938
2021-09-16,129.5591278076172
2021-09-17,129.76593017578125
2021-09-20,128.46231079101562
2021-09-21,128.6601104736328
2021-09-22,129.10064697265625
2021-09-23,129.6310577392578
2021-09-24,129.05567932128906
2021-09-27,127.35652923583984
2021-09-28,126.39454650878906
2021-09-29,127.6801986694336
2021-09-30,125.68429565429688
2021-10-01,125.48649597167969
2021-10-04,124.77627563476562
2021-10-05,125.26178741455078
2021-10-06,126.93395233154297
2021-10-07,127.94989013671875
2021-10-08,127.41944122314453
2021-10-11,127.94989013671875
2021-10-12,127.76106262207031
2021-10-13,128.05776977539062
2021-10-14,129.50515747070312
2021-10-15,129.8378143310547
2021-10-18,127.96785736083984
2021-10-19,126.45747375488281
2021-10-20,126.95195007324219
2021-10-21,126.03829956054688
2021-10-22,127.39519500732422
2021-10-25,127.413330078125
2021-10-26,129.22250366210938
2021-10-27,128.29981994628906
2021-10-28,129.06871032714844
2021-10-29,129.3491668701172
2021-11-01,129.03250122070312
2021-11-02,130.31704711914062
2021-11-03,131.21261596679688
2021-11-04,131.4568634033203
2021-11-05,132.108154296875
2021-11-08,131.12216186523438
2021-11-09,131.52017211914062
2021-11-10,132.81378173828125
2021-11-11,132.433837890625
2021-11-12,132.5785675048828
2021-11-15,133.3384246826172
2021-11-16,133.14846801757812
2021-11-17,133.0670623779297
2021-11-18,133.0851593017578
2021-11-19,132.81378173828125
2021-11-22,133.70030212402344
2021-11-23,135.183837890625
2021-11-24,134.47825622558594
2021-11-26,133.4017791748047
2021-11-29,134.8038787841797
2021-11-30,130.7874298095703
2021-12-01,132.433837890625
2021-12-02,133.2117919921875
2021-12-03,135.5818634033203
2021-12-06,137.63526916503906
2021-12-07,137.27345275878906
2021-12-08,137.88856506347656
2021-12-09,138.69371032714844
2021-12-10,140.62954711914062
2021-12-13,142.6287078857422
2021-12-14,143.15338134765625
2021-12-15,143.70518493652344
2021-12-16,145.74053955078125
2021-12-17,142.43873596191406
2021-12-20,142.80056762695312
2021-12-21,142.7101287841797
2021-12-22,144.12127685546875
2021-12-23,144.82687377929688
2021-12-27,146.5184783935547
2021-12-28,147.30551147460938
2021-12-29,148.52671813964844
2021-12-30,147.24221801757812
2021-12-31,147.9749298095703
2022-01-03,147.35977172851562
2022-01-04,147.8754119873047
2022-01-05,148.54481506347656
2022-01-06,147.29644775390625
2022-01-07,147.21502685546875
2022-01-10,145.20677185058594
2022-01-11,143.52427673339844
2022-01-12,143.8408660888672
2022-01-13,143.1895294189453
2022-01-14,144.56455993652344
2022-01-18,141.77835083007812
2022-01-19,146.5456085205078
2022-01-20,147.3368682861328
2022-01-21,147.90077209472656
2022-01-24,146.70025634765625
2022-01-25,145.09954833984375
2022-01-26,143.83535766601562
2022-01-27,144.7266845703125
2022-01-28,145.97265625
2022-01-31,145.9271697998047
2022-02-01,145.2814483642578
2022-02-02,147.88259887695312
2022-02-03,149.28318786621094
2022-02-04,146.90943908691406
2022-02-07,145.8089599609375
2022-02-08,145.4815673828125
2022-02-09,145.15411376953125
2022-02-10,142.94406127929688
2022-02-11,142.1437225341797
2022-02-14,142.55300903320312
2022-02-15,142.625732421875
2022-02-16,143.7080535888672
2022-02-17,145.35423278808594
2022-02-18,145.42698669433594
2022-02-22,143.63526916503906
2022-02-23,141.84359741210938
2022-02-24,138.0237274169922
2022-02-25,143.917236328125
2022-02-28,141.77993774414062
2022-03-01,139.43344116210938
2022-03-02,139.8699951171875
2022-03-03,140.38839721679688
2022-03-04,141.09780883789062
2022-03-07,139.00596618652344
2022-03-08,133.50357055664062
2022-03-09,135.3043975830078
2022-03-10,131.82102966308594
2022-03-11,130.2567138671875
2022-03-14,131.92108154296875
2022-03-15,136.66860961914062
2022-03-16,136.2047576904297
2022-03-17,136.6322479248047
2022-03-18,136.55946350097656
2022-03-21,137.07791137695312
2022-03-22,138.13287353515625
2022-03-23,137.16883850097656
2022-03-24,137.40528869628906
2022-03-25,138.99688720703125
2022-03-28,139.9518280029297
2022-03-29,141.38885498046875
2022-03-30,140.4156951904297
2022-03-31,138.96961975097656
2022-04-01,141.0523223876953
2022-04-04,140.1337127685547
2022-04-05,140.62489318847656
2022-04-06,142.6348419189453
2022-04-07,144.48109436035156
2022-04-08,145.60885620117188
2022-04-11,145.0540771484375
2022-04-12,144.61753845214844
2022-04-13,145.0268096923828
2022-04-14,144.21734619140625
2022-04-18,142.84400939941406
2022-04-19,144.98130798339844
2022-04-20,148.83753967285156
2022-04-21,148.72142028808594
2022-04-22,147.4775390625
2022-04-25,148.66650390625
2022-04-26,146.14224243164062
2022-04-27,145.74900817871094
2022-04-28,149.45309448242188
2022-04-29,146.83731079101562
2022-05-02,144.85267639160156
2022-05-03,142.8680419921875
2022-05-04,143.91978454589844
2022-05-05,141.26751708984375
2022-05-06,142.67593383789062
2022-05-09,142.3192596435547
2022-05-10,141.56932067871094
2022-05-11,139.57550048828125
2022-05-12,139.00845336914062
2022-05-13,140.49923706054688
2022-05-16,141.87112426757812
2022-05-17,141.4687042236328
2022-05-18,132.6520538330078
2022-05-19,129.59732055664062
2022-05-20,129.67962646484375
2022-05-23,132.6612091064453
2022-05-24,135.02081298828125
2022-05-25,132.80752563476562
2022-05-26,133.9690704345703
2022-05-27,136.0177459716797
2022-05-31,135.24951171875
2022-06-01,133.2008056640625
2022-06-02,134.63671875
2022-06-03,133.42947387695312
2022-06-06,132.90814208984375
2022-06-07,134.3897705078125
2022-06-08,132.71607971191406
2022-06-09,130.31985473632812
2022-06-10,129.82598876953125
2022-06-13,126.35051727294922
2022-06-14,122.40864562988281
2022-06-15,121.19222259521484
2022-06-16,121.93306732177734
2022-06-17,121.05504608154297
2022-06-21,124.72256469726562
2022-06-22,126.6706314086914
2022-06-23,130.1460723876953
2022-06-24,132.02102661132812
2022-06-27,131.0149383544922
2022-06-28,128.88394165039062
2022-06-29,130.05459594726562
2022-06-30,131.50880432128906
2022-07-01,133.63072204589844
2022-07-05,132.3411102294922
2022-07-06,133.57577514648438
2022-07-07,133.53005981445312
2022-07-08,132.63375854492188
2022-07-11,133.56663513183594
2022-07-12,132.38682556152344
2022-07-13,133.2556915283203
2022-07-14,132.86244201660156
2022-07-15,132.6795196533203
2022-07-18,131.06980895996094
2022-07-19,131.73745727539062
2022-07-20,129.46014404296875
2022-07-21,129.58258056640625
2022-07-22,131.65377807617188
2022-07-25,132.54666137695312
2022-07-26,132.80442810058594
2022-07-27,134.06553649902344
2022-07-28,136.29322814941406
2022-07-29,127.87039947509766
2022-08-01,131.54330444335938
2022-08-02,130.66879272460938
2022-08-03,133.3659210205078
2022-08-04,133.1542510986328
2022-08-05,133.21864318847656
2022-08-08,133.72496032714844
2022-08-09,133.4119415283203
2022-08-10,134.67308044433594
2022-08-11,133.7156982421875
2022-08-12,135.01368713378906
2022-08-15,136.75344848632812
2022-08-16,138.0145721435547
2022-08-17,137.3794403076172
2022-08-18,137.8673095703125
2022-08-19,137.83047485351562
2022-08-22,137.4622802734375
2022-08-23,134.8111572265625
2022-08-24,134.23121643066406
2022-08-25,134.1207733154297
2022-08-26,130.98175048828125
2022-08-29,130.429443359375
2022-08-30,129.03944396972656
2022-08-31,126.97744750976562
2022-09-01,128.54241943359375
2022-09-02,126.25949096679688
2022-09-06,124.85107421875
2022-09-07,126.73809814453125
2022-09-08,126.90382385253906
2022-09-09,128.83694458007812
2022-09-12,129.8863525390625
2022-09-13,127.19841003417969
2022-09-14,127.50218200683594
2022-09-15,126.51722717285156
2022-09-16,127.29045867919922
2022-09-19,127.02352142333984
2022-09-20,126.57245635986328
2022-09-21,124.94308471679688
2022-09-22,125.38496398925781
2022-09-23,124.80504608154297
2022-09-26,124.92472076416016
2022-09-27,121.49110412597656
2022-09-28,121.49110412597656
2022-09-29,118.47181701660156
2022-09-30,116.21650695800781
2022-10-03,118.29690551757812
2022-10-04,119.76055145263672
2022-10-05,118.93207550048828
2022-10-06,116.42823791503906
2022-10-07,114.39387512207031
2022-10-10,113.92440795898438
2022-10-11,114.3570556640625
2022-10-12,114.54115295410156
2022-10-13,116.27174377441406
2022-10-14,115.13951110839844
2022-10-17,117.21990203857422
2022-10-18,118.16803741455078
2022-10-19,119.26346588134766
2022-10-20,117.72732543945312
2022-10-21,119.20135498046875
2022-10-24,119.93373107910156
2022-10-25,121.31504821777344
2022-10-26,122.16792297363281
2022-10-27,122.26065063476562
2022-10-28,125.35704040527344
2022-10-31,124.84715270996094
2022-11-01,125.04182434082031
2022-11-02,123.24333953857422
2022-11-03,122.39971160888672
2022-11-04,124.63389587402344
2022-11-07,126.5436782836914
2022-11-08,126.83104705810547
2022-11-09,126.52510833740234
2022-11-10,130.88230895996094
2022-11-11,130.68763732910156
2022-11-14,130.69686889648438
2022-11-15,130.24264526367188
2022-11-16,131.40145874023438
2022-11-17,130.59490966796875
2022-11-18,132.17091369628906
2022-11-21,133.84890747070312
2022-11-22,134.99844360351562
2022-11-23,135.76791381835938
2022-11-25,136.01817321777344
2022-11-28,135.90696716308594
2022-11-29,134.86863708496094
2022-11-30,138.28024291992188
2022-12-01,138.36366271972656
2022-12-02,139.62449645996094
2022-12-05,138.21534729003906
2022-12-06,138.39151000976562
2022-12-07,139.28147888183594
2022-12-08,140.2826690673828
2022-12-09,139.91188049316406
2022-12-12,141.34881591796875
2022-12-13,141.13555908203125
2022-12-14,141.69180297851562
2022-12-15,140.08802795410156
2022-12-16,139.4668731689453
2022-12-19,139.4297637939453
2022-12-20,139.48541259765625
2022-12-21,140.76475524902344
2022-12-22,141.08924865722656
2022-12-23,141.48789978027344
2022-12-27,142.72085571289062
2022-12-28,140.8760223388672
2022-12-29,141.46006774902344
2022-12-30,140.50518798828125
2023-01-03,140.5144500732422
2023-01-04,141.12628173828125
2023-01-05,139.3741912841797
2023-01-06,142.6930389404297
2023-01-09,140.9501495361328
2023-01-10,140.81112670898438
2023-01-11,139.6708221435547
2023-01-12,138.88282775878906
2023-01-13,139.87478637695312
2023-01-17,139.4668731689453
2023-01-18,135.73080444335938
2023-01-19,132.8603515625
2023-01-20,133.37344360351562
2023-01-23,131.58230590820312
2023-01-24,132.30062866210938
2023-01-25,132.20736694335938
2023-01-26,131.6756134033203
2023-01-27,131.13455200195312
2023-01-30,131.54501342773438
2023-01-31,132.8230438232422
2023-02-01,133.57867431640625
2023-02-02,132.6271514892578
2023-02-03,133.03761291503906
2023-02-06,131.9088134765625
2023-02-07,130.62147521972656
2023-02-08,129.268798828125
2023-02-09,127.85081481933594
2023-02-10,128.97958374023438
2023-02-13,130.66810607910156
2023-02-14,129.93113708496094
2023-02-15,129.6326141357422
2023-02-16,127.93476867675781
2023-02-17,130.61215209960938
2023-02-21,130.51882934570312
2023-02-22,131.0692138671875
2023-02-23,130.64942932128906
2023-02-24,129.91244506835938
2023-02-27,129.800537109375
2023-02-28,128.32656860351562
2023-03-01,128.4198455810547
2023-03-02,130.53750610351562
2023-03-03,131.48904418945312
2023-03-06,130.9293212890625
2023-03-07,128.32656860351562
2023-03-08,128.34523010253906
2023-03-09,127.40303039550781
2023-03-10,127.9814224243164
2023-03-13,128.86764526367188
2023-03-14,130.46287536621094
2023-03-15,132.30995178222656
2023-03-16,133.29881286621094
2023-03-17,133.3361053466797
2023-03-20,135.38845825195312
2023-03-21,134.408935546875
2023-03-22,134.32496643066406
2023-03-23,134.1383819580078
2023-03-24,136.87171936035156
2023-03-27,136.15341186523438
2023-03-28,136.535888671875
2023-03-29,136.95567321777344
2023-03-30,137.55271911621094
2023-03-31,138.70948791503906
2023-04-03,139.47445678710938
2023-04-04,140.14614868164062
2023-04-05,141.1069793701172
2023-04-06,142.00254821777344
2023-04-10,140.82711791992188
2023-04-11,140.54725646972656
2023-04-12,140.92977905273438
2023-04-13,141.582763671875
2023-04-14,140.8644561767578
2023-04-17,140.91107177734375
2023-04-18,141.0603485107422
2023-04-19,141.08834838867188
2023-04-20,141.6055908203125
2023-04-21,146.5056915283203
2023-04-24,146.76852416992188
2023-04-25,146.80606079101562
2023-04-26,145.1069793701172
2023-04-27,146.8811492919922
2023-04-28,146.79666137695312
2023-05-01,146.97503662109375
2023-05-02,146.84361267089844
2023-05-03,146.6558837890625
2023-05-04,145.98001098632812
2023-05-05,146.4681396484375
2023-05-08,145.78286743164062
2023-05-09,144.29031372070312
2023-05-10,144.59068298339844
2023-05-11,144.92864990234375
2023-05-12,146.4024200439453
2023-05-15,146.44937133789062
2023-05-16,146.19590759277344
2023-05-17,145.57632446289062
2023-05-18,143.1826171875
2023-05-19,143.78338623046875
2023-05-22,140.01913452148438
2023-05-23,138.50778198242188
2023-05-24,137.362548828125
2023-05-25,136.4801788330078
2023-05-26,136.4895477294922
2023-05-30,134.40560913085938
2023-05-31,133.7672882080078
2023-06-01,135.13780212402344
2023-06-02,137.54092407226562
2023-06-05,136.99647521972656
2023-06-06,135.6353302001953
2023-06-07,135.9263458251953
2023-06-08,137.46583557128906
2023-06-09,137.57847595214844
2023-06-12,136.49891662597656
2023-06-13,136.17037963867188
2023-06-14,137.44705200195312
2023-06-15,139.35263061523438
2023-06-16,140.37583923339844
2023-06-20,139.08041381835938
2023-06-21,140.281982421875
2023-06-22,140.76071166992188
2023-06-23,139.36204528808594
2023-06-26,139.50282287597656
2023-06-27,140.82644653320312
2023-06-28,140.79830932617188
2023-06-29,140.2256622314453
2023-06-30,142.4410400390625
2023-07-03,143.15444946289062
2023-07-05,142.91036987304688
2023-07-06,142.67572021484375
2023-07-07,139.6811981201172
2023-07-10,139.737548828125
2023-07-11,139.00534057617188
2023-07-12,139.72816467285156
2023-07-13,139.82199096679688
2023-07-14,140.85459899902344
2023-07-17,139.85955810546875
2023-07-18,140.1223907470703
2023-07-19,141.07989501953125
2023-07-20,142.22386169433594
2023-07-21,144.4626007080078
2023-07-24,144.9254913330078
2023-07-25,145.2655487060547
2023-07-26,145.4166717529297
2023-07-27,143.68801879882812
2023-07-28,147.7499542236328
2023-07-31,147.6460418701172
2023-08-01,147.59878540039062
2023-08-02,147.9199676513672
2023-08-03,148.30726623535156
2023-08-04,146.68251037597656
2023-08-07,148.23170471191406
2023-08-08,148.39227294921875
2023-08-09,148.203369140625
2023-08-10,147.46652221679688
2023-08-11,148.326171875
2023-08-14,147.16427612304688
2023-08-15,146.21961975097656
2023-08-16,144.72714233398438
2023-08-17,143.68801879882812
2023-08-18,144.09420776367188
2023-08-21,143.36685180664062
2023-08-22,143.42347717285156
2023-08-23,144.76487731933594
2023-08-24,144.09420776367188
2023-08-25,145.03883361816406
2023-08-28,145.2655487060547
2023-08-29,145.35057067871094
2023-08-30,145.5111541748047
2023-08-31,145.79454040527344
2023-09-01,145.95513916015625
2023-09-05,143.999755859375
2023-09-06,143.71632385253906
2023-09-07,145.08607482910156
2023-09-08,144.4626007080078
2023-09-11,146.18185424804688
2023-09-12,143.61244201660156
2023-09-13,144.61376953125
2023-09-14,146.2007598876953
2023-09-15,144.9727325439453
2023-09-18,145.52059936523438
2023-09-19,145.09552001953125
2023-09-20,144.9727325439453
2023-09-21,143.71632385253906
2023-09-22,143.18736267089844
2023-09-25,142.31829833984375
2023-09-26,141.05252075195312
2023-09-27,139.18211364746094
2023-09-28,138.2374725341797
2023-09-29,137.7840576171875
2023-10-02,137.1511688232422
2023-10-03,137.43453979492188
2023-10-04,137.88796997070312
2023-10-05,135.838134765625
2023-10-06,136.11207580566406
2023-10-09,135.42251586914062
2023-10-10,136.76385498046875
2023-10-11,135.08242797851562
2023-10-12,135.38473510742188
2023-10-13,136.67884826660156
2023-10-16,137.982421875
2023-10-17,138.16192626953125
2023-10-18,141.72315979003906
2023-10-19,140.9256134033203
2023-10-20,140.73550415039062
2023-10-23,140.83058166503906
2023-10-24,142.49412536621094
2023-10-25,143.1595458984375
2023-10-26,142.3990478515625
2023-10-27,139.8894805908203
2023-10-30,141.88572692871094
2023-10-31,142.61770629882812
2023-11-01,142.21844482421875
2023-11-02,143.95803833007812
2023-11-03,142.6557159423828
2023-11-06,143.48272705078125
2023-11-07,143.15000915527344
2023-11-08,142.59869384765625
2023-11-09,142.92189025878906
2023-11-10,143.9294891357422
2023-11-13,144.92764282226562
2023-11-14,144.60443115234375
2023-11-15,143.9390106201172
2023-11-16,145.2793426513672
2023-11-17,143.6063232421875
2023-11-20,142.8458251953125
2023-11-21,142.21844482421875
2023-11-22,143.5587921142578
2023-11-24,143.90101623535156
2023-11-27,143.76792907714844
2023-11-28,144.7660369873047
2023-11-29,143.663330078125
2023-11-30,145.93527221679688
2023-12-01,145.11776733398438
2023-12-04,144.54737854003906
2023-12-05,139.5092315673828
2023-12-06,139.40469360351562
2023-12-07,139.2620849609375
2023-12-08,137.9788055419922
2023-12-11,138.61569213867188
2023-12-12,138.72976684570312
2023-12-13,141.23931884765625
2023-12-14,137.51300048828125
2023-12-15,136.8475799560547
2023-12-18,138.94839477539062
2023-12-19,138.94839477539062
2023-12-20,136.80006408691406
2023-12-21,137.13275146484375
2023-12-22,138.1023712158203
2023-12-26,138.72976684570312
2023-12-27,138.84384155273438
2023-12-28,138.53013610839844
2023-12-29,139.30010986328125
2024-01-02,141.39141845703125
2024-01-03,140.53590393066406
2024-01-04,141.30584716796875
2024-01-05,140.1366424560547
2024-01-08,141.34388732910156
2024-01-09,141.9237518310547
2024-01-10,142.53213500976562
2024-01-11,143.073974609375
2024-01-12,143.1595458984375
2024-01-16,142.38954162597656
2024-01-17,142.53213500976562
2024-01-18,141.71041870117188
2024-01-19,141.16517639160156
2024-01-22,141.4425811767578
2024-01-23,147.2969207763672
2024-01-24,145.51766967773438
2024-01-25,148.86575317382812
2024-01-26,149.36318969726562
2024-01-29,149.38235473632812
2024-01-30,150.6546173095703
2024-01-31,150.31980895996094
2024-02-01,152.27127075195312
2024-02-02,151.2285614013672
2024-02-05,151.3433837890625
2024-02-06,152.06080627441406
2024-02-07,152.21385192871094
2024-02-08,151.75469970703125
2024-02-09,150.587646484375
2024-02-12,150.2910919189453
2024-02-13,149.487548828125
2024-02-14,148.8753204345703
2024-02-15,150.1954345703125
2024-02-16,150.67373657226562
2024-02-20,151.63034057617188
2024-02-21,153.4383087158203
2024-02-22,153.59136962890625
2024-02-23,154.04095458984375
2024-02-26,153.26612854003906
2024-02-27,152.38604736328125
2024-02-28,153.10350036621094
2024-02-29,152.0416717529297
2024-03-01,151.95559692382812
2024-03-04,152.63478088378906
2024-03-05,152.40518188476562
2024-03-06,152.6443328857422
2024-03-07,153.64874267578125
2024-03-08,153.39048767089844
2024-03-11,154.53839111328125
2024-03-12,154.9019012451172
2024-03-13,155.255859375
2024-03-14,154.4905548095703
2024-03-15,154.3757781982422
2024-03-18,154.21316528320312
2024-03-19,154.8062744140625
2024-03-20,154.95928955078125
2024-03-21,154.83494567871094
2024-03-22,154.64364624023438
2024-03-25,153.23741149902344
2024-03-26,153.5818328857422
2024-03-27,155.55238342285156
2024-03-28,155.2080078125
2024-04-01,153.61048889160156
2024-04-02,153.60093688964844
2024-04-03,149.37277221679688
2024-04-04,148.70315551757812
2024-04-05,149.324951171875
2024-04-08,149.2675323486328
2024-04-09,149.86062622070312
2024-04-10,150.4154510498047
2024-04-11,149.07623291015625
2024-04-12,148.58837890625
2024-04-15,148.70315551757812
2024-04-16,149.1814422607422
2024-04-17,150.1476287841797
2024-04-18,151.43484497070312
2024-04-19,152.25318908691406
2024-04-22,154.56385803222656
2024-04-23,155.4881134033203
2024-04-24,156.5471649169922
2024-04-25,156.49903869628906
2024-04-26,155.2859649658203
2024-04-29,155.64218139648438
2024-04-30,157.12481689453125
2024-05-01,157.31741333007812
2024-05-02,157.74099731445312
2024-05-03,158.3379364013672
2024-05-06,158.3186798095703
2024-05-07,159.58953857421875
2024-05-08,158.9252471923828
2024-05-09,159.85910034179688
2024-05-10,160.63897705078125
2024-05-13,159.69544982910156
2024-05-14,159.58953857421875
2024-05-15,160.31163024902344
2024-05-16,161.6113739013672
2024-05-17,161.39956665039062
2024-05-20,161.08184814453125
2024-05-21,162.0831298828125
2024-05-22,161.56321716308594
2024-05-23,159.32960510253906
2024-05-24,159.17556762695312
2024-05-28,157.03817749023438
2024-05-29,155.63253784179688
2024-05-30,156.52792358398438
2024-05-31,158.41494750976562
2024-06-03,158.52085876464844
2024-06-04,160.79299926757812
2024-06-05,159.86875915527344
2024-06-06,162.19866943359375
2024-06-07,160.84115600585938
2024-06-10,161.120361328125
2024-06-11,161.24551391601562
2024-06-12,159.03114318847656
2024-06-13,160.21533203125
2024-06-14,160.5811767578125
2024-06-17,161.26475524902344
2024-06-18,162.28530883789062
2024-06-20,161.42845153808594
2024-06-21,161.99647521972656
2024-06-24,162.17941284179688
2024-06-25,160.63897705078125
2024-06-26,161.21664428710938
2024-06-27,160.4175262451172
2024-06-28,158.78082275390625
2024-07-01,156.66270446777344
2024-07-02,157.7987823486328
2024-07-03,157.73138427734375
2024-07-05,159.06002807617188
2024-07-08,160.32125854492188
2024-07-09,159.49327087402344
2024-07-10,160.59083557128906
2024-07-11,159.3777313232422
2024-07-12,160.40789794921875
2024-07-15,158.45346069335938
2024-07-16,160.73524475097656
2024-07-17,163.13255310058594
2024-07-18,162.16978454589844
2024-07-19,162.68020629882812
2024-07-22,162.96109008789062
2024-07-23,161.38233947753906
2024-07-24,162.71896362304688
2024-07-25,161.6535186767578
2024-07-26,163.79408264160156
2024-07-29,164.5883026123047
2024-07-30,156.61700439453125
2024-07-31,155.70654296875
2024-08-01,160.48158264160156
2024-08-02,164.7335968017578
2024-08-05,162.77706909179688
2024-08-06,162.80615234375
2024-08-07,164.67547607421875
2024-08-08,165.49874877929688
2024-08-09,165.17910766601562
2024-08-12,161.5663604736328
2024-08-13,162.03128051757812
2024-08-14,163.49383544921875
2024-08-15,162.64146423339844
2024-08-16,162.61244201660156
2024-08-19,163.12576293945312
2024-08-20,165.05320739746094
2024-08-21,164.81106567382812
2024-08-22,164.80136108398438
2024-08-23,163.85218811035156
2024-08-26,164.99508666992188
2024-08-27,163.92967224121094
2024-08-28,163.7456512451172
2024-08-29,164.68515014648438
2024-08-30,166.14767456054688
2024-09-03,169.03399658203125
2024-09-04,170.37060546875
2024-09-05,169.95416259765625
2024-09-06,170.07037353515625
2024-09-09,170.52560424804688
2024-09-10,172.2012176513672
2024-09-11,168.452880859375
2024-09-12,168.0170135498047
2024-09-13,168.6078338623047
2024-09-16,171.6685028076172
2024-09-17,170.35125732421875
2024-09-18,168.452880859375
2024-09-19,166.14767456054688
2024-09-20,168.74342346191406
2024-09-23,168.30758666992188
2024-09-24,167.79425048828125
2024-09-25,166.8450469970703
2024-09-26,167.7652130126953
2024-09-27,168.094482421875
2024-09-30,167.75550842285156
2024-10-01,167.60052490234375
2024-10-02,166.5157470703125
2024-10-03,164.77230834960938
2024-10-04,163.57130432128906
2024-10-07,161.86660766601562
2024-10-08,162.87393188476562
2024-10-09,163.9490509033203
2024-10-10,163.6391143798828
2024-10-11,165.71182250976562
2024-10-14,167.08718872070312
2024-10-15,168.11386108398438
2024-10-16,166.96128845214844
2024-10-17,166.86444091796875
2024-10-18,166.87124633789062
2024-10-21,165.17601013183594
2024-10-22,165.3319091796875
2024-10-23,165.21498107910156
2024-10-24,165.25396728515625
2024-10-25,163.8900146484375
2024-10-28,164.9422149658203
2024-10-29,162.86703491210938
2024-10-30,161.88304138183594
2024-10-31,160.92825317382812
2024-11-01,160.85031127929688
2024-11-04,160.830810546875
2024-11-05,161.4933319091797
2024-11-06,156.90455627441406
2024-11-07,159.2038116455078
2024-11-08,163.39315795898438
2024-11-11,161.75637817382812
2024-11-12,161.57125854492188
2024-11-13,162.29220581054688
2024-11-14,162.77932739257812
2024-11-15,165.17601013183594
2024-11-18,166.3549041748047
2024-11-19,166.3646240234375
2024-11-20,166.49127197265625
2024-11-21,168.30340576171875
2024-11-22,171.74253845214844
2024-11-25,172.82395935058594
2024-11-26,174.6945343017578
2024-11-27,174.74327087402344
2024-11-29,174.6458282470703
2024-12-02,175.0745086669922
2024-12-03,170.90467834472656
2024-12-04,170.60267639160156
2024-12-05,171.49896240234375
2024-12-06,169.3458709716797
2024-12-09,166.3938446044922
2024-12-10,167.8455047607422
2024-12-11,166.2379913330078
2024-12-12,166.45230102539062
2024-12-13,166.65689086914062
2024-12-16,166.73484802246094
2024-12-17,165.94569396972656
2024-12-18,164.7278594970703
2024-12-19,164.83505249023438
2024-12-20,163.73411560058594
2024-12-23,163.78285217285156
2024-12-24,164.5914764404297
2024-12-26,165.7800750732422
2024-12-27,165.16629028320312
2024-12-30,162.78909301757812
2024-12-31,163.3346710205078
2025-01-02,161.70765686035156
2025-01-03,160.87954711914062
2025-01-06,156.4661407470703
2025-01-07,157.14813232421875
2025-01-08,157.92752075195312
2025-01-10,154.47865295410156
2025-01-13,154.75144958496094
2025-01-14,155.62828063964844
2025-01-15,155.5406036376953
2025-01-16,156.36871337890625
2025-01-17,156.98251342773438
2025-01-21,157.55731201171875
2025-01-22,160.4995880126953
2025-01-23,161.873291015625
2025-01-24,160.8705291748047
2025-01-27,166.3008575439453
2025-01-28,162.89955139160156
2025-01-29,162.9387664794922
2025-01-30,164.09539794921875
2025-01-31,162.70350646972656
2025-02-03,165.4186553955078
2025-02-04,164.80116271972656
2025-02-05,165.66371154785156
2025-02-06,165.5363006591797
2025-02-07,164.64431762695312
2025-02-10,164.21302795410156
2025-02-11,166.0753936767578
2025-02-12,166.22242736816406
2025-02-13,167.63392639160156
2025-02-14,159.66488647460938
2025-02-18,162.15460205078125
2025-02-19,163.19361877441406
2025-02-20,163.8993682861328
2025-02-21,166.8595733642578
2025-02-24,167.16342163085938
2025-02-25,169.23165893554688
2025-02-26,167.90838623046875
2025-02-27,168.56512451171875
2025-02-28,170.39808654785156
2025-03-03,172.11343383789062
2025-03-04,169.7511444091797
2025-03-05,171.15284729003906
2025-03-06,171.2018585205078
2025-03-07,172.46630859375
2025-03-10,172.77017211914062
2025-03-11,169.6923370361328
2025-03-12,165.036376953125
2025-03-13,165.2520294189453
2025-03-14,164.64431762695312
2025-03-17,166.39886474609375
2025-03-18,164.3894805908203
2025-03-19,165.23243713378906
2025-03-20,164.23263549804688
2025-03-21,163.38966369628906
2025-03-24,162.37025451660156
2025-03-25,159.6256866455078
2025-03-26,163.28182983398438
2025-03-27,165.3696746826172
2025-03-28,164.703125
2025-03-31,167.04580688476562
2025-04-01,167.1830291748047
2025-04-02,166.14402770996094
2025-04-03,168.976806640625
2025-04-04,160.50787353515625
2025-04-07,157.05755615234375
2025-04-08,155.2539825439453
2025-04-09,159.10618591308594
2025-04-10,160.32162475585938
2025-04-11,163.6053009033203
2025-04-14,165.78135681152344
2025-04-15,165.1343994140625
2025-04-16,163.0955810546875
2025-04-17,167.2516632080078
2025-04-21,163.48098754882812
2025-04-22,165.5818328857422
2025-04-23,163.4612579345703
2025-04-24,157.34613037109375
2025-04-25,158.8157501220703
2025-04-28,159.63436889648438
2025-04-29,160.03875732421875
2025-04-30,160.3445281982422
2025-05-01,157.78997802734375
2025-05-02,158.3225860595703
2025-05-05,156.65573120117188
2025-05-06,157.06997680664062
2025-05-07,157.1094207763672
2025-05-08,156.47817993164062
2025-05-09,155.50172424316406
2025-05-12,158.69737243652344
2025-05-13,156.5570831298828
2025-05-14,155.8568115234375
2025-05-15,160.18670654296875
2025-05-16,161.0447998046875
2025-05-19,162.514404296875
2025-05-20,163.3724822998047
2025-05-21,163.1653594970703
2025-05-22,162.77084350585938
2025-05-23,163.5894775390625
2025-05-27,165.46347045898438
2025-05-28,165.06895446777344
2025-05-29,166.25250244140625
2025-05-30,167.56430053710938
2025-06-02,165.4832000732422
2025-06-03,164.56593322753906
2025-06-04,163.67823791503906
2025-06-05,160.5713653564453
2025-06-06,161.77467346191406
2025-06-09,160.33465576171875
2025-06-10,160.61082458496094
2025-06-11,159.8908233642578
2025-06-12,160.94615173339844
2025-06-13,158.0858612060547
2025-06-16,158.6776580810547
2025-06-17,156.3499755859375
2025-06-18,155.8568115234375
2025-06-20,156.9022979736328
2025-06-23,158.82559204101562
2025-06-24,158.16477966308594
2025-06-25,156.79379272460938
2025-06-26,156.45846557617188
2025-06-27,157.67161560058594
2025-06-30,157.13900756835938
2025-07-01,159.01300048828125
2025-07-02,158.99327087402344
2025-07-03,158.6283416748047
2025-07-07,158.3028564453125
2025-07-08,155.72857666015625
2025-07-09,155.36366271972656
2025-07-10,156.32037353515625
2025-07-11,154.90008544921875
2025-07-14,151.6551055908203
2025-07-15,150.5898895263672
2025-07-16,151.6255340576172
2025-07-17,153.48965454101562
2025-07-18,154.02293395996094
2025-07-21,153.9534149169922
2025-07-22,157.2205810546875
2025-07-23,157.18084716796875
2025-07-24,157.70716857910156
2025-07-25,157.20071411132812
2025-07-28,156.0189666748047
2025-07-29,155.52244567871094
2025-07-30,151.81834411621094
2025-07-31,149.42507934570312
2025-08-01,149.60382080078125
2025-08-04,149.7130584716797
2025-08-05,149.4647979736328
2025-08-06,151.79849243164062
2025-08-07,152.4241180419922
2025-08-08,152.4439697265625
2025-08-11,153.9037628173828
2025-08-12,154.01300048828125
2025-08-13,154.33078002929688
2025-08-14,152.67237854003906
2025-08-15,153.28807067871094
2025-08-18,154.6386260986328
2025-08-19,157.3000030517578
2025-08-20,158.4022979736328
2025-08-21,157.62771606445312
2025-08-22,157.56813049316406
2025-08-25,155.0656280517578
2025-08-26,154.8868865966797
2025-08-27,155.87002563476562
2025-08-28,154.56910705566406
2025-08-29,155.94944763183594
2025-09-02,156.8928680419922
2025-09-03,157.0716094970703
2025-09-04,158.08453369140625
2025-09-05,158.9087677001953
2025-09-08,157.90577697753906
2025-09-09,158.3526611328125
2025-09-10,156.25730895996094
2025-09-11,157.52842712402344
2025-09-12,156.80348205566406
2025-09-15,155.7409210205078
2025-09-16,156.95245361328125
2025-09-17,159.21661376953125
2025-09-18,156.22752380371094
2025-09-19,154.95639038085938
2025-09-22,152.0070343017578
2025-09-23,151.44097900390625
2025-09-24,151.36154174804688
2025-09-25,151.09341430664062
2025-09-26,151.44097900390625
2025-09-29,152.46383666992188
2025-09-30,152.58299255371094
2025-10-01,152.1162567138672
2025-10-02,150.99411010742188
2025-10-03,151.21258544921875
2025-10-06,149.36550903320312
2025-10-07,151.48069763183594
2025-10-08,149.6435546875
2025-10-09,149.53431701660156
2025-10-10,148.65049743652344
2025-10-13,146.4657745361328
2025-10-14,148.12417602539062
2025-10-15,146.39625549316406
2025-10-16,148.56112670898438
2025-10-17,150.34861755371094
2025-10-20,150.9047393798828
2025-10-21,150.5670928955078
2025-10-22,151.14306640625
2025-10-23,151.1529998779297
2025-10-24,152.49000549316406
2025-10-27,151.74000549316406
2025-10-28,151.3699951171875
2025-10-29,148.77000427246094
2025-10-30,149.5800018310547
2025-10-31,150.3699951171875
2025-11-03,148.02000427246094
2025-11-04,147.1699981689453
2025-11-05,145.7899932861328
2025-11-06,146.1300048828125
2025-11-07,146.97999572753906
2025-11-10,145.5
2025-11-11,148.5399932861328
2025-11-12,148.00999450683594
2025-11-13,147.9600067138672
2025-11-14,147.6699981689453
2025-11-17,145.82000732421875
2025-11-18,146.99000549316406
2025-11-19,146.99000549316406
2025-11-20,148.19000244140625
2025-11-21,150.9199981689453
2025-11-24,146.97999572753906
2025-11-25,148.49000549316406
2025-11-26,148.25
2025-11-28,148.16000366210938
2025-12-01,147.44000244140625
2025-12-02,145.86000061035156
2025-12-03,146.7100067138672
2025-12-04,145.36000061035156
