date,close
2010-12-09,17.752897262573242
2010-12-10,17.99521827697754
2010-12-13,18.150047302246094
2010-12-14,18.093950271606445
2010-12-15,17.263755798339844
2010-12-16,15.07604694366455
2010-12-17,15.010979652404785
2010-12-20,15.255549430847168
2010-12-21,15.269015312194824
2010-12-22,15.381211280822754
2010-12-23,15.421591758728027
2010-12-27,15.888299942016602
2010-12-28,15.87035083770752
2010-12-29,15.8411865234375
2010-12-30,15.771626472473145
2010-12-31,15.791813850402832
2011-01-03,15.823224067687988
2011-01-04,15.8411865234375
2011-01-05,16.175504684448242
2011-01-06,16.417835235595703
2011-01-07,16.370718002319336
2011-01-10,16.1126766204834
2011-01-11,16.128385543823242
2011-01-12,16.29218101501465
2011-01-13,15.9623441696167
2011-01-14,15.957860946655273
2011-01-18,15.978044509887695
2011-01-19,15.509099960327148
2011-01-20,15.861373901367188
2011-01-21,15.740209579467773
2011-01-24,16.10819435119629
2011-01-25,16.061073303222656
2011-01-26,15.93093204498291
2011-01-27,15.8411865234375
2011-01-28,15.58538818359375
2011-01-31,15.672891616821289
2011-02-01,15.863617897033691
2011-02-02,16.175504684448242
2011-02-03,16.072298049926758
2011-02-04,16.357257843017578
2011-02-07,16.588369369506836
2011-02-08,16.731966018676758
2011-02-09,16.475656509399414
2011-02-10,16.803926467895508
2011-02-11,16.846630096435547
2011-02-14,17.028743743896484
2011-02-15,16.99951934814453
2011-02-16,17.078205108642578
2011-02-17,17.118680953979492
2011-02-18,17.048973083496094
2011-02-22,16.579082489013672
2011-02-23,16.385723114013672
2011-02-24,16.617300033569336
2011-02-25,16.790420532226562
2011-02-28,16.4239444732666
2011-03-01,16.34526252746582
2011-03-02,16.63079261779785
2011-03-03,17.048973083496094
2011-03-04,16.792673110961914
2011-03-07,16.6712703704834
2011-03-08,16.675756454467773
2011-03-09,16.572338104248047
2011-03-10,16.052974700927734
2011-03-11,16.302541732788086
2011-03-14,16.156396865844727
2011-03-15,16.00800895690918
2011-03-16,15.95405387878418
2011-03-17,16.05971336364746
2011-03-18,16.057464599609375
2011-03-21,16.17888641357422
2011-03-22,16.097944259643555
2011-03-23,16.185626983642578
2011-03-24,16.336267471313477
2011-03-25,16.20810890197754
2011-03-28,16.35649871826172
2011-03-29,16.23284149169922
2011-03-30,16.68924331665039
2011-03-31,16.552099227905273
2011-04-01,16.686996459960938
2011-04-04,16.91632652282715
2011-04-05,17.001758575439453
2011-04-06,17.087203979492188
2011-04-07,17.179380416870117
2011-04-08,17.24907875061035
2011-04-11,17.47166633605957
2011-04-12,17.318775177001953
2011-04-13,17.42445182800293
2011-04-14,17.156898498535156
2011-04-15,17.19287109375
2011-04-18,17.015256881713867
2011-04-19,17.0692195892334
2011-04-20,17.395221710205078
2011-04-21,17.485143661499023
2011-04-25,17.482906341552734
2011-04-26,17.709980010986328
2011-04-27,17.73695945739746
2011-04-28,17.460426330566406
2011-04-29,17.563840866088867
2011-05-02,17.79317283630371
2011-05-03,17.986526489257812
2011-05-04,17.934814453125
2011-05-05,17.694246292114258
2011-05-06,17.853878021240234
2011-05-09,17.955049514770508
2011-05-10,18.065216064453125
2011-05-11,17.838146209716797
2011-05-12,17.970788955688477
2011-05-13,17.966297149658203
2011-05-16,17.97303581237793
2011-05-17,18.121435165405273
2011-05-18,18.022315979003906
2011-05-19,17.93897247314453
2011-05-20,17.62137222290039
2011-05-23,17.326295852661133
2011-05-24,17.479463577270508
2011-05-25,17.738502502441406
2011-05-26,17.860132217407227
2011-05-27,17.975017547607422
2011-05-31,18.258832931518555
2011-06-01,17.835357666015625
2011-06-02,18.177743911743164
2011-06-03,17.824092864990234
2011-06-06,17.614612579345703
2011-06-07,17.979509353637695
2011-06-08,17.278987884521484
2011-06-09,17.215923309326172
2011-06-10,16.823978424072266
2011-06-13,16.862276077270508
2011-06-14,17.10329246520996
2011-06-15,16.85777473449707
2011-06-16,16.866771697998047
2011-06-17,16.765424728393555
2011-06-20,16.679824829101562
2011-06-21,16.89155387878418
2011-06-22,16.81722640991211
2011-06-23,16.963632583618164
2011-06-24,16.526662826538086
2011-06-27,16.643774032592773
2011-06-28,16.956886291503906
2011-06-29,19.49995994567871
2011-06-30,18.97963523864746
2011-07-01,19.81531524658203
2011-07-05,19.894149780273438
2011-07-06,19.867115020751953
2011-07-07,20.30636215209961
2011-07-08,20.211748123168945
2011-07-11,19.799543380737305
2011-07-12,19.754497528076172
2011-07-13,19.988759994506836
2011-07-14,19.808561325073242
2011-07-15,19.991004943847656
2011-07-18,19.83783721923828
2011-07-19,20.094623565673828
2011-07-20,19.96623420715332
2011-07-21,19.833332061767578
2011-07-22,20.16444969177246
2011-07-25,20.06534767150879
2011-07-26,20.092370986938477
2011-07-27,19.76576042175293
2011-07-28,19.578800201416016
2011-07-29,19.267953872680664
2011-08-01,19.299488067626953
2011-08-02,18.821958541870117
2011-08-03,19.704940795898438
2011-08-04,19.14406967163086
2011-08-05,18.788177490234375
2011-08-08,17.848875045776367
2011-08-09,18.64175796508789
2011-08-10,17.857879638671875
2011-08-11,19.038204193115234
2011-08-12,18.882780075073242
2011-08-15,19.342287063598633
2011-08-16,19.33327865600586
2011-08-17,18.951934814453125
2011-08-18,18.117040634155273
2011-08-19,17.96135139465332
2011-08-22,18.004230499267578
2011-08-23,18.902297973632812
2011-08-24,19.491228103637695
2011-08-25,18.979015350341797
2011-08-26,19.37163543701172
2011-08-29,19.53635597229004
2011-08-30,19.84098243713379
2011-08-31,19.829694747924805
2011-09-01,19.79584312438965
2011-09-02,19.30394744873047
2011-09-06,19.3738956451416
2011-09-07,19.965084075927734
2011-09-08,19.734928131103516
2011-09-09,19.484455108642578
2011-09-12,19.732664108276367
2011-09-13,19.80487823486328
2011-09-14,20.213293075561523
2011-09-15,20.42089080810547
2011-09-16,20.49986457824707
2011-09-19,20.314834594726562
2011-09-20,20.94889259338379
2011-09-21,20.62847900390625
2011-09-22,19.924468994140625
2011-09-23,20.32611083984375
2011-09-26,20.371244430541992
2011-09-27,20.190732955932617
2011-09-28,19.773286819458008
2011-09-29,19.78682518005371
2011-09-30,19.342302322387695
2011-10-03,19.012859344482422
2011-10-04,19.13019371032715
2011-10-05,19.177579879760742
2011-10-06,19.66046714782715
2011-10-07,19.461896896362305
2011-10-10,20.138830184936523
2011-10-11,20.423141479492188
2011-10-12,20.572065353393555
2011-10-13,20.894742965698242
2011-10-14,21.192588806152344
2011-10-17,20.576581954956055
2011-10-18,21.190338134765625
2011-10-19,20.32611083984375
2011-10-20,20.61268424987793
2011-10-21,21.082027435302734
2011-10-24,21.25802993774414
2011-10-25,20.461505889892578
2011-10-26,20.763866424560547
2011-10-27,21.300901412963867
2011-10-28,21.458852767944336
2011-10-31,21.043670654296875
2011-11-01,20.314834594726562
2011-11-02,20.64653205871582
2011-11-03,21.025615692138672
2011-11-04,20.903766632080078
2011-11-07,20.975969314575195
2011-11-08,21.332490921020508
2011-11-09,21.01433563232422
2011-11-10,20.9940185546875
2011-11-11,21.472394943237305
2011-11-14,21.17002296447754
2011-11-15,21.578449249267578
2011-11-16,21.123849868774414
2011-11-17,20.67152976989746
2011-11-18,20.5380859375
2011-11-21,20.628549575805664
2011-11-22,20.544870376586914
2011-11-23,20.19431495666504
2011-11-25,20.13324737548828
2011-11-28,21.139680862426758
2011-11-29,21.010765075683594
2011-11-30,21.931259155273438
2011-12-01,22.10993194580078
2011-12-02,21.983280181884766
2011-12-05,21.725454330444336
2011-12-06,21.56941032409668
2011-12-07,21.953880310058594
2011-12-08,21.666650772094727
2011-12-09,21.981019973754883
2011-12-12,21.919960021972656
2011-12-13,21.691530227661133
2011-12-14,21.79330825805664
2011-12-15,21.671184539794922
2011-12-16,22.03756332397461
2011-12-19,22.29538917541504
2011-12-20,22.921876907348633
2011-12-21,22.779382705688477
2011-12-22,22.738677978515625
2011-12-23,23.177438735961914
2011-12-27,23.04851722717285
2011-12-28,22.779382705688477
2011-12-29,23.328962326049805
2011-12-30,22.96257972717285
2012-01-03,23.292774200439453
2012-01-04,22.876644134521484
2012-01-05,23.04851722717285
2012-01-06,22.777124404907227
2012-01-09,22.59392547607422
2012-01-10,22.571313858032227
2012-01-11,22.41526222229004
2012-01-12,22.91961097717285
2012-01-13,22.783906936645508
2012-01-17,23.18874168395996
2012-01-18,23.471446990966797
2012-01-19,23.15255355834961
2012-01-20,22.74772834777832
2012-01-23,22.52607536315918
2012-01-24,22.8449649810791
2012-01-25,22.743188858032227
2012-01-26,22.811050415039062
2012-01-27,22.85401725769043
2012-01-30,22.589405059814453
2012-01-31,22.76129150390625
2012-02-01,23.184226989746094
2012-02-02,23.987104415893555
2012-02-03,24.206491470336914
2012-02-06,24.281126022338867
2012-02-07,24.19518280029297
2012-02-08,24.505029678344727
2012-02-09,25.425521850585938
2012-02-10,25.760244369506836
2012-02-13,25.491104125976562
2012-02-14,26.063308715820312
2012-02-15,26.081430435180664
2012-02-16,25.786861419677734
2012-02-17,26.061046600341797
2012-02-21,25.877498626708984
2012-02-22,26.36695098876953
2012-02-23,26.394134521484375
2012-02-24,26.634336471557617
2012-02-27,26.48024559020996
2012-02-28,26.953842163085938
2012-02-29,26.369213104248047
2012-03-01,26.55275535583496
2012-03-02,26.321626663208008
2012-03-05,26.339759826660156
2012-03-06,26.02251434326172
2012-03-07,26.20380401611328
2012-03-08,26.731779098510742
2012-03-09,26.550491333007812
2012-03-12,26.405473709106445
2012-03-13,26.573152542114258
2012-03-14,26.455320358276367
2012-03-15,26.51197052001953
2012-03-16,26.43946647644043
2012-03-19,26.92891502380371
2012-03-20,26.403200149536133
2012-03-21,26.455320358276367
2012-03-22,26.575414657592773
2012-03-23,26.915311813354492
2012-03-26,27.205360412597656
2012-03-27,27.14870834350586
2012-03-28,27.044475555419922
2012-03-29,26.96516990661621
2012-03-30,26.738576889038086
2012-04-02,26.96063804626465
2012-04-03,27.273330688476562
2012-04-04,26.96063804626465
2012-04-05,27.420629501342773
2012-04-09,27.07846450805664
2012-04-10,26.453052520751953
2012-04-11,26.598072052001953
2012-04-12,27.422897338867188
2012-04-13,27.907812118530273
2012-04-16,27.379840850830078
2012-04-17,27.663095474243164
2012-04-18,27.59511375427246
2012-04-19,27.4614200592041
2012-04-20,27.420629501342773
2012-04-23,26.7612247467041
2012-04-24,26.949312210083008
2012-04-25,27.59738540649414
2012-04-26,27.91461753845215
2012-04-27,27.98938751220703
2012-04-30,27.86703872680664
2012-05-01,27.891952514648438
2012-05-02,27.68800926208496
2012-05-03,26.378276824951172
2012-05-04,26.69098472595215
2012-05-07,26.854137420654297
2012-05-08,26.770296096801758
2012-05-09,26.607149124145508
2012-05-10,26.7770938873291
2012-05-11,26.72043800354004
2012-05-14,26.448532104492188
2012-05-15,26.423608779907227
2012-05-16,26.68240737915039
2012-05-17,26.11029815673828
2012-05-18,25.57225227355957
2012-05-21,26.385009765625
2012-05-22,26.877647399902344
2012-05-23,27.05472755432129
2012-05-24,27.190950393676758
2012-05-25,27.10013771057129
2012-05-29,27.306732177734375
2012-05-30,26.673330307006836
2012-05-31,26.153432846069336
2012-06-01,25.483699798583984
2012-06-04,25.917329788208008
2012-06-05,25.837873458862305
2012-06-06,26.412240982055664
2012-06-07,26.518945693969727
2012-06-08,26.466733932495117
2012-06-11,26.414514541625977
2012-06-12,26.59840965270996
2012-06-13,26.085330963134766
2012-06-14,26.446304321289062
2012-06-15,26.879920959472656
2012-06-18,27.265872955322266
2012-06-19,27.549650192260742
2012-06-20,27.83115577697754
2012-06-21,27.125104904174805
2012-06-22,28.366943359375
2012-06-25,27.5314884185791
2012-06-26,27.9605655670166
2012-06-27,28.024131774902344
2012-06-28,27.588237762451172
2012-06-29,28.067264556884766
2012-07-02,28.74608039855957
2012-07-03,28.682510375976562
2012-07-05,28.83462142944336
2012-07-06,28.441862106323242
2012-07-09,28.071809768676758
2012-07-10,27.760784149169922
2012-07-11,27.411161422729492
2012-07-12,27.842514038085938
2012-07-13,28.171701431274414
2012-07-16,28.866405487060547
2012-07-17,29.111587524414062
2012-07-18,29.018508911132812
2012-07-19,28.466833114624023
2012-07-20,28.548561096191406
2012-07-23,28.25797462463379
2012-07-24,27.84478187561035
2012-07-25,27.74262046813965
2012-07-26,28.780136108398438
2012-07-27,29.31818962097168
2012-07-30,29.70412826538086
2012-07-31,29.302289962768555
2012-08-01,28.936779022216797
2012-08-02,29.347702026367188
2012-08-03,29.73590850830078
2012-08-06,29.747264862060547
2012-08-07,29.604236602783203
2012-08-08,29.774499893188477
2012-08-09,29.17514991760254
2012-08-10,29.306833267211914
2012-08-13,29.13201904296875
2012-08-14,29.488454818725586
2012-08-15,29.349735260009766
2012-08-16,29.4907283782959
2012-08-17,29.26559066772461
2012-08-20,29.14505958557129
2012-08-21,28.999521255493164
2012-08-22,29.13141632080078
2012-08-23,28.915372848510742
2012-08-24,28.80394744873047
2012-08-27,29.031354904174805
2012-08-28,28.972227096557617
2012-08-29,29.11322593688965
2012-08-30,28.81303596496582
2012-08-31,29.16552734375
2012-09-04,29.2269344329834
2012-09-05,29.019983291625977
2012-09-06,29.449800491333008
2012-09-07,29.4975528717041
2012-09-10,29.2633113861084
2012-09-11,29.902345657348633
2012-09-12,30.350345611572266
2012-09-13,30.696002960205078
2012-09-14,30.530000686645508
2012-09-17,30.443584442138672
2012-09-18,30.395822525024414
2012-09-19,30.652801513671875
2012-09-20,30.611858367919922
2012-09-21,30.700557708740234
2012-09-24,30.414016723632812
2012-09-25,30.600494384765625
2012-09-26,30.13658332824707
2012-09-27,30.452682495117188
2012-09-28,30.53681755065918
2012-10-01,31.093975067138672
2012-10-02,30.92796516418457
2012-10-03,31.50105857849121
2012-10-04,31.762575149536133
2012-10-05,31.89674949645996
2012-10-08,31.544254302978516
2012-10-09,31.096267700195312
2012-10-10,31.250904083251953
2012-10-11,31.621578216552734
2012-10-12,31.637487411499023
2012-10-15,31.812597274780273
2012-10-16,32.10140609741211
2012-10-17,32.4197883605957
2012-10-18,32.265140533447266
2012-10-19,31.830795288085938
2012-10-22,31.610206604003906
2012-10-23,31.073509216308594
2012-10-24,31.03940200805664
2012-10-25,31.28046226501465
2012-10-26,31.453290939331055
2012-10-31,31.555635452270508
2012-11-01,32.719966888427734
2012-11-02,32.61081314086914
2012-11-05,32.17872619628906
2012-11-06,32.715415954589844
2012-11-07,32.4197883605957
2012-11-08,32.30607223510742
2012-11-09,32.503936767578125
2012-11-12,32.574432373046875
2012-11-13,32.3947868347168
2012-11-14,31.9001407623291
2012-11-15,31.91155242919922
2012-11-16,32.529258728027344
2012-11-19,33.19940948486328
2012-11-20,33.35667419433594
2012-11-21,33.42961502075195
2012-11-23,33.762413024902344
2012-11-26,33.56410217285156
2012-11-27,33.456974029541016
2012-11-28,33.57322311401367
2012-11-29,33.77608108520508
2012-11-30,34.12484359741211
2012-12-03,33.88093948364258
2012-12-04,33.6416130065918
2012-12-05,33.74872970581055
2012-12-06,33.84218978881836
2012-12-07,33.86042785644531
2012-12-10,33.88550567626953
2012-12-11,33.940208435058594
2012-12-12,33.70771026611328
2012-12-13,33.552711486816406
2012-12-14,33.46608352661133
2012-12-17,33.99262619018555
2012-12-18,34.35505676269531
2012-12-19,33.99947738647461
2012-12-20,34.751670837402344
2012-12-21,34.366455078125
2012-12-24,34.459903717041016
2012-12-26,34.13623046875
2012-12-27,34.054168701171875
2012-12-28,33.883235931396484
2012-12-31,34.55107116699219
2013-01-02,35.41725158691406
2013-01-03,35.44461441040039
2013-01-04,35.734092712402344
2013-01-07,35.9893913269043
2013-01-08,36.3244514465332
2013-01-09,36.87834167480469
2013-01-10,36.586585998535156
2013-01-11,36.73474884033203
2013-01-14,36.618507385253906
2013-01-15,36.57291030883789
2013-01-16,36.515933990478516
2013-01-17,36.44297790527344
2013-01-18,36.07600021362305
2013-01-22,36.25379180908203
2013-01-23,36.25379180908203
2013-01-24,36.37003707885742
2013-01-25,36.433868408203125
2013-01-28,35.63834762573242
2013-01-29,35.70901870727539
2013-01-30,35.33291244506836
2013-01-31,35.99394607543945
2013-02-01,36.14210510253906
2013-02-04,35.70673370361328
2013-02-05,36.36320877075195
2013-02-06,36.65724182128906
2013-02-07,35.800193786621094
2013-02-08,35.9688720703125
2013-02-11,35.6337890625
2013-02-12,35.74092483520508
2013-02-13,35.352622985839844
2013-02-14,35.62899398803711
2013-02-15,36.08811950683594
2013-02-19,36.001319885253906
2013-02-20,35.501068115234375
2013-02-21,35.96249008178711
2013-02-22,36.41704559326172
2013-02-25,35.60844039916992
2013-02-26,36.05158996582031
2013-02-27,36.51756286621094
2013-02-28,36.236595153808594
2013-03-01,36.10868453979492
2013-03-04,36.433040618896484
2013-03-05,36.613494873046875
2013-03-06,36.78938293457031
2013-03-07,36.66374969482422
2013-03-08,36.70028305053711
2013-03-11,36.8167839050293
2013-03-12,36.50156021118164
2013-03-13,36.40333938598633
2013-03-14,36.6980094909668
2013-03-15,36.21604537963867
2013-03-18,36.10639572143555
2013-03-19,35.63356018066406
2013-03-20,36.39419937133789
2013-03-21,36.04473876953125
2013-03-22,36.56779479980469
2013-03-25,37.460933685302734
2013-03-26,38.251258850097656
2013-03-27,38.525360107421875
2013-03-28,38.7949104309082
2013-04-01,38.226131439208984
2013-04-02,38.36318588256836
2013-04-03,37.63224792480469
2013-04-04,38.02741622924805
2013-04-05,37.72590255737305
2013-04-08,37.9840202331543
2013-04-09,37.63224792480469
2013-04-10,38.1439094543457
2013-04-11,38.28781509399414
2013-04-12,37.860679626464844
2013-04-15,36.841915130615234
2013-04-16,37.62310791015625
2013-04-17,37.05662155151367
2013-04-18,36.86933135986328
2013-04-19,37.4517936706543
2013-04-22,37.35359191894531
2013-04-23,37.840110778808594
2013-04-24,38.1599006652832
2013-04-25,38.548213958740234
2013-04-26,38.19871520996094
2013-04-29,38.35177230834961
2013-04-30,38.47967529296875
2013-05-01,37.922332763671875
2013-05-02,40.064918518066406
2013-05-03,41.01057052612305
2013-05-06,40.86210250854492
2013-05-07,41.067691802978516
2013-05-08,40.946617126464844
2013-05-09,40.79128646850586
2013-05-10,40.83013916015625
2013-05-13,40.87124252319336
2013-05-14,41.188743591308594
2013-05-15,41.59378433227539
2013-05-16,41.145267486572266
2013-05-17,42.23683547973633
2013-05-20,41.55945587158203
2013-05-21,41.545745849609375
2013-05-22,41.22306823730469
2013-05-23,40.75624465942383
2013-05-24,41.29402542114258
2013-05-28,41.197906494140625
2013-05-29,40.7653923034668
2013-05-30,41.426734924316406
2013-05-31,40.7653923034668
2013-06-03,41.23452377319336
2013-06-04,41.23680877685547
2013-06-05,40.554866790771484
2013-06-06,41.042293548583984
2013-06-07,41.17730712890625
2013-06-10,41.724239349365234
2013-06-11,41.11323547363281
2013-06-12,40.996524810791016
2013-06-13,41.705928802490234
2013-06-14,41.403846740722656
2013-06-17,41.72880935668945
2013-06-18,42.10868835449219
2013-06-19,41.792877197265625
2013-06-20,40.838623046875
2013-06-21,41.07661437988281
2013-06-24,40.795143127441406
2013-06-25,41.298587799072266
2013-06-26,41.79746627807617
2013-06-27,42.16590118408203
2013-06-28,41.82033920288086
2013-07-01,42.385581970214844
2013-07-02,42.39016342163086
2013-07-03,42.802059173583984
2013-07-05,43.66020584106445
2013-07-08,43.04462432861328
2013-07-09,42.83869171142578
2013-07-10,42.72426223754883
2013-07-11,43.47029113769531
2013-07-12,43.64419174194336
2013-07-15,43.53662109375
2013-07-16,43.33755111694336
2013-07-17,43.39704895019531
2013-07-18,43.710575103759766
2013-07-19,43.46112060546875
2013-07-22,43.758609771728516
2013-07-23,43.15446853637695
2013-07-24,42.73571014404297
2013-07-25,44.53437042236328
2013-07-26,44.21171951293945
2013-07-29,43.93023681640625
2013-07-30,43.808963775634766
2013-07-31,40.506805419921875
2013-08-01,41.0011100769043
2013-08-02,42.10640335083008
2013-08-05,42.2299690246582
2013-08-06,41.85238265991211
2013-08-07,41.509124755859375
2013-08-08,41.36953353881836
2013-08-09,41.147560119628906
2013-08-12,41.1361083984375
2013-08-13,41.01483154296875
2013-08-14,40.88874435424805
2013-08-15,39.87540054321289
2013-08-16,39.69200134277344
2013-08-19,40.11611557006836
2013-08-20,39.712623596191406
2013-08-21,40.89792251586914
2013-08-22,41.0194091796875
2013-08-23,41.060699462890625
2013-08-26,40.12071990966797
2013-08-27,39.93042755126953
2013-08-28,40.168861389160156
2013-08-29,40.205543518066406
2013-08-30,39.98773956298828
2013-09-03,40.583824157714844
2013-09-04,40.393531799316406
2013-09-05,40.39812088012695
2013-09-06,40.50357437133789
2013-09-09,40.93458557128906
2013-09-10,42.3193244934082
2013-09-11,42.71366500854492
2013-09-12,42.427085876464844
2013-09-13,43.33036804199219
2013-09-16,43.41749572753906
2013-09-17,43.92645263671875
2013-09-18,44.39643096923828
2013-09-19,44.63945007324219
2013-09-20,45.584014892578125
2013-09-23,44.9902229309082
2013-09-24,44.32537078857422
2013-09-25,43.91728210449219
2013-09-26,44.375816345214844
2013-09-27,44.258888244628906
2013-09-30,43.81182861328125
2013-10-01,44.297855377197266
2013-10-02,43.97687911987305
2013-10-03,43.25011444091797
2013-10-04,43.669673919677734
2013-10-07,42.71824645996094
2013-10-08,41.8470458984375
2013-10-09,42.14967346191406
2013-10-10,43.33724594116211
2013-10-11,44.063995361328125
2013-10-14,44.34828567504883
2013-10-15,43.873722076416016
2013-10-16,44.85036849975586
2013-10-17,45.457923889160156
2013-10-18,45.95542526245117
2013-10-21,45.861419677734375
2013-10-22,45.847652435302734
2013-10-23,45.59775161743164
2013-10-24,46.51940155029297
2013-10-25,46.553775787353516
2013-10-28,46.55835723876953
2013-10-29,46.82431411743164
2013-10-30,46.728023529052734
2013-10-31,45.08879852294922
2013-11-01,45.65966796875
2013-11-04,45.0314826965332
2013-11-05,45.24928283691406
2013-11-06,45.6275634765625
2013-11-07,44.958133697509766
2013-11-08,45.460208892822266
2013-11-11,45.68489074707031
2013-11-12,45.455631256103516
2013-11-13,45.89440155029297
2013-11-14,45.97940444946289
2013-11-15,46.40439224243164
2013-11-18,45.92195510864258
2013-11-19,45.34535217285156
2013-11-20,45.51304626464844
2013-11-21,46.31480026245117
2013-11-22,46.431949615478516
2013-11-25,46.38829803466797
2013-11-26,46.753570556640625
2013-11-27,46.861549377441406
2013-11-29,46.739768981933594
2013-12-02,47.12342071533203
2013-12-03,46.34694290161133
2013-12-04,46.57438278198242
2013-12-05,46.3377685546875
2013-12-06,46.3745231628418
2013-12-09,46.31019973754883
2013-12-10,45.813995361328125
2013-12-11,47.245182037353516
2013-12-12,46.73519515991211
2013-12-13,47.63570022583008
2013-12-16,47.72530746459961
2013-12-17,48.988792419433594
2013-12-18,49.47121810913086
2013-12-19,49.63890075683594
2013-12-20,49.61363220214844
2013-12-23,50.086875915527344
2013-12-24,50.2476692199707
2013-12-26,50.58537292480469
2013-12-27,50.4636116027832
2013-12-30,50.74848175048828
2013-12-31,51.15508270263672
2014-01-02,50.771453857421875
2014-01-03,50.80590057373047
2014-01-06,50.5003776550293
2014-01-07,50.88631057739258
2014-01-08,51.04941940307617
2014-01-09,50.978187561035156
2014-01-10,50.799015045166016
2014-01-13,50.286720275878906
2014-01-14,51.14820098876953
2014-01-15,51.403194427490234
2014-01-16,50.946044921875
2014-01-17,53.33747100830078
2014-01-21,53.2800407409668
2014-01-22,53.5235481262207
2014-01-23,52.43464279174805
2014-01-24,50.826576232910156
2014-01-27,49.67106628417969
2014-01-28,50.75996780395508
2014-01-29,49.877830505371094
2014-01-30,50.74159240722656
2014-01-31,49.489585876464844
2014-02-03,49.03932189941406
2014-02-04,49.28512191772461
2014-02-05,49.53093719482422
2014-02-06,50.31199264526367
2014-02-07,50.948341369628906
2014-02-10,50.66579055786133
2014-02-11,51.07469940185547
2014-02-12,51.59019470214844
2014-02-13,51.562591552734375
2014-02-14,52.01133728027344
2014-02-18,52.025142669677734
2014-02-19,51.52345657348633
2014-02-20,51.42679214477539
2014-02-21,51.403785705566406
2014-02-24,52.055084228515625
2014-02-25,52.26679229736328
2014-02-26,52.03666305541992
2014-02-27,52.07579040527344
2014-02-28,51.997554779052734
2014-03-03,50.96192932128906
2014-03-04,51.89627456665039
2014-03-05,51.2772102355957
2014-03-06,51.51885986328125
2014-03-07,51.91008758544922
2014-03-10,51.89627456665039
2014-03-11,52.28290939331055
2014-03-12,52.034358978271484
2014-03-13,50.81001663208008
2014-03-14,50.807708740234375
2014-03-17,51.50043487548828
2014-03-18,52.10570526123047
2014-03-19,51.509647369384766
2014-03-20,51.049373626708984
2014-03-21,51.40607833862305
2014-03-24,50.803123474121094
2014-03-25,50.262298583984375
2014-03-26,49.63630676269531
2014-03-27,49.65701675415039
2014-03-28,48.81010818481445
2014-03-31,49.677738189697266
2014-04-01,49.4107780456543
2014-04-02,49.401580810546875
2014-04-03,49.482120513916016
2014-04-04,47.79982376098633
2014-04-07,46.8125114440918
2014-04-08,46.62379455566406
2014-04-09,47.76298141479492
2014-04-10,46.384464263916016
2014-04-11,45.25217819213867
2014-04-14,46.26019287109375
2014-04-15,46.959808349609375
2014-04-16,48.18183898925781
2014-04-17,47.85733413696289
2014-04-21,48.12890625
2014-04-22,48.32223892211914
2014-04-23,48.057579040527344
2014-04-24,48.19105529785156
2014-04-25,45.7814826965332
2014-04-28,46.35454559326172
2014-04-29,46.642208099365234
2014-04-30,46.628395080566406
2014-05-01,47.42928695678711
2014-05-02,47.044952392578125
2014-05-05,47.66863250732422
2014-05-06,47.26129150390625
2014-05-07,48.02994918823242
2014-05-08,48.536251068115234
2014-05-09,48.51554489135742
2014-05-12,48.720359802246094
2014-05-13,48.80320739746094
2014-05-14,48.388187408447266
2014-05-15,47.83249282836914
2014-05-16,48.376651763916016
2014-05-19,48.503482818603516
2014-05-20,47.94088363647461
2014-05-21,48.44352722167969
2014-05-22,48.27519607543945
2014-05-23,48.89774703979492
2014-05-27,49.45804214477539
2014-05-28,49.29664611816406
2014-05-29,49.49723815917969
2014-05-30,49.53413391113281
2014-06-02,49.23208999633789
2014-06-03,48.724815368652344
2014-06-04,48.75018310546875
2014-06-05,48.93234634399414
2014-06-06,49.1121940612793
2014-06-09,49.015342712402344
2014-06-10,49.400390625
2014-06-11,49.03839111328125
2014-06-12,48.82857894897461
2014-06-13,48.71790313720703
2014-06-16,48.47579574584961
2014-06-17,48.607215881347656
2014-06-18,48.70867919921875
2014-06-19,48.49425506591797
2014-06-20,48.3028678894043
2014-06-23,48.29826354980469
2014-06-24,47.9109001159668
2014-06-25,48.2037239074707
2014-06-26,48.18067169189453
2014-06-27,48.25444412231445
2014-06-30,48.58416748046875
2014-07-01,49.400390625
2014-07-02,49.536441802978516
2014-07-03,49.921485900878906
2014-07-07,49.97452926635742
2014-07-08,49.633277893066406
2014-07-09,49.840797424316406
2014-07-10,49.697837829589844
2014-07-11,50.03448486328125
2014-07-14,50.96369934082031
2014-07-15,51.13662338256836
2014-07-16,51.341835021972656
2014-07-17,50.23739242553711
2014-07-18,50.772315979003906
2014-07-21,50.546348571777344
2014-07-22,51.0167121887207
2014-07-23,51.002891540527344
2014-07-24,51.357967376708984
2014-07-25,49.520301818847656
2014-07-28,49.39348220825195
2014-07-29,49.22746658325195
2014-07-30,49.356597900390625
2014-07-31,48.65332794189453
2014-08-01,48.83778381347656
2014-08-04,48.918495178222656
2014-08-05,48.54496765136719
2014-08-06,48.579551696777344
2014-08-07,48.19910430908203
2014-08-08,48.52653503417969
2014-08-11,48.554195404052734
2014-08-12,48.4896354675293
2014-08-13,48.843082427978516
2014-08-14,49.09489059448242
2014-08-15,48.5566291809082
2014-08-18,49.51072311401367
2014-08-19,49.66779327392578
2014-08-20,49.94501495361328
2014-08-21,49.841068267822266
2014-08-22,49.91960906982422
2014-08-25,49.903438568115234
2014-08-26,50.06745147705078
2014-08-27,50.15985870361328
2014-08-28,49.575382232666016
2014-08-29,49.09489059448242
2014-09-02,49.605430603027344
2014-09-03,49.64469528198242
2014-09-04,49.496849060058594
2014-09-05,49.48531723022461
2014-09-08,49.845664978027344
2014-09-09,49.5014762878418
2014-09-10,50.102108001708984
2014-09-11,49.656253814697266
2014-09-12,49.446022033691406
2014-09-15,49.58464431762695
2014-09-16,50.199134826660156
2014-09-17,49.790245056152344
2014-09-18,50.00046920776367
2014-09-19,49.956573486328125
2014-09-22,49.40907669067383
2014-09-23,49.08102798461914
2014-09-24,49.531494140625
2014-09-25,48.6767692565918
2014-09-26,48.96089172363281
2014-09-29,48.72758102416992
2014-09-30,49.29124450683594
2014-10-01,48.51504898071289
2014-10-02,48.44804000854492
2014-10-03,48.97244644165039
2014-10-06,48.926239013671875
2014-10-07,48.062255859375
2014-10-08,49.057926177978516
2014-10-09,47.983726501464844
2014-10-10,47.35305404663086
2014-10-13,47.191341400146484
2014-10-14,46.830955505371094
2014-10-15,46.260372161865234
2014-10-16,46.8956413269043
2014-10-17,47.58867645263672
2014-10-20,48.01605224609375
2014-10-21,49.27738571166992
2014-10-22,48.72526550292969
2014-10-23,49.5014762878418
2014-10-24,49.31665802001953
2014-10-27,49.30049514770508
2014-10-28,50.06283950805664
2014-10-29,49.58926010131836
2014-10-30,54.66923522949219
2014-10-31,55.77348327636719
2014-11-03,55.798892974853516
2014-11-04,56.12922668457031
2014-11-05,57.64468765258789
2014-11-06,57.77405548095703
2014-11-07,58.314613342285156
2014-11-10,57.8017578125
2014-11-11,57.69089126586914
2014-11-12,58.31581115722656
2014-11-13,58.07741928100586
2014-11-14,57.595977783203125
2014-11-17,57.81819152832031
2014-11-18,57.80196762084961
2014-11-19,57.83207321166992
2014-11-20,58.251014709472656
2014-11-21,58.841224670410156
2014-11-24,58.933815002441406
2014-11-25,59.544857025146484
2014-11-26,59.544857025146484
2014-11-28,59.760128021240234
2014-12-01,59.750858306884766
2014-12-02,60.18138122558594
2014-12-03,60.549400329589844
2014-12-04,60.442928314208984
2014-12-05,60.95444107055664
2014-12-08,60.896583557128906
2014-12-09,61.137306213378906
2014-12-10,60.5771598815918
2014-12-11,60.90119934082031
2014-12-12,59.43376541137695
2014-12-15,59.41524887084961
2014-12-16,58.653751373291016
2014-12-17,59.96611785888672
2014-12-18,61.14189910888672
2014-12-19,60.56559371948242
2014-12-22,61.153499603271484
2014-12-23,61.39651870727539
2014-12-24,61.9450569152832
2014-12-26,61.71132278442383
2014-12-29,61.43587112426758
2014-12-30,61.232181549072266
2014-12-31,60.68827819824219
2015-01-02,61.340980529785156
2015-01-05,59.98695373535156
2015-01-06,59.60041046142578
2015-01-07,60.398948669433594
2015-01-08,61.20904541015625
2015-01-09,60.301727294921875
2015-01-12,60.183685302734375
2015-01-13,60.35958480834961
2015-01-14,59.15138626098633
2015-01-15,58.58894348144531
2015-01-16,59.010196685791016
2015-01-20,59.44765090942383
2015-01-21,59.54949188232422
2015-01-22,59.62356948852539
2015-01-23,59.78327178955078
2015-01-26,59.37588882446289
2015-01-27,58.0936164855957
2015-01-28,57.02196502685547
2015-01-29,57.40156555175781
2015-01-30,59.000946044921875
2015-02-02,59.1004638671875
2015-02-03,60.13045120239258
2015-02-04,61.310874938964844
2015-02-05,62.91026306152344
2015-02-06,61.8964729309082
2015-02-09,61.442806243896484
2015-02-10,61.232181549072266
2015-02-11,61.677398681640625
2015-02-12,62.818241119384766
2015-02-13,62.52146911621094
2015-02-17,62.80897903442383
2015-02-18,62.403160095214844
2015-02-19,62.398555755615234
2015-02-20,63.3028564453125
2015-02-23,63.3051872253418
2015-02-24,63.17997741699219
2015-02-25,63.3051872253418
2015-02-26,63.47676086425781
2015-02-27,62.91099548339844
2015-03-02,64.52950286865234
2015-03-03,63.836181640625
2015-03-04,63.47676086425781
2015-03-05,63.56489562988281
2015-03-06,62.45419692993164
2015-03-09,62.936527252197266
2015-03-10,61.49422073364258
2015-03-11,61.38987350463867
2015-03-12,62.509830474853516
2015-03-13,61.45481491088867
2015-03-16,62.379974365234375
2015-03-17,61.33189392089844
2015-03-18,62.06697463989258
2015-03-19,61.967262268066406
2015-03-20,62.52374267578125
2015-03-23,62.21768569946289
2015-03-24,62.2362174987793
2015-03-25,60.96554183959961
2015-03-26,60.83567810058594
2015-03-27,60.7892951965332
2015-03-30,60.90060806274414
2015-03-31,60.66875076293945
2015-04-01,60.45539855957031
2015-04-02,60.557403564453125
2015-04-06,60.47394561767578
2015-04-07,61.03044509887695
2015-04-08,61.679718017578125
2015-04-09,61.624061584472656
2015-04-10,61.53131103515625
2015-04-13,60.854209899902344
2015-04-14,60.780033111572266
2015-04-15,60.91914367675781
2015-04-16,60.89133834838867
2015-04-17,59.843223571777344
2015-04-20,60.02873611450195
2015-04-21,60.61308670043945
2015-04-22,63.08024978637695
2015-04-23,62.8112678527832
2015-04-24,62.58867645263672
2015-04-27,62.2362174987793
2015-04-28,61.930145263671875
2015-04-29,62.458839416503906
2015-04-30,61.262332916259766
2015-05-01,61.00263214111328
2015-05-04,60.82642364501953
2015-05-05,61.17888641357422
2015-05-06,60.90986633300781
2015-05-07,61.75390625
2015-05-08,64.43441009521484
2015-05-11,64.01705932617188
2015-05-12,63.71096420288086
2015-05-13,63.78532028198242
2015-05-14,65.0396499633789
2015-05-15,64.64010620117188
2015-05-18,65.0396499633789
2015-05-19,65.18832397460938
2015-05-20,64.83524322509766
2015-05-21,64.45429992675781
2015-05-22,64.68656158447266
2015-05-26,63.68308639526367
2015-05-27,64.56574249267578
2015-05-28,64.63079071044922
2015-05-29,63.81318664550781
2015-06-01,64.21270751953125
2015-06-02,64.14765167236328
2015-06-03,64.06403350830078
2015-06-04,63.3764762878418
2015-06-05,63.52516555786133
2015-06-08,62.88405990600586
2015-06-09,63.13490295410156
2015-06-10,64.69586181640625
2015-06-11,64.70514678955078
2015-06-12,64.4171142578125
2015-06-15,63.71097183227539
2015-06-16,64.11980438232422
2015-06-17,63.87819290161133
2015-06-18,64.57505798339844
2015-06-19,63.82246398925781
2015-06-22,64.19412231445312
2015-06-23,64.50076293945312
2015-06-24,63.98040771484375
2015-06-25,63.75745391845703
2015-06-26,63.87819290161133
2015-06-29,61.99207305908203
2015-06-30,62.3915901184082
2015-07-01,63.04200744628906
2015-07-02,63.40435028076172
2015-07-06,63.292869567871094
2015-07-07,62.96768569946289
2015-07-08,62.001365661621094
2015-07-09,62.298702239990234
2015-07-10,63.57160568237305
2015-07-13,64.5936508178711
2015-07-14,65.1325454711914
2015-07-15,65.0582046508789
2015-07-16,65.56924438476562
2015-07-17,65.8572769165039
2015-07-20,67.5483169555664
2015-07-21,66.91651916503906
2015-07-22,66.87006378173828
2015-07-23,66.6656494140625
2015-07-24,69.49949645996094
2015-07-27,68.6261215209961
2015-07-28,69.44373321533203
2015-07-29,70.62374877929688
2015-07-30,70.9675521850586
2015-07-31,70.00122833251953
2015-08-03,70.40074920654297
2015-08-04,69.93618774414062
2015-08-05,69.66674041748047
2015-08-06,68.36595153808594
2015-08-07,68.95132446289062
2015-08-10,69.1092758178711
2015-08-11,68.16154479980469
2015-08-12,68.44074249267578
2015-08-13,68.80369567871094
2015-08-14,69.07360076904297
2015-08-17,69.25041961669922
2015-08-18,69.3062744140625
2015-08-19,69.2411117553711
2015-08-20,68.82231903076172
2015-08-21,66.25369262695312
2015-08-24,63.61994934082031
2015-08-25,62.326297760009766
2015-08-26,65.78833770751953
2015-08-27,67.3797607421875
2015-08-28,67.43566131591797
2015-08-31,66.3560562133789
2015-09-01,64.17831420898438
2015-09-02,64.79254150390625
2015-09-03,65.51847076416016
2015-09-04,64.36444854736328
2015-09-08,65.63946533203125
2015-09-09,64.77392578125
2015-09-10,65.3602523803711
2015-09-11,65.8534927368164
2015-09-14,65.15552520751953
2015-09-15,65.620849609375
2015-09-16,66.06756591796875
2015-09-17,66.03964233398438
2015-09-18,64.95076751708984
2015-09-21,65.87211608886719
2015-09-22,65.37887573242188
2015-09-23,66.03034973144531
2015-09-24,65.36956024169922
2015-09-25,65.78833770751953
2015-09-28,62.54033660888672
2015-09-29,63.77813720703125
2015-09-30,64.82978820800781
2015-10-01,65.13689422607422
2015-10-02,65.76974487304688
2015-10-05,67.2215805053711
2015-10-06,67.08198547363281
2015-10-07,68.1429443359375
2015-10-08,68.77577209472656
2015-10-09,68.85025024414062
2015-10-12,69.79017639160156
2015-10-13,69.79948425292969
2015-10-14,69.05498504638672
2015-10-15,70.11592864990234
2015-10-16,70.73017120361328
2015-10-19,71.65154266357422
2015-10-20,70.9907455444336
2015-10-21,70.22760772705078
2015-10-22,71.12104797363281
2015-10-23,71.7259750366211
2015-10-26,72.7590103149414
2015-10-27,72.14473724365234
2015-10-28,73.40116882324219
2015-10-29,73.0661392211914
2015-10-30,72.20059967041016
2015-11-02,70.00425720214844
2015-11-03,72.49842834472656
2015-11-04,72.91718292236328
2015-11-05,73.76415252685547
2015-11-06,73.28946685791016
2015-11-09,72.62870788574219
2015-11-10,74.10179901123047
2015-11-11,73.8221206665039
2015-11-12,73.0109634399414
2015-11-13,72.82450103759766
2015-11-16,73.56104278564453
2015-11-17,73.49576568603516
2015-11-18,75.01548767089844
2015-11-19,74.7264633178711
2015-11-20,74.76374053955078
2015-11-23,74.6891860961914
2015-11-24,74.39080047607422
2015-11-25,74.17637634277344
2015-11-27,74.43743896484375
2015-11-30,73.66361236572266
2015-12-01,74.50273132324219
2015-12-02,73.69159698486328
2015-12-03,72.99231719970703
2015-12-04,74.95953369140625
2015-12-07,74.16704559326172
2015-12-08,73.71952819824219
2015-12-09,72.6100845336914
2015-12-10,72.83383178710938
2015-12-11,70.95984649658203
2015-12-14,71.66841888427734
2015-12-15,73.30001068115234
2015-12-16,74.45608520507812
2015-12-17,73.36527252197266
2015-12-18,71.15562438964844
2015-12-21,71.94810485839844
2015-12-22,72.1438980102539
2015-12-23,73.24406433105469
2015-12-24,72.96436309814453
2015-12-28,73.2160873413086
2015-12-29,73.85005187988281
2015-12-30,73.04824829101562
2015-12-31,72.30240631103516
2016-01-04,70.57760620117188
2016-01-05,71.10901641845703
2016-01-06,70.17667388916016
2016-01-07,68.79684448242188
2016-01-08,67.94840240478516
2016-01-11,68.91803741455078
2016-01-12,69.70120239257812
2016-01-13,68.15351867675781
2016-01-14,68.80615997314453
2016-01-15,66.969482421875
2016-01-19,66.5592269897461
2016-01-20,65.89727020263672
2016-01-21,66.71772003173828
2016-01-22,67.78058624267578
2016-01-25,66.88553619384766
2016-01-26,67.01608276367188
2016-01-27,66.11170196533203
2016-01-28,64.63861846923828
2016-01-29,69.44947052001953
2016-02-01,69.34690856933594
2016-02-02,68.43321990966797
2016-02-03,69.34690856933594
2016-02-04,68.69426727294922
2016-02-05,66.6990737915039
2016-02-08,63.18419647216797
2016-02-09,63.70628356933594
2016-02-10,65.40313720703125
2016-02-11,63.83680725097656
2016-02-12,65.65483856201172
2016-02-16,66.28882598876953
2016-02-17,67.28842163085938
2016-02-18,66.5503921508789
2016-02-19,66.82131958007812
2016-02-22,68.25061798095703
2016-02-23,67.40050506591797
2016-02-24,67.1202621459961
2016-02-25,68.44678497314453
2016-02-26,67.94234466552734
2016-02-29,67.62471771240234
2016-03-01,69.72660827636719
2016-03-02,69.40899658203125
2016-03-03,69.04463958740234
2016-03-04,69.03530883789062
2016-03-07,67.204345703125
2016-03-08,65.97124481201172
2016-03-09,66.02727508544922
2016-03-10,65.59757232666016
2016-03-11,66.91472625732422
2016-03-14,66.78397369384766
2016-03-15,67.17632293701172
2016-03-16,67.60603332519531
2016-03-17,68.32534790039062
2016-03-18,68.92321014404297
2016-03-21,68.91387176513672
2016-03-22,68.15718841552734
2016-03-23,69.04463958740234
2016-03-24,69.259521484375
2016-03-28,69.2034683227539
2016-03-29,70.41788482666016
2016-03-30,71.72573852539062
2016-03-31,71.44550323486328
2016-04-01,72.48237609863281
2016-04-04,72.70663452148438
2016-04-05,71.90322875976562
2016-04-06,73.06158447265625
2016-04-07,72.47307586669922
2016-04-08,72.89344024658203
2016-04-11,72.69728088378906
2016-04-12,73.35118103027344
2016-04-13,74.46283721923828
2016-04-14,75.04205322265625
2016-04-15,74.80850982666016
2016-04-18,76.08833312988281
2016-04-19,75.43438720703125
2016-04-20,75.8080825805664
2016-04-21,75.47177124023438
2016-04-22,73.90233612060547
2016-04-25,72.9961929321289
2016-04-26,73.36054992675781
2016-04-27,73.57539367675781
2016-04-28,72.56647491455078
2016-04-29,72.15545654296875
2016-05-02,73.2951431274414
2016-05-03,72.1087417602539
2016-05-04,71.99665069580078
2016-05-05,72.26753234863281
2016-05-06,72.60384368896484
2016-05-09,73.07093811035156
2016-05-10,73.9864273071289
2016-05-11,72.3393783569336
2016-05-12,72.89151000976562
2016-05-13,71.89952850341797
2016-05-16,72.80728149414062
2016-05-17,71.86211395263672
2016-05-18,72.4610366821289
2016-05-19,71.94632720947266
2016-05-20,72.68562316894531
2016-05-23,72.25516510009766
2016-05-24,74.28589630126953
2016-05-25,73.98641967773438
2016-05-26,73.93029022216797
2016-05-27,74.54794311523438
2016-05-31,73.87413787841797
2016-06-01,74.13616943359375
2016-06-02,74.8193359375
2016-06-03,74.80996704101562
2016-06-06,75.37144470214844
2016-06-07,75.4275894165039
2016-06-08,76.41024017333984
2016-06-09,76.04523468017578
2016-06-10,75.03456115722656
2016-06-13,73.36880493164062
2016-06-14,73.52788543701172
2016-06-15,73.15355682373047
2016-06-16,73.32197570800781
2016-06-17,72.04928588867188
2016-06-20,72.37678527832031
2016-06-21,72.36746215820312
2016-06-22,71.6187744140625
2016-06-23,73.2096939086914
2016-06-24,70.2337646484375
2016-06-27,68.63350677490234
2016-06-28,70.33670043945312
2016-06-29,71.8152847290039
2016-06-30,69.41023254394531
2016-07-01,69.70035552978516
2016-07-05,69.87814331054688
2016-07-06,69.30730438232422
2016-07-07,69.72840881347656
2016-07-08,71.51586151123047
2016-07-11,71.60943603515625
2016-07-12,72.5078125
2016-07-13,72.4891128540039
2016-07-14,73.1254653930664
2016-07-15,73.27523040771484
2016-07-18,73.28455352783203
2016-07-19,73.66824340820312
2016-07-20,74.2671890258789
2016-07-21,73.73375701904297
2016-07-22,74.78189086914062
2016-07-25,73.87413787841797
2016-07-26,73.45301055908203
2016-07-27,73.49046325683594
2016-07-28,74.10810089111328
2016-07-29,73.04126739501953
2016-08-01,73.23778533935547
2016-08-02,73.25648498535156
2016-08-03,73.65888977050781
2016-08-04,74.37947082519531
2016-08-05,74.99710083007812
2016-08-08,74.8193359375
2016-08-09,74.9222412109375
2016-08-10,74.5666732788086
2016-08-11,74.97843170166016
2016-08-12,74.88480377197266
2016-08-15,75.71770477294922
2016-08-16,75.62413024902344
2016-08-17,75.78347778320312
2016-08-18,75.24915313720703
2016-08-19,75.43665313720703
2016-08-22,75.98973083496094
2016-08-23,75.74600982666016
2016-08-24,75.26790618896484
2016-08-25,75.29605102539062
2016-08-26,75.53038024902344
2016-08-29,75.81163787841797
2016-08-30,76.09284973144531
2016-08-31,75.83975219726562
2016-09-01,76.2147216796875
2016-09-02,76.87092590332031
2016-09-06,77.3677978515625
2016-09-07,78.03337097167969
2016-09-08,77.7802734375
2016-09-09,76.24285125732422
2016-09-12,77.7802734375
2016-09-13,76.76780700683594
2016-09-14,76.39282989501953
2016-09-15,76.88027954101562
2016-09-16,76.93656158447266
2016-09-19,77.34904479980469
2016-09-20,77.3209228515625
2016-09-21,78.01464080810547
2016-09-22,78.14585876464844
2016-09-23,77.37716674804688
2016-09-26,76.69283294677734
2016-09-27,77.02094268798828
2016-09-28,77.7802734375
2016-09-29,76.79593658447266
2016-09-30,77.52715301513672
2016-10-03,77.6771469116211
2016-10-04,77.55528259277344
2016-10-05,78.13651275634766
2016-10-06,78.14585876464844
2016-10-07,77.69588470458984
2016-10-10,77.92089080810547
2016-10-11,76.90843200683594
2016-10-12,77.10527801513672
2016-10-13,76.74906158447266
2016-10-14,77.29279327392578
2016-10-17,77.01155853271484
2016-10-18,76.47720336914062
2016-10-19,77.63025665283203
2016-10-20,77.33966827392578
2016-10-21,77.19903564453125
2016-10-24,77.96775817871094
2016-10-25,76.89904022216797
2016-10-26,76.63655853271484
2016-10-27,76.79593658447266
2016-10-28,77.07718658447266
2016-10-31,77.34904479980469
2016-11-01,76.51470947265625
2016-11-02,75.5397720336914
2016-11-03,75.60536193847656
2016-11-04,75.33350372314453
2016-11-07,77.34904479980469
2016-11-08,77.69588470458984
2016-11-09,78.03337097167969
2016-11-10,76.74906158447266
2016-11-11,76.7584457397461
2016-11-14,73.47736358642578
2016-11-15,73.6554946899414
2016-11-16,75.22901916503906
2016-11-17,76.15904998779297
2016-11-18,75.9241943359375
2016-11-21,76.74149322509766
2016-11-22,75.088134765625
2016-11-23,74.74990844726562
2016-11-25,75.27600860595703
2016-11-28,74.28956604003906
2016-11-29,74.35533905029297
2016-11-30,72.6362075805664
2016-12-01,70.8606948852539
2016-12-02,71.13312530517578
2016-12-05,72.62683868408203
2016-12-06,72.43893432617188
2016-12-07,74.50566864013672
2016-12-08,74.47746276855469
2016-12-09,74.34593200683594
2016-12-12,73.74469757080078
2016-12-13,74.40231323242188
2016-12-14,74.33655548095703
2016-12-15,74.68414306640625
2016-12-16,73.6037826538086
2016-12-19,73.36897277832031
2016-12-20,73.61322021484375
2016-12-21,73.40653228759766
2016-12-22,73.18109893798828
2016-12-23,73.41594696044922
2016-12-27,73.6037826538086
2016-12-28,73.55685424804688
2016-12-29,73.58501434326172
2016-12-30,73.29377746582031
2017-01-03,74.68414306640625
2017-01-04,75.29476165771484
2017-01-05,76.17782592773438
2017-01-06,77.22999572753906
2017-01-09,76.79786682128906
2017-01-10,76.384521484375
2017-01-11,76.84483337402344
2017-01-12,76.44088745117188
2017-01-13,76.25298309326172
2017-01-17,76.33751678466797
2017-01-18,76.64754486083984
2017-01-19,76.77906799316406
2017-01-20,76.88241577148438
2017-01-23,77.17362976074219
2017-01-24,78.18820190429688
2017-01-25,78.81761932373047
2017-01-26,78.19756317138672
2017-01-27,78.69548034667969
2017-01-30,78.62973022460938
2017-01-31,77.6996841430664
2017-02-01,77.44606018066406
2017-02-02,77.31455993652344
2017-02-03,80.86553955078125
2017-02-06,80.63068389892578
2017-02-07,80.58370971679688
2017-02-08,79.93550872802734
2017-02-09,80.3958511352539
2017-02-10,80.69645690917969
2017-02-13,81.20376586914062
2017-02-14,81.58890533447266
2017-02-15,82.39363861083984
2017-02-16,82.27127838134766
2017-02-17,82.3183822631836
2017-02-21,82.75129699707031
2017-02-22,82.63834381103516
2017-02-23,82.99600982666016
2017-02-24,83.23133087158203
2017-02-27,82.82659912109375
2017-02-28,82.77013397216797
2017-03-01,83.75841522216797
2017-03-02,83.3254623413086
2017-03-03,83.5701675415039
2017-03-06,83.71134948730469
2017-03-07,83.82428741455078
2017-03-08,83.73014831542969
2017-03-09,83.871337890625
2017-03-10,84.45491790771484
2017-03-13,84.81254577636719
2017-03-14,84.28548431396484
2017-03-15,84.63372802734375
2017-03-16,84.74667358398438
2017-03-17,84.93490600585938
2017-03-20,83.93724060058594
2017-03-21,82.88307189941406
2017-03-22,83.3160400390625
2017-03-23,83.63603973388672
2017-03-24,83.94664764404297
2017-03-27,83.72075653076172
2017-03-28,83.88078308105469
2017-03-29,83.93724060058594
2017-03-30,83.77722930908203
2017-03-31,83.64546966552734
2017-04-03,84.1066665649414
2017-04-04,83.56076049804688
2017-04-05,83.79605102539062
2017-04-06,83.85250091552734
2017-04-07,83.52310180664062
2017-04-10,83.63603973388672
2017-04-11,83.62662506103516
2017-04-12,83.46662139892578
2017-04-13,83.64546966552734
2017-04-17,84.53022003173828
2017-04-18,84.45491790771484
2017-04-19,84.47370910644531
2017-04-20,85.79143524169922
2017-04-21,85.79143524169922
2017-04-24,86.45026397705078
2017-04-25,86.69497680664062
2017-04-26,86.4220199584961
2017-04-27,86.21498107910156
2017-04-28,85.85729217529297
2017-05-01,85.89495849609375
2017-05-02,87.09970092773438
2017-05-03,87.00557708740234
2017-05-04,87.17499542236328
2017-05-05,86.6761474609375
2017-05-08,86.5161361694336
2017-05-09,86.59146881103516
2017-05-10,86.82675170898438
2017-05-11,86.68555450439453
2017-05-12,87.27851867675781
2017-05-15,87.74913787841797
2017-05-16,87.67383575439453
2017-05-17,86.51883697509766
2017-05-18,86.4716796875
2017-05-19,87.19766235351562
2017-05-22,87.98027038574219
2017-05-23,88.4988784790039
2017-05-24,89.39460754394531
2017-05-25,89.6114730834961
2017-05-26,89.2625961303711
2017-05-30,89.30975341796875
2017-05-31,89.79061889648438
2017-06-01,89.95091247558594
2017-06-02,90.6580810546875
2017-06-05,91.03522491455078
2017-06-06,90.3186264038086
2017-06-07,90.60150909423828
2017-06-08,90.60150909423828
2017-06-09,89.15888214111328
2017-06-12,88.159423828125
2017-06-13,89.64917755126953
2017-06-14,89.87547302246094
2017-06-15,88.7911376953125
2017-06-16,88.7911376953125
2017-06-19,89.37576293945312
2017-06-20,88.98916625976562
2017-06-21,89.1400146484375
2017-06-22,88.58369445800781
2017-06-23,90.12063598632812
2017-06-26,89.78118896484375
2017-06-27,89.47946166992188
2017-06-28,90.73348999023438
2017-06-29,89.02688598632812
2017-06-30,88.4234390258789
2017-07-03,88.01795959472656
2017-07-05,88.64031982421875
2017-07-06,87.92369079589844
2017-07-07,88.555419921875
2017-07-10,89.65858459472656
2017-07-11,89.9603271484375
2017-07-12,90.68634796142578
2017-07-13,90.46007537841797
2017-07-14,91.39352416992188
2017-07-17,91.29922485351562
2017-07-18,92.00638580322266
2017-07-19,92.63811492919922
2017-07-20,92.50611877441406
2017-07-21,93.9110107421875
2017-07-24,94.63701629638672
2017-07-25,94.27873229980469
2017-07-26,95.08960723876953
2017-07-27,93.88272857666016
2017-07-28,93.4866943359375
2017-07-31,93.873291015625
2017-08-01,95.10845184326172
2017-08-02,95.49505615234375
2017-08-03,94.84443664550781
2017-08-04,95.12732696533203
2017-08-07,95.69305419921875
2017-08-08,95.49505615234375
2017-08-09,95.20275115966797
2017-08-10,93.80728912353516
2017-08-11,94.37301635742188
2017-08-14,96.05136108398438
2017-08-15,96.76793670654297
2017-08-16,97.57539367675781
2017-08-17,96.47990417480469
2017-08-18,96.81044006347656
2017-08-21,97.48096466064453
2017-08-22,98.28369140625
2017-08-23,97.44319915771484
2017-08-24,97.48096466064453
2017-08-25,97.60372924804688
2017-08-28,98.00979614257812
2017-08-29,98.00040435791016
2017-08-30,97.96261596679688
2017-08-31,97.76432037353516
2017-09-01,98.12313842773438
2017-09-05,97.28263092041016
2017-09-06,97.44319915771484
2017-09-07,98.74644470214844
2017-09-08,98.62369537353516
2017-09-11,100.248046875
2017-09-12,100.30472564697266
2017-09-13,99.94586181640625
2017-09-14,100.18195343017578
2017-09-15,99.44530487060547
2017-09-18,99.0014419555664
2017-09-19,99.54920196533203
2017-09-20,99.1336669921875
2017-09-21,99.45475769042969
2017-09-22,99.69083404541016
2017-09-25,97.29206848144531
2017-09-26,97.2165298461914
2017-09-27,98.11369323730469
2017-09-28,98.76533508300781
2017-09-29,99.3886489868164
2017-10-02,99.57752990722656
2017-10-03,99.71919250488281
2017-10-04,99.45475769042969
2017-10-05,100.33304595947266
2017-10-06,100.79579162597656
2017-10-09,101.06024932861328
2017-10-10,101.34354400634766
2017-10-11,102.41071319580078
2017-10-12,102.09906005859375
2017-10-13,102.6185073852539
2017-10-16,102.27848815917969
2017-10-17,101.56074523925781
2017-10-18,101.80632019042969
2017-10-19,101.06965637207031
2017-10-20,101.57022094726562
2017-10-23,101.55131530761719
2017-10-24,102.38240051269531
2017-10-25,103.40235137939453
2017-10-26,103.69511413574219
2017-10-27,103.61012268066406
2017-10-30,103.9217758178711
2017-10-31,103.86510467529297
2017-11-01,104.89451599121094
2017-11-02,104.80949401855469
2017-11-03,105.16840362548828
2017-11-06,105.69723510742188
2017-11-07,105.8578109741211
2017-11-08,106.21662902832031
2017-11-09,105.9050064086914
2017-11-10,105.65947723388672
2017-11-13,105.20611572265625
2017-11-14,105.75389862060547
2017-11-15,104.12010192871094
2017-11-16,105.03304290771484
2017-11-17,103.89775848388672
2017-11-20,104.02073669433594
2017-11-21,105.43987274169922
2017-11-22,104.84384155273438
2017-11-24,105.9317855834961
2017-11-27,106.3197021484375
2017-11-28,107.2468490600586
2017-11-29,103.93560028076172
2017-11-30,106.51837921142578
2017-12-01,104.75869750976562
2017-12-04,101.63665008544922
2017-12-05,102.724609375
2017-12-06,103.82207489013672
2017-12-07,105.39252471923828
2017-12-08,106.52784729003906
2017-12-11,106.31024932861328
2017-12-12,107.34148406982422
2017-12-13,107.19955444335938
2017-12-14,106.83058166503906
2017-12-15,107.68206787109375
2017-12-18,107.42662811279297
2017-12-19,106.0926513671875
2017-12-20,106.07372283935547
2017-12-21,106.34809875488281
2017-12-22,106.61300659179688
2017-12-26,106.89679718017578
2017-12-27,107.87126922607422
2017-12-28,108.18348693847656
2017-12-29,107.87126922607422
2018-01-02,108.3348159790039
2018-01-03,109.41336822509766
2018-01-04,109.82017517089844
2018-01-05,112.45027160644531
2018-01-08,112.90438842773438
2018-01-09,112.68678283691406
2018-01-10,112.56381225585938
2018-01-11,113.3774185180664
2018-01-12,113.61393737792969
2018-01-16,113.89777374267578
2018-01-17,115.40202331542969
2018-01-18,116.47106170654297
2018-01-19,116.08318328857422
2018-01-22,117.62529754638672
2018-01-23,117.92802429199219
2018-01-24,117.83341979980469
2018-01-25,118.46729278564453
2018-01-26,119.50797271728516
2018-01-29,118.10778045654297
2018-01-30,116.8873519897461
2018-01-31,117.53070068359375
2018-02-01,118.94032287597656
2018-02-02,114.38971710205078
2018-02-05,109.99993133544922
2018-02-06,113.5003890991211
2018-02-07,113.19767761230469
2018-02-08,107.71988677978516
2018-02-09,110.04723358154297
2018-02-12,112.08128356933594
2018-02-13,111.9677734375
2018-02-14,114.31401824951172
2018-02-15,115.88724517822266
2018-02-16,115.47972869873047
2018-02-20,115.6313705444336
2018-02-21,114.13394927978516
2018-02-22,114.08657836914062
2018-02-23,116.50326538085938
2018-02-26,118.07646942138672
2018-02-27,116.92025756835938
2018-02-28,116.51274108886719
2018-03-01,114.10554504394531
2018-03-02,114.45616912841797
2018-03-05,115.50814819335938
2018-03-06,114.73102569580078
2018-03-07,115.47972869873047
2018-03-08,115.83039093017578
2018-03-09,118.00065612792969
2018-03-12,117.74476623535156
2018-03-13,116.75914764404297
2018-03-14,116.17156219482422
2018-03-15,116.95816040039062
2018-03-16,118.01960754394531
2018-03-19,116.76863098144531
2018-03-20,118.37974548339844
2018-03-21,116.77810668945312
2018-03-22,113.71695709228516
2018-03-23,110.8832778930664
2018-03-26,114.33297729492188
2018-03-27,111.26236724853516
2018-03-28,110.87380981445312
2018-03-29,113.36631774902344
2018-04-02,112.20060729980469
2018-04-03,112.96825408935547
2018-04-04,113.54638671875
2018-04-05,114.85425567626953
2018-04-06,111.54670715332031
2018-04-09,112.5797119140625
2018-04-10,114.40879821777344
2018-04-11,113.51795196533203
2018-04-12,114.74050903320312
2018-04-13,114.43721771240234
2018-04-16,115.50814819335938
2018-04-17,117.3277816772461
2018-04-18,117.97222900390625
2018-04-19,117.47940826416016
2018-04-20,117.70686340332031
2018-04-23,117.9532699584961
2018-04-24,114.93004608154297
2018-04-25,114.87316131591797
2018-04-26,120.43630981445312
2018-04-27,119.4222412109375
2018-04-30,120.24674987792969
2018-05-01,120.84382629394531
2018-05-02,119.77288818359375
2018-05-03,120.53106689453125
2018-05-04,121.45984649658203
2018-05-07,122.5023422241211
2018-05-08,123.10884857177734
2018-05-09,123.99971008300781
2018-05-10,124.15138244628906
2018-05-11,124.92853546142578
2018-05-14,124.35037994384766
2018-05-15,124.24614715576172
2018-05-16,124.04711151123047
2018-05-17,123.3351821899414
2018-05-18,123.3351821899414
2018-05-21,124.02814483642578
2018-05-22,124.07561492919922
2018-05-23,125.18620300292969
2018-05-24,125.19568634033203
2018-05-25,124.61666870117188
2018-05-29,123.10733795166016
2018-05-30,124.00911712646484
2018-05-31,124.0850830078125
2018-06-01,124.20848083496094
2018-06-04,126.3158187866211
2018-06-05,126.78092193603516
2018-06-06,129.36288452148438
2018-06-07,127.04669952392578
2018-06-08,127.90098571777344
2018-06-11,127.11321258544922
2018-06-12,128.0149383544922
2018-06-13,127.57825469970703
2018-06-14,128.14784240722656
2018-06-15,128.2427520751953
2018-06-18,129.28692626953125
2018-06-19,128.25222778320312
2018-06-20,128.6224822998047
2018-06-21,127.70169067382812
2018-06-22,128.4611053466797
2018-06-25,124.28441619873047
2018-06-26,125.82222747802734
2018-06-27,124.3698501586914
2018-06-28,126.00254821777344
2018-06-29,125.72726440429688
2018-07-02,125.77472686767578
2018-07-03,124.7779769897461
2018-07-05,126.52464294433594
2018-07-06,127.28404235839844
2018-07-09,128.64144897460938
2018-07-10,129.75205993652344
2018-07-11,131.13796997070312
2018-07-12,132.79913330078125
2018-07-13,132.34347534179688
2018-07-16,131.43222045898438
2018-07-17,132.5523223876953
2018-07-18,133.74832153320312
2018-07-19,133.01747131347656
2018-07-20,133.83383178710938
2018-07-23,132.9225616455078
2018-07-24,132.9225616455078
2018-07-25,135.40003967285156
2018-07-26,135.2671356201172
2018-07-27,133.56800842285156
2018-07-30,129.552734375
2018-07-31,129.79953002929688
2018-08-01,131.2328643798828
2018-08-02,131.86886596679688
2018-08-03,132.72314453125
2018-08-06,132.61880493164062
2018-08-07,133.15988159179688
2018-08-08,133.53952026367188
2018-08-09,132.903564453125
2018-08-10,132.6377410888672
2018-08-13,133.09341430664062
2018-08-14,133.61546325683594
2018-08-15,132.81809997558594
2018-08-16,133.71173095703125
2018-08-17,134.35818481445312
2018-08-20,133.98741149902344
2018-08-21,133.13185119628906
2018-08-22,134.17758178710938
2018-08-23,135.09019470214844
2018-08-24,137.08660888671875
2018-08-27,138.22743225097656
2018-08-28,138.0372314453125
2018-08-29,139.7770233154297
2018-08-30,139.50131225585938
2018-08-31,139.64389038085938
2018-09-04,140.509033203125
2018-09-05,135.63206481933594
2018-09-06,137.37185668945312
2018-09-07,136.135986328125
2018-09-10,136.97254943847656
2018-09-11,138.31297302246094
2018-09-12,139.33975219726562
2018-09-13,140.34744262695312
2018-09-14,140.5470733642578
2018-09-17,138.96897888183594
2018-09-18,140.34744262695312
2018-09-19,140.1477508544922
2018-09-20,141.87803649902344
2018-09-21,142.6480712890625
2018-09-24,141.75440979003906
2018-09-25,142.20123291015625
2018-09-26,141.9065704345703
2018-09-27,142.61953735351562
2018-09-28,142.68603515625
2018-10-01,143.35154724121094
2018-10-02,142.2868194580078
2018-10-03,142.00160217285156
2018-10-04,139.52032470703125
2018-10-05,138.1894073486328
2018-10-08,134.890625
2018-10-09,135.2898712158203
2018-10-10,128.8347930908203
2018-10-11,127.13311767578125
2018-10-12,133.1508026123047
2018-10-15,130.46043395996094
2018-10-16,134.7479705810547
2018-10-17,135.42295837402344
2018-10-18,132.41883850097656
2018-10-19,133.16983032226562
2018-10-22,133.70223999023438
2018-10-23,132.2572021484375
2018-10-24,127.6369400024414
2018-10-25,133.58819580078125
2018-10-26,130.94525146484375
2018-10-29,127.7035140991211
2018-10-30,126.21092987060547
2018-10-31,131.04986572265625
2018-11-01,133.88284301757812
2018-11-02,132.88467407226562
2018-11-05,132.9036865234375
2018-11-06,133.84483337402344
2018-11-07,137.63800048828125
2018-11-08,138.0657958984375
2018-11-09,136.82994079589844
2018-11-12,132.82760620117188
2018-11-13,132.82760620117188
2018-11-14,132.60894775390625
2018-11-15,135.08514404296875
2018-11-16,133.5041961669922
2018-11-19,128.34228515625
2018-11-20,127.01851654052734
2018-11-21,128.0185089111328
2018-11-23,126.54232025146484
2018-11-26,129.46612548828125
2018-11-27,129.43751525878906
2018-11-28,134.64706420898438
2018-11-29,132.47561645507812
2018-11-30,134.96131896972656
2018-12-03,138.09469604492188
2018-12-04,132.03753662109375
2018-12-06,134.332763671875
2018-12-07,130.5803985595703
2018-12-10,131.31375122070312
2018-12-11,130.294677734375
2018-12-12,131.23757934570312
2018-12-13,130.9899444580078
2018-12-14,128.6566162109375
2018-12-17,125.1423568725586
2018-12-18,126.34233856201172
2018-12-19,125.00898742675781
2018-12-20,122.62805938720703
2018-12-21,118.34237670898438
2018-12-24,115.93284606933594
2018-12-26,124.0280532836914
2018-12-27,125.72328186035156
2018-12-28,124.7042465209961
2018-12-31,125.65664672851562
2019-01-02,126.5899429321289
2019-01-03,122.02806854248047
2019-01-04,127.28517150878906
2019-01-07,129.58038330078125
2019-01-08,130.28518676757812
2019-01-09,131.8185272216797
2019-01-10,132.06613159179688
2019-01-11,131.4851531982422
2019-01-14,130.57086181640625
2019-01-15,130.7994384765625
2019-01-16,130.7994384765625
2019-01-17,130.74232482910156
2019-01-18,131.90419006347656
2019-01-22,131.47564697265625
2019-01-23,130.4851837158203
2019-01-24,131.14227294921875
2019-01-25,132.06613159179688
2019-01-28,129.5137481689453
2019-01-29,128.57090759277344
2019-01-30,131.04708862304688
2019-01-31,128.58041381835938
2019-02-01,133.47564697265625
2019-02-04,134.7613983154297
2019-02-05,135.74227905273438
2019-02-06,134.75184631347656
2019-02-07,133.49468994140625
2019-02-08,133.69468688964844
2019-02-11,134.0946807861328
2019-02-12,135.22801208496094
2019-02-13,136.65658569335938
2019-02-14,136.58023071289062
2019-02-15,138.24981689453125
2019-02-19,137.80142211914062
2019-02-20,138.07806396484375
2019-02-21,137.38162231445312
2019-02-22,139.16567993164062
2019-02-25,139.34693908691406
2019-02-26,140.28189086914062
2019-02-27,140.4536590576172
2019-02-28,141.31228637695312
2019-03-01,142.60025024414062
2019-03-04,141.15965270996094
2019-03-05,141.15005493164062
2019-03-06,141.01654052734375
2019-03-07,140.08157348632812
2019-03-08,140.57766723632812
2019-03-11,143.7450714111328
2019-03-12,144.75634765625
2019-03-13,145.46240234375
2019-03-14,147.11285400390625
2019-03-15,148.31494140625
2019-03-18,147.83790588378906
2019-03-19,147.4849395751953
2019-03-20,146.68353271484375
2019-03-21,148.63931274414062
2019-03-22,146.0347442626953
2019-03-25,145.99659729003906
2019-03-26,148.16232299804688
2019-03-27,147.1318817138672
2019-03-28,147.56121826171875
2019-03-29,149.0113983154297
2019-04-01,150.03224182128906
2019-04-02,150.52830505371094
2019-04-03,151.1770782470703
2019-04-04,150.3946990966797
2019-04-05,150.4042510986328
2019-04-08,150.4996795654297
2019-04-09,150.2516632080078
2019-04-10,151.2724609375
2019-04-11,150.60458374023438
2019-04-12,152.30282592773438
2019-04-15,153.06605529785156
2019-04-16,152.86575317382812
2019-04-17,153.06605529785156
2019-04-18,152.79891967773438
2019-04-22,153.0279083251953
2019-04-23,154.22998046875
2019-04-24,154.06781005859375
2019-04-25,153.61940002441406
2019-04-26,155.44155883789062
2019-04-29,156.60552978515625
2019-04-30,156.87269592285156
2019-05-01,155.3080596923828
2019-05-02,153.71482849121094
2019-05-03,154.59255981445312
2019-05-06,154.82151794433594
2019-05-07,152.84661865234375
2019-05-08,153.37135314941406
2019-05-09,152.4650421142578
2019-05-10,153.3236541748047
2019-05-13,150.09901428222656
2019-05-14,152.84661865234375
2019-05-15,155.3080596923828
2019-05-16,157.53439331054688
2019-05-17,156.7890625
2019-05-20,156.19667053222656
2019-05-21,156.56927490234375
2019-05-22,156.9324188232422
2019-05-23,154.32388305664062
2019-05-24,155.40357971191406
2019-05-28,156.42601013183594
2019-05-29,155.48956298828125
2019-05-30,155.51821899414062
2019-05-31,154.15187072753906
2019-06-03,151.5433807373047
2019-06-04,155.10740661621094
2019-06-05,158.03126525878906
2019-06-06,159.49314880371094
2019-06-07,162.48388671875
2019-06-10,163.2196502685547
2019-06-11,162.7323455810547
2019-06-12,163.95541381835938
2019-06-13,161.81504821777344
2019-06-14,162.11123657226562
2019-06-17,162.01568603515625
2019-06-18,161.74815368652344
2019-06-19,163.0954132080078
2019-06-20,166.0097198486328
2019-06-21,165.7230682373047
2019-06-24,166.11485290527344
2019-06-25,163.65916442871094
2019-06-26,163.44895935058594
2019-06-27,163.6113739013672
2019-06-28,165.8281707763672
2019-07-01,166.20079040527344
2019-07-02,167.48121643066406
2019-07-03,169.00045776367188
2019-07-05,168.79981994628906
2019-07-08,168.35069274902344
2019-07-09,169.82220458984375
2019-07-10,171.33187866210938
2019-07-11,172.6982421875
2019-07-12,172.30653381347656
2019-07-15,172.5358428955078
2019-07-16,171.33187866210938
2019-07-17,171.17901611328125
2019-07-18,172.49758911132812
2019-07-19,171.2649688720703
2019-07-22,172.5358428955078
2019-07-23,172.8511199951172
2019-07-24,175.17298889160156
2019-07-25,173.51043701171875
2019-07-26,175.51695251464844
2019-07-29,175.0583953857422
2019-07-30,173.4530792236328
2019-07-31,170.08018493652344
2019-08-01,171.19810485839844
2019-08-02,169.52597045898438
2019-08-05,161.3468475341797
2019-08-06,164.80577087402344
2019-08-07,167.5194091796875
2019-08-08,171.89559936523438
2019-08-09,171.08348083496094
2019-08-12,168.49400329589844
2019-08-13,170.6630401611328
2019-08-14,165.7899932861328
2019-08-15,168.67019653320312
2019-08-16,170.54568481445312
2019-08-19,171.99057006835938
2019-08-20,171.5120849609375
2019-08-21,173.13882446289062
2019-08-22,172.3254852294922
2019-08-23,167.67501831054688
2019-08-26,169.93324279785156
2019-08-27,170.68923950195312
2019-08-28,170.9667205810547
2019-08-29,173.35888671875
2019-08-30,173.02394104003906
2019-09-03,171.47384643554688
2019-09-04,173.93304443359375
2019-09-05,176.76539611816406
2019-09-06,177.73187255859375
2019-09-09,173.72256469726562
2019-09-10,168.7467041015625
2019-09-11,167.435791015625
2019-09-12,170.3064727783203
2019-09-13,169.6270751953125
2019-09-16,168.51705932617188
2019-09-17,168.8424072265625
2019-09-18,167.73243713378906
2019-09-19,168.37355041503906
2019-09-20,166.5554656982422
2019-09-23,167.36883544921875
2019-09-24,166.9573211669922
2019-09-25,167.72288513183594
2019-09-26,168.076904296875
2019-09-27,166.498046875
2019-09-30,164.59384155273438
2019-10-01,166.77554321289062
2019-10-02,162.50782775878906
2019-10-03,165.416748046875
2019-10-04,168.3926544189453
2019-10-07,167.35923767089844
2019-10-08,164.98619079589844
2019-10-09,167.34007263183594
2019-10-10,167.34007263183594
2019-10-11,169.42611694335938
2019-10-14,169.71316528320312
2019-10-15,171.0432586669922
2019-10-16,170.20118713378906
2019-10-17,170.2681884765625
2019-10-18,168.13430786132812
2019-10-21,168.82330322265625
2019-10-22,163.49342346191406
2019-10-23,163.93360900878906
2019-10-24,168.56492614746094
2019-10-25,170.1820831298828
2019-10-28,172.08624267578125
2019-10-29,169.97154235839844
2019-10-30,171.52166748046875
2019-10-31,171.1485137939453
2019-11-01,173.1292724609375
2019-11-04,171.234619140625
2019-11-05,168.76585388183594
2019-11-06,169.14866638183594
2019-11-07,170.73699951171875
2019-11-08,171.25376892089844
2019-11-11,171.7991943359375
2019-11-12,171.99057006835938
2019-11-13,171.67481994628906
2019-11-14,172.2882080078125
2019-11-15,172.30740356445312
2019-11-18,172.20199584960938
2019-11-19,175.18287658691406
2019-11-20,174.11892700195312
2019-11-21,172.42239379882812
2019-11-22,172.01983642578125
2019-11-25,173.4575958251953
2019-11-26,174.97198486328125
2019-11-27,176.71641540527344
2019-11-29,176.8506317138672
2019-12-02,174.24354553222656
2019-12-03,174.3489532470703
2019-12-04,173.10293579101562
2019-12-05,174.33941650390625
2019-12-06,174.60775756835938
2019-12-09,175.32662963867188
2019-12-10,174.69403076171875
2019-12-11,174.45437622070312
2019-12-12,175.05824279785156
2019-12-13,177.45448303222656
2019-12-16,178.5088348388672
2019-12-17,177.8187255859375
2019-12-18,177.22445678710938
2019-12-19,178.7963409423828
2019-12-20,180.19578552246094
2019-12-23,179.31393432617188
2019-12-24,179.78359985351562
2019-12-26,181.3076171875
2019-12-27,181.5280303955078
2019-12-30,180.03277587890625
2019-12-31,180.09996032714844
2020-01-02,183.1862030029297
2020-01-03,181.72933959960938
2020-01-06,181.3363494873047
2020-01-07,180.85708618164062
2020-01-08,183.95303344726562
2020-01-09,185.22779846191406
2020-01-10,185.72621154785156
2020-01-13,187.2214813232422
2020-01-14,187.91160583496094
2020-01-15,191.50588989257812
2020-01-16,192.60816955566406
2020-01-17,196.20249938964844
2020-01-21,198.68495178222656
2020-01-22,199.26966857910156
2020-01-23,197.9469757080078
2020-01-24,196.49008178710938
2020-01-27,193.31744384765625
2020-01-28,194.42930603027344
2020-01-29,196.35585021972656
2020-01-30,199.56678771972656
2020-01-31,190.71034240722656
2020-02-03,192.47396850585938
2020-02-04,195.1097869873047
2020-02-05,194.39097595214844
2020-02-06,194.61138916015625
2020-02-07,194.3238525390625
2020-02-10,197.43893432617188
2020-02-11,195.47402954101562
2020-02-12,198.82870483398438
2020-02-13,199.0782928466797
2020-02-14,201.8523712158203
2020-02-18,202.72584533691406
2020-02-19,204.7511749267578
2020-02-20,202.96578979492188
2020-02-21,200.43174743652344
2020-02-24,190.8137969970703
2020-02-25,180.84063720703125
2020-02-26,179.6984405517578
2020-02-27,172.7873077392578
2020-02-28,174.46707153320312
2020-03-02,184.61297607421875
2020-03-03,178.2777557373047
2020-03-04,186.49435424804688
2020-03-05,179.45848083496094
2020-03-06,176.96275329589844
2020-03-09,164.2636260986328
2020-03-10,175.27340698242188
2020-03-11,166.0105743408203
2020-03-12,153.656982421875
2020-03-13,168.77500915527344
2020-03-16,145.91078186035156
2020-03-17,151.55487060546875
2020-03-18,142.52243041992188
2020-03-19,146.14117431640625
2020-03-20,140.93865966796875
2020-03-23,130.2936248779297
2020-03-24,148.32969665527344
2020-03-25,155.2887725830078
2020-03-26,162.10391235351562
2020-03-27,155.07760620117188
2020-03-30,158.92669677734375
2020-03-31,154.65524291992188
2020-04-01,146.9666748046875
2020-04-02,151.07492065429688
2020-04-03,145.75723266601562
2020-04-06,162.6414031982422
2020-04-07,161.8255157470703
2020-04-08,167.92076110839844
2020-04-09,166.72088623046875
2020-04-13,162.20950317382812
2020-04-14,167.6135711669922
2020-04-15,159.30105590820312
2020-04-16,155.9031219482422
2020-04-17,162.73744201660156
2020-04-20,157.63087463378906
2020-04-21,154.08897399902344
2020-04-22,159.90576171875
2020-04-23,159.70416259765625
2020-04-24,160.6064910888672
2020-04-27,164.86834716796875
2020-04-28,164.37879943847656
2020-04-29,174.4958953857422
2020-04-30,171.549072265625
2020-05-01,168.52545166015625
2020-05-04,169.08216857910156
2020-05-05,171.28030395507812
2020-05-06,171.606689453125
2020-05-07,175.3885498046875
2020-05-08,177.66351318359375
2020-05-11,176.19488525390625
2020-05-12,172.26893615722656
2020-05-13,170.2690887451172
2020-05-14,173.9323272705078
2020-05-15,176.422607421875
2020-05-18,184.0087127685547
2020-05-19,182.06651306152344
2020-05-20,186.39315795898438
2020-05-21,183.2779541015625
2020-05-22,183.5087432861328
2020-05-26,185.77783203125
2020-05-27,185.39321899414062
2020-05-28,186.77777099609375
2020-05-29,187.7200164794922
2020-06-01,186.86431884765625
2020-06-02,188.79690551757812
2020-06-03,189.28724670410156
2020-06-04,186.18162536621094
2020-06-05,191.92169189453125
2020-06-08,191.91209411621094
2020-06-09,191.41212463378906
2020-06-10,192.75819396972656
2020-06-11,181.60498046875
2020-06-12,184.8547821044922
2020-06-15,184.3740692138672
2020-06-16,185.45094299316406
2020-06-17,186.104736328125
2020-06-18,186.44125366210938
2020-06-19,184.79710388183594
2020-06-22,187.45077514648438
2020-06-23,190.34487915039062
2020-06-24,184.03750610351562
2020-06-25,186.50857543945312
2020-06-26,181.98001098632812
2020-06-29,184.0087127685547
2020-06-30,185.7297821044922
2020-07-01,186.31626892089844
2020-07-02,188.13345336914062
2020-07-06,190.14295959472656
2020-07-07,186.72007751464844
2020-07-08,187.55653381347656
2020-07-09,184.80670166015625
2020-07-10,185.13360595703125
2020-07-13,181.73960876464844
2020-07-14,185.8835906982422
2020-07-15,188.97955322265625
2020-07-16,186.0470428466797
2020-07-17,187.5758056640625
2020-07-20,190.82559204101562
2020-07-21,188.9122772216797
2020-07-22,191.2005615234375
2020-07-23,189.8256378173828
2020-07-24,187.63348388671875
2020-07-27,189.32571411132812
2020-07-28,189.16224670410156
2020-07-29,190.93141174316406
2020-07-30,186.58546447753906
2020-07-31,183.06642150878906
2020-08-03,183.34527587890625
2020-08-04,184.8836669921875
2020-08-05,188.54689025878906
2020-08-06,191.114013671875
2020-08-07,188.79690551757812
2020-08-10,189.2103271484375
2020-08-11,190.15261840820312
2020-08-12,191.08523559570312
2020-08-13,190.257080078125
2020-08-14,189.3518829345703
2020-08-17,192.03846740722656
2020-08-18,191.6340789794922
2020-08-19,193.54074096679688
2020-08-20,196.58360290527344
2020-08-21,196.56434631347656
2020-08-24,198.75985717773438
2020-08-25,200.38717651367188
2020-08-26,202.46714782714844
2020-08-27,203.20864868164062
2020-08-28,207.7151641845703
2020-08-31,204.13302612304688
2020-09-01,205.442626953125
2020-09-02,208.4566192626953
2020-09-03,201.2152862548828
2020-09-04,197.07469177246094
2020-09-08,192.7029571533203
2020-09-09,196.49688720703125
2020-09-10,194.0703125
2020-09-11,193.24217224121094
2020-09-14,197.38282775878906
2020-09-15,197.77761840820312
2020-09-16,197.5272674560547
2020-09-17,197.66209411621094
2020-09-18,195.1006622314453
2020-09-21,190.13185119628906
2020-09-22,193.12664794921875
2020-09-23,188.12899780273438
2020-09-24,188.27346801757812
2020-09-25,189.9393310546875
2020-09-28,192.89553833007812
2020-09-29,192.0481719970703
2020-09-30,192.55850219726562
2020-10-01,195.813232421875
2020-10-02,193.99325561523438
2020-10-05,195.99615478515625
2020-10-06,193.02072143554688
2020-10-07,194.96585083007812
2020-10-08,195.45693969726562
2020-10-09,198.98130798339844
2020-10-12,198.75018310546875
2020-10-13,196.74729919433594
2020-10-14,194.70584106445312
2020-10-15,192.1540985107422
2020-10-16,192.8377685546875
2020-10-19,189.669677734375
2020-10-20,190.37261962890625
2020-10-21,191.07554626464844
2020-10-22,190.65188598632812
2020-10-23,190.6711883544922
2020-10-26,185.91424560546875
2020-10-27,183.0157928466797
2020-10-28,174.16641235351562
2020-10-29,178.0181427001953
2020-10-30,174.97528076171875
2020-11-02,177.89300537109375
2020-11-03,181.35952758789062
2020-11-04,186.78089904785156
2020-11-05,190.31488037109375
2020-11-06,191.11404418945312
2020-11-09,204.79742431640625
2020-11-10,205.40406799316406
2020-11-11,204.8166961669922
2020-11-12,200.84339904785156
2020-11-13,202.98431396484375
2020-11-16,205.1253204345703
2020-11-17,203.2061767578125
2020-11-18,200.42872619628906
2020-11-19,200.17796325683594
2020-11-20,196.6194305419922
2020-11-23,200.74697875976562
2020-11-24,202.2128448486328
2020-11-25,203.37974548339844
2020-11-27,203.48582458496094
2020-11-30,202.85899353027344
2020-12-01,203.6787567138672
2020-12-02,202.69505310058594
2020-12-03,200.64089965820312
2020-12-04,205.1060028076172
2020-12-07,205.0771026611328
2020-12-08,205.1927947998047
2020-12-09,202.11642456054688
2020-12-10,200.216552734375
2020-12-11,198.8953857421875
2020-12-14,199.869384765625
2020-12-15,200.93983459472656
2020-12-16,200.85305786132812
2020-12-17,203.659423828125
2020-12-18,203.78482055664062
2020-12-21,201.56671142578125
2020-12-22,198.5095977783203
2020-12-23,197.9888153076172
2020-12-24,201.2677459716797
2020-12-28,205.05780029296875
2020-12-29,206.73582458496094
2020-12-30,210.58370971679688
2020-12-31,210.94058227539062
2021-01-04,210.00511169433594
2021-01-05,206.87081909179688
2021-01-06,205.04815673828125
2021-01-07,206.19573974609375
2021-01-08,207.7773895263672
2021-01-11,205.30853271484375
2021-01-12,201.42205810546875
2021-01-13,201.89462280273438
2021-01-14,194.67135620117188
2021-01-15,194.41094970703125
2021-01-19,194.47845458984375
2021-01-20,198.67349243164062
2021-01-21,197.8345489501953
2021-01-22,194.82566833496094
2021-01-25,193.82266235351562
2021-01-26,194.81597900390625
2021-01-27,188.02671813964844
2021-01-28,191.1609344482422
2021-01-29,186.36795043945312
2021-02-01,191.2959442138672
2021-02-02,195.39463806152344
2021-02-03,194.1891326904297
2021-02-04,201.7981719970703
2021-02-05,201.33523559570312
2021-02-08,199.52223205566406
2021-02-09,199.16539001464844
2021-02-10,199.0882110595703
2021-02-11,203.47335815429688
2021-02-12,202.7972412109375
2021-02-16,200.80747985839844
2021-02-17,200.4308319091797
2021-02-18,202.20802307128906
2021-02-19,197.74563598632812
2021-02-22,201.21319580078125
2021-02-23,204.87387084960938
2021-02-24,211.94415283203125
2021-02-25,206.45791625976562
2021-02-26,205.1443328857422
2021-03-01,209.2397003173828
2021-03-02,208.4090576171875
2021-03-03,207.52040100097656
2021-03-04,204.28468322753906
2021-03-05,208.06129455566406
2021-03-08,212.7554931640625
2021-03-09,212.8424072265625
2021-03-10,215.55654907226562
2021-03-11,218.43490600585938
2021-03-12,216.7059783935547
2021-03-15,215.65316772460938
2021-03-16,217.03439331054688
2021-03-17,215.4116973876953
2021-03-18,213.1322021484375
2021-03-19,199.84161376953125
2021-03-22,200.9040985107422
2021-03-23,201.04898071289062
2021-03-24,200.9717254638672
2021-03-25,200.8751220703125
2021-03-26,206.2454376220703
2021-03-29,207.19200134277344
2021-03-30,204.6710205078125
2021-03-31,204.50686645507812
2021-04-01,209.4618682861328
2021-04-05,211.5674591064453
2021-04-06,211.19078063964844
2021-04-07,211.78965759277344
2021-04-08,213.17079162597656
2021-04-09,214.92874145507812
2021-04-12,213.91458129882812
2021-04-13,213.47991943359375
2021-04-14,214.40713500976562
2021-04-15,218.56048583984375
2021-04-16,218.68603515625
2021-04-19,218.08717346191406
2021-04-20,215.66281127929688
2021-04-21,219.6905517578125
2021-04-22,219.80648803710938
2021-04-23,222.1536102294922
2021-04-26,222.48193359375
2021-04-27,222.06663513183594
2021-04-28,225.48587036132812
2021-04-29,228.77951049804688
2021-04-30,225.5921173095703
2021-05-03,224.67453002929688
2021-05-04,224.11428833007812
2021-05-05,221.3905029296875
2021-05-06,223.4285125732422
2021-05-07,224.20126342773438
2021-05-10,218.2610626220703
2021-05-11,217.7877655029297
2021-05-12,213.10324096679688
2021-05-13,216.4210205078125
2021-05-14,219.51632690429688
2021-05-17,219.03268432617188
2021-05-18,218.19117736816406
2021-05-19,217.2432403564453
2021-05-20,219.03268432617188
2021-05-21,219.35195922851562
2021-05-24,221.81849670410156
2021-05-25,221.52830505371094
2021-05-26,219.64212036132812
2021-05-27,219.43894958496094
2021-05-28,219.86459350585938
2021-06-01,219.21649169921875
2021-06-02,222.14736938476562
2021-06-03,220.6480712890625
2021-06-04,222.61166381835938
2021-06-07,223.75306701660156
2021-06-08,224.45919799804688
2021-06-09,224.71066284179688
2021-06-10,226.29701232910156
2021-06-11,227.27401733398438
2021-06-14,226.42282104492188
2021-06-15,225.3587646484375
2021-06-16,222.08934020996094
2021-06-17,224.55587768554688
2021-06-18,222.87283325195312
2021-06-21,226.65496826171875
2021-06-22,228.2122344970703
2021-06-23,227.00314331054688
2021-06-24,228.51210021972656
2021-06-25,229.55682373046875
2021-06-28,226.43246459960938
2021-06-29,228.2316131591797
2021-06-30,226.1713104248047
2021-07-01,227.45774841308594
2021-07-02,230.82394409179688
2021-07-06,231.76220703125
2021-07-07,232.14910888671875
2021-07-08,228.87002563476562
2021-07-09,230.66915893554688
2021-07-12,230.08885192871094
2021-07-13,234.42227172851562
2021-07-14,237.94317626953125
2021-07-15,240.41946411132812
2021-07-16,240.0034942626953
2021-07-19,232.5457000732422
2021-07-20,234.76080322265625
2021-07-21,235.68943786621094
2021-07-22,236.1536865234375
2021-07-23,240.87405395507812
2021-07-26,242.06381225585938
2021-07-27,242.72158813476562
2021-07-28,238.86212158203125
2021-07-29,239.81005859375
2021-07-30,238.330078125
2021-08-02,231.93634033203125
2021-08-03,229.3343048095703
2021-08-04,228.92803955078125
2021-08-05,232.35226440429688
2021-08-06,233.50331115722656
2021-08-09,232.14910888671875
2021-08-10,230.28228759765625
2021-08-11,227.3707275390625
2021-08-12,224.51333618164062
2021-08-13,225.34632873535156
2021-08-16,227.97128295898438
2021-08-17,227.1673126220703
2021-08-18,224.3583526611328
2021-08-19,224.3002471923828
2021-08-20,224.09683227539062
2021-08-23,226.78956604003906
2021-08-24,226.88641357421875
2021-08-25,225.28822326660156
2021-08-26,223.28321838378906
2021-08-27,225.38510131835938
2021-08-30,223.97091674804688
2021-08-31,221.90782165527344
2021-09-01,222.895751953125
2021-09-02,217.1422576904297
2021-09-03,218.04302978515625
2021-09-07,219.1666259765625
2021-09-08,221.89810180664062
2021-09-09,220.3483428955078
2021-09-10,217.8493194580078
2021-09-13,217.57814025878906
2021-09-14,216.0283660888672
2021-09-15,216.78387451171875
2021-09-16,217.2875518798828
2021-09-17,214.7885284423828
2021-09-20,213.1418914794922
2021-09-21,213.25811767578125
2021-09-22,215.7571258544922
2021-09-23,221.142578125
2021-09-24,224.31961059570312
2021-09-27,222.39210510253906
2021-09-28,218.47891235351562
2021-09-29,219.56375122070312
2021-09-30,215.7571258544922
2021-10-01,223.22509765625
2021-10-04,217.6749725341797
2021-10-05,217.23907470703125
2021-10-06,219.3990936279297
2021-10-07,223.31228637695312
2021-10-08,223.0410614013672
2021-10-11,218.04302978515625
2021-10-12,217.01632690429688
2021-10-13,215.4762725830078
2021-10-14,218.11085510253906
2021-10-15,223.73846435546875
2021-10-18,223.40908813476562
2021-10-19,226.18905639648438
2021-10-20,224.15496826171875
2021-10-21,223.01202392578125
2021-10-22,223.97091674804688
2021-10-25,226.53775024414062
2021-10-26,224.54237365722656
2021-10-27,209.0059814453125
2021-10-28,203.25244140625
2021-10-29,205.121826171875
2021-11-01,205.7902069091797
2021-11-02,202.5744171142578
2021-11-03,201.5670623779297
2021-11-04,202.22572326660156
2021-11-05,209.8679962158203
2021-11-08,213.56808471679688
2021-11-09,206.6909637451172
2021-11-10,209.16041564941406
2021-11-11,204.17303466796875
2021-11-12,205.79344177246094
2021-11-15,205.99722290039062
2021-11-16,208.7916717529297
2021-11-17,198.97216796875
2021-11-18,197.29348754882812
2021-11-19,194.89686584472656
2021-11-22,189.77359008789062
2021-11-23,192.59719848632812
2021-11-24,197.21588134765625
2021-11-26,191.78213500976562
2021-11-29,190.4624786376953
2021-11-30,188.01736450195312
2021-12-01,184.5145263671875
2021-12-02,192.4031524658203
2021-12-03,190.4916229248047
2021-12-06,196.66278076171875
2021-12-07,201.2135467529297
2021-12-08,202.78549194335938
2021-12-09,205.11424255371094
2021-12-10,207.06455993652344
2021-12-13,204.75518798828125
2021-12-14,203.74606323242188
2021-12-15,206.00692749023438
2021-12-16,208.00570678710938
2021-12-17,205.5896453857422
2021-12-20,202.54290771484375
2021-12-21,208.98577880859375
2021-12-22,211.48919677734375
2021-12-23,210.18893432617188
2021-12-27,211.16897583007812
2021-12-28,211.57647705078125
2021-12-29,211.6929168701172
2021-12-30,211.40184020996094
2021-12-31,210.27627563476562
2022-01-03,214.8561248779297
2022-01-04,215.85560607910156
2022-01-05,213.46861267089844
2022-01-06,213.2260284423828
2022-01-07,210.5188751220703
2022-01-10,205.67698669433594
2022-01-11,208.01544189453125
2022-01-12,209.30601501464844
2022-01-13,208.61705017089844
2022-01-14,208.2968292236328
2022-01-18,209.30601501464844
2022-01-19,208.3065185546875
2022-01-20,207.98635864257812
2022-01-21,199.81629943847656
2022-01-24,195.85745239257812
2022-01-25,196.00299072265625
2022-01-26,199.7581024169922
2022-01-27,200.02976989746094
2022-01-28,221.2310791015625
2022-01-31,219.4553985595703
2022-02-01,225.461669921875
2022-02-02,228.4308319091797
2022-02-03,224.66598510742188
2022-02-04,221.60951232910156
2022-02-07,220.4160614013672
2022-02-08,221.1728973388672
2022-02-09,224.01585388183594
2022-02-10,219.2487335205078
2022-02-11,218.37403869628906
2022-02-14,219.0058135986328
2022-02-15,221.41610717773438
2022-02-16,222.38796997070312
2022-02-17,218.2963104248047
2022-02-18,216.4302520751953
2022-02-22,215.0988006591797
2022-02-23,209.8797149658203
2022-02-24,211.1918182373047
2022-02-25,213.10641479492188
2022-02-28,210.0449676513672
2022-03-01,203.09593200683594
2022-03-02,202.6197052001953
2022-03-03,201.40487670898438
2022-03-04,194.6599578857422
2022-03-07,185.33950805664062
2022-03-08,186.3210906982422
2022-03-09,194.1448516845703
2022-03-10,192.4051513671875
2022-03-11,191.1805877685547
2022-03-14,194.69883728027344
2022-03-15,200.3455047607422
2022-03-16,205.91441345214844
2022-03-17,207.4500274658203
2022-03-18,212.950927734375
2022-03-21,210.9390869140625
2022-03-22,212.32888793945312
2022-03-23,208.64541625976562
2022-03-24,211.20150756835938
2022-03-25,212.29000854492188
2022-03-28,214.5642547607422
2022-03-29,221.70765686035156
2022-03-30,217.65484619140625
2022-03-31,215.53614807128906
2022-04-01,219.99717712402344
2022-04-04,221.33836364746094
2022-04-05,219.73471069335938
2022-04-06,212.85374450683594
2022-04-07,210.07411193847656
2022-04-08,210.8808135986328
2022-04-11,208.71347045898438
2022-04-12,205.4576416015625
2022-04-13,207.27508544921875
2022-04-14,206.80856323242188
2022-04-18,207.17788696289062
2022-04-19,209.6367645263672
2022-04-20,211.66799926757812
2022-04-21,210.36569213867188
2022-04-22,202.31845092773438
2022-04-25,204.04837036132812
2022-04-26,195.4471893310547
2022-04-27,208.09146118164062
2022-04-28,214.45733642578125
2022-04-29,207.1390380859375
2022-05-02,205.58399963378906
2022-05-03,202.69749450683594
2022-05-04,208.48995971679688
2022-05-05,199.47080993652344
2022-05-06,197.1188201904297
2022-05-09,187.57485961914062
2022-05-10,188.13856506347656
2022-05-11,191.19029235839844
2022-05-12,188.87765502929688
2022-05-13,193.99952697753906
2022-05-16,192.61685180664062
2022-05-17,198.64434814453125
2022-05-18,194.73960876464844
2022-05-19,192.18838500976562
2022-05-20,193.80479431152344
2022-05-23,202.11085510253906
2022-05-24,197.31028747558594
2022-05-25,198.48854064941406
2022-05-26,203.07485961914062
2022-05-27,207.2911834716797
2022-05-31,206.59986877441406
2022-06-01,204.41860961914062
2022-06-02,209.40420532226562
2022-06-03,207.06723022460938
2022-06-06,207.34959411621094
2022-06-07,208.86868286132812
2022-06-08,207.89492797851562
2022-06-09,200.69894409179688
2022-06-10,194.27218627929688
2022-06-13,187.2125244140625
2022-06-14,188.439453125
2022-06-15,191.01016235351562
2022-06-16,184.08682250976562
2022-06-17,185.0216064453125
2022-06-21,189.28663635253906
2022-06-22,188.7315673828125
2022-06-23,191.47755432128906
2022-06-24,200.1146697998047
2022-06-27,198.21585083007812
2022-06-28,192.91871643066406
2022-06-29,194.26246643066406
2022-06-30,191.7209930419922
2022-07-01,193.9508514404297
2022-07-05,195.27516174316406
2022-07-06,195.83993530273438
2022-07-07,197.47584533691406
2022-07-08,198.2256317138672
2022-07-11,199.67649841308594
2022-07-12,199.44281005859375
2022-07-13,198.7904052734375
2022-07-14,200.50416564941406
2022-07-15,204.5257568359375
2022-07-18,201.77005004882812
2022-07-19,208.05072021484375
2022-07-20,207.7683563232422
2022-07-21,210.51429748535156
2022-07-22,208.08966064453125
2022-07-25,208.6446990966797
2022-07-26,206.91143798828125
2022-07-27,204.9444580078125
2022-07-28,205.8013458251953
2022-07-29,206.54141235351562
2022-08-01,205.8110809326172
2022-08-02,200.84498596191406
2022-08-03,203.00668334960938
2022-08-04,207.86570739746094
2022-08-05,210.20269775390625
2022-08-08,207.71963500976562
2022-08-09,204.73997497558594
2022-08-10,206.53164672851562
2022-08-11,205.90252685546875
2022-08-12,206.14639282226562
2022-08-15,211.11151123046875
2022-08-16,211.81385803222656
2022-08-17,209.2581329345703
2022-08-18,209.97021484375
2022-08-19,207.5998077392578
2022-08-22,203.4930419921875
2022-08-23,201.7274932861328
2022-08-24,201.6006622314453
2022-08-25,204.67340087890625
2022-08-26,197.9133758544922
2022-08-29,197.3671112060547
2022-08-30,196.44039916992188
2022-08-31,193.83590698242188
2022-09-01,195.22108459472656
2022-09-02,192.90921020507812
2022-09-06,193.76763916015625
2022-09-07,195.50396728515625
2022-09-08,195.78684997558594
2022-09-09,200.16673278808594
2022-09-12,201.56166076660156
2022-09-13,194.77236938476562
2022-09-14,194.5187530517578
2022-09-15,190.57781982421875
2022-09-16,188.55862426757812
2022-09-19,188.39279174804688
2022-09-20,187.35879516601562
2022-09-21,182.4326629638672
2022-09-22,181.2328338623047
2022-09-23,179.44773864746094
2022-09-26,176.16036987304688
2022-09-27,173.50709533691406
2022-09-28,174.7849578857422
2022-09-29,175.6433868408203
2022-09-30,173.29249572753906
2022-10-03,177.19435119628906
2022-10-04,181.09625244140625
2022-10-05,183.0667266845703
2022-10-06,181.03773498535156
2022-10-07,179.32089233398438
2022-10-10,177.71136474609375
2022-10-11,174.74594116210938
2022-10-12,173.86802673339844
2022-10-13,180.1305694580078
2022-10-14,178.14056396484375
2022-10-17,180.7061004638672
2022-10-18,182.57899475097656
2022-10-19,181.83763122558594
2022-10-20,182.62774658203125
2022-10-21,185.70050048828125
2022-10-24,186.03213500976562
2022-10-25,189.61212158203125
2022-10-26,198.34259033203125
2022-10-27,199.27903747558594
2022-10-28,204.20518493652344
2022-10-31,202.07864379882812
2022-11-01,201.8542938232422
2022-11-02,196.02098083496094
2022-11-03,189.97305297851562
2022-11-04,192.14834594726562
2022-11-07,195.1918182373047
2022-11-08,196.8306427001953
2022-11-09,189.59596252441406
2022-11-10,200.97586059570312
2022-11-11,200.41860961914062
2022-11-14,202.23703002929688
2022-11-15,205.2970733642578
2022-11-16,205.44371032714844
2022-11-17,206.27471923828125
2022-11-18,206.08900451660156
2022-11-21,201.70909118652344
2022-11-22,205.6294708251953
2022-11-23,206.99818420410156
2022-11-25,209.0121612548828
2022-11-28,206.53868103027344
2022-11-29,204.3878631591797
2022-11-30,212.15040588378906
2022-12-01,212.15040588378906
2022-12-02,212.79566955566406
2022-12-05,208.9046173095703
2022-12-06,204.40740966796875
2022-12-07,203.16578674316406
2022-12-08,204.42698669433594
2022-12-09,204.03591918945312
2022-12-12,209.79429626464844
2022-12-13,208.27891540527344
2022-12-14,208.55267333984375
2022-12-15,203.26358032226562
2022-12-16,202.26634216308594
2022-12-19,200.24261474609375
2022-12-20,200.77056884765625
2022-12-21,202.1881561279297
2022-12-22,200.4772491455078
2022-12-23,201.23004150390625
2022-12-27,201.6797637939453
2022-12-28,200.4088592529297
2022-12-29,203.41021728515625
2022-12-30,203.11691284179688
2023-01-03,202.75518798828125
2023-01-04,207.85855102539062
2023-01-05,206.3920440673828
2023-01-06,212.88365173339844
2023-01-09,213.71466064453125
2023-01-10,216.1490020751953
2023-01-11,217.13645935058594
2023-01-12,218.62245178222656
2023-01-13,218.07496643066406
2023-01-17,218.01632690429688
2023-01-18,214.55543518066406
2023-01-19,215.48422241210938
2023-01-20,219.2970428466797
2023-01-23,219.16993713378906
2023-01-24,218.8864288330078
2023-01-25,219.8738555908203
2023-01-26,219.68812561035156
2023-01-27,226.2677001953125
2023-01-30,223.9800262451172
2023-01-31,225.0652313232422
2023-02-01,225.73977661132812
2023-02-02,224.4297332763672
2023-02-03,224.9869842529297
2023-02-06,224.31239318847656
2023-02-07,226.15037536621094
2023-02-08,225.05540466308594
2023-02-09,224.66358947753906
2023-02-10,222.55751037597656
2023-02-13,224.20318603515625
2023-02-14,224.70277404785156
2023-02-15,224.24237060546875
2023-02-16,221.21551513671875
2023-02-17,218.9918670654297
2023-02-21,216.11196899414062
2023-02-22,215.5242156982422
2023-02-23,216.61154174804688
2023-02-24,215.06385803222656
2023-02-27,215.8474884033203
2023-02-28,215.4458465576172
2023-03-01,213.89817810058594
2023-03-02,214.58383178710938
2023-03-03,219.1975860595703
2023-03-06,222.11669921875
2023-03-07,218.60984802246094
2023-03-08,217.64988708496094
2023-03-09,215.51441955566406
2023-03-10,211.7235107421875
2023-03-13,210.08766174316406
2023-03-14,214.1920166015625
2023-03-15,211.9488067626953
2023-03-16,213.00672912597656
2023-03-17,212.94798278808594
2023-03-20,213.6924591064453
2023-03-21,217.41477966308594
2023-03-22,215.54380798339844
2023-03-23,218.04171752929688
2023-03-24,216.52340698242188
2023-03-27,217.27767944335938
2023-03-28,215.82786560058594
2023-03-29,218.73721313476562
2023-03-30,217.81642150878906
2023-03-31,220.8530731201172
2023-04-03,224.32077026367188
2023-04-04,223.0081024169922
2023-04-05,223.5076904296875
2023-04-06,221.37220764160156
2023-04-10,221.80325317382812
2023-04-11,223.78195190429688
2023-04-12,223.15504455566406
2023-04-13,227.9353485107422
2023-04-14,229.2381591796875
2023-04-17,228.7091827392578
2023-04-18,228.82672119140625
2023-04-19,227.81781005859375
2023-04-20,229.8063201904297
2023-04-21,229.26754760742188
2023-04-24,228.00390625
2023-04-25,224.89866638183594
2023-04-26,223.48809814453125
2023-04-27,224.3305206298828
2023-04-28,227.97451782226562
2023-05-01,227.7589874267578
2023-05-02,222.34201049804688
2023-05-03,221.36245727539062
2023-05-04,220.99021911621094
2023-05-05,227.04393005371094
2023-05-08,227.4847412109375
2023-05-09,228.4936981201172
2023-05-10,226.5443572998047
2023-05-11,226.73081970214844
2023-05-12,227.09397888183594
2023-05-15,228.4975128173828
2023-05-16,226.20083618164062
2023-05-17,228.34042358398438
2023-05-18,229.27285766601562
2023-05-19,228.98825073242188
2023-05-22,226.99583435058594
2023-05-23,220.41993713378906
2023-05-24,218.13308715820312
2023-05-25,219.2421875
2023-05-26,220.84197998046875
2023-05-30,217.53440856933594
2023-05-31,216.93569946289062
2023-06-01,222.30438232421875
2023-06-02,224.55197143554688
2023-06-05,222.5694122314453
2023-06-06,223.99252319335938
2023-06-07,221.09718322753906
2023-06-08,218.91830444335938
2023-06-09,219.4188232421875
2023-06-12,221.98049926757812
2023-06-13,219.2617950439453
2023-06-14,219.30105590820312
2023-06-15,221.98049926757812
2023-06-16,224.66973876953125
2023-06-20,222.27493286132812
2023-06-21,223.04051208496094
2023-06-22,224.1593780517578
2023-06-23,225.29788208007812
2023-06-26,222.1080780029297
2023-06-27,223.12879943847656
2023-06-28,223.7373504638672
2023-06-29,229.9795379638672
2023-06-30,233.08096313476562
2023-07-03,233.56190490722656
2023-07-05,235.0144805908203
2023-07-06,234.455078125
2023-07-07,232.07005310058594
2023-07-10,233.74839782714844
2023-07-11,236.0941162109375
2023-07-12,237.72335815429688
2023-07-13,238.802978515625
2023-07-14,238.65577697753906
2023-07-17,239.4704132080078
2023-07-18,236.31004333496094
2023-07-19,236.947998046875
2023-07-20,235.18133544921875
2023-07-21,234.81820678710938
2023-07-24,236.28062438964844
2023-07-25,234.26858520507812
2023-07-26,232.70803833007812
2023-07-27,230.09730529785156
2023-07-28,231.3830108642578
2023-07-31,233.3263702392578
2023-08-01,235.33837890625
2023-08-02,233.15951538085938
2023-08-03,234.33724975585938
2023-08-04,234.56300354003906
2023-08-07,237.03634643554688
2023-08-08,234.85743713378906
2023-08-09,235.31875610351562
2023-08-10,236.1545867919922
2023-08-11,236.03659057617188
2023-08-14,238.848876953125
2023-08-15,235.830078125
2023-08-16,235.299072265625
2023-08-17,233.41110229492188
2023-08-18,234.19776916503906
2023-08-21,235.4662628173828
2023-08-22,236.5577392578125
2023-08-23,238.2589111328125
2023-08-24,235.4761199951172
2023-08-25,238.5243682861328
2023-08-28,239.76336669921875
2023-08-29,241.24818420410156
2023-08-30,242.12332153320312
2023-08-31,241.58251953125
2023-09-01,243.97198486328125
2023-09-05,241.24818420410156
2023-09-06,242.0545196533203
2023-09-07,243.01817321777344
2023-09-08,243.1656494140625
2023-09-11,243.0968475341797
2023-09-12,243.1754913330078
2023-09-13,243.69667053222656
2023-09-14,237.4722137451172
2023-09-15,237.04942321777344
2023-09-18,240.57952880859375
2023-09-19,239.4978790283203
2023-09-20,237.82623291015625
2023-09-21,232.66378784179688
2023-09-22,231.15931701660156
2023-09-25,229.46798706054688
2023-09-26,225.8198699951172
2023-09-27,225.67237854003906
2023-09-28,227.7963409423828
2023-09-29,226.17388916015625
2023-10-02,227.41285705566406
2023-10-03,224.99388122558594
2023-10-04,227.36367797851562
2023-10-05,229.5859832763672
2023-10-06,231.11996459960938
2023-10-09,230.5299835205078
2023-10-10,232.65396118164062
2023-10-11,231.74929809570312
2023-10-12,232.83094787597656
2023-10-13,233.70614624023438
2023-10-16,236.0660858154297
2023-10-17,237.17726135253906
2023-10-18,233.5094451904297
2023-10-19,229.9104766845703
2023-10-20,229.48764038085938
2023-10-23,227.6685028076172
2023-10-24,230.7364959716797
2023-10-25,232.89979553222656
2023-10-26,227.4226837158203
2023-10-27,225.44618225097656
2023-10-30,229.19265747070312
2023-10-31,231.17897033691406
2023-11-01,234.60093688964844
2023-11-02,239.19305419921875
2023-11-03,239.53721618652344
2023-11-06,239.42904663085938
2023-11-07,240.6876983642578
2023-11-08,240.35267639160156
2023-11-09,238.11575317382812
2023-11-10,241.67312622070312
2023-11-13,241.10157775878906
2023-11-14,243.3384552001953
2023-11-15,244.49139404296875
2023-11-16,244.9447021484375
2023-11-17,245.92025756835938
2023-11-20,246.32427978515625
2023-11-21,248.55130004882812
2023-11-22,250.01959228515625
2023-11-24,250.5911102294922
2023-11-27,250.43344116210938
2023-11-28,249.25096130371094
2023-11-29,250.5221405029297
2023-11-30,252.93638610839844
2023-12-01,252.70977783203125
2023-12-04,250.7290802001953
2023-12-05,250.8966064453125
2023-12-06,250.5812530517578
2023-12-07,252.0889434814453
2023-12-08,252.01011657714844
2023-12-11,252.77874755859375
2023-12-12,255.77442932128906
2023-12-13,258.55328369140625
2023-12-14,254.95654296875
2023-12-15,254.2667236328125
2023-12-18,254.60171508789062
2023-12-19,256.1981506347656
2023-12-20,253.36013793945312
2023-12-21,255.7546844482422
2023-12-22,254.660888671875
2023-12-26,255.3802490234375
2023-12-27,255.15359497070312
2023-12-28,256.60211181640625
2023-12-29,256.5528869628906
2024-01-02,255.094482421875
2024-01-03,254.2174835205078
2024-01-04,255.8236846923828
2024-01-05,255.90249633789062
2024-01-08,258.7109069824219
2024-01-09,259.4893798828125
2024-01-10,260.7014465332031
2024-01-11,260.17919921875
2024-01-12,260.31719970703125
2024-01-16,261.3715515136719
2024-01-17,262.7412414550781
2024-01-18,264.2292785644531
2024-01-19,266.94903564453125
2024-01-22,267.2446594238281
2024-01-23,267.3037414550781
2024-01-24,267.6880798339844
2024-01-25,268.6340026855469
2024-01-26,264.03216552734375
2024-01-29,269.66876220703125
2024-01-30,273.10784912109375
2024-01-31,269.2746276855469
2024-02-01,273.0093078613281
2024-02-02,273.13739013671875
2024-02-05,271.5607604980469
2024-02-06,272.7235412597656
2024-02-07,275.31524658203125
2024-02-08,272.26458740234375
2024-02-09,272.90631103515625
2024-02-12,271.56365966796875
2024-02-13,272.294189453125
2024-02-14,274.0218505859375
2024-02-15,277.3982849121094
2024-02-16,275.0091552734375
2024-02-20,271.642578125
2024-02-21,273.2320861816406
2024-02-22,280.13299560546875
2024-02-23,279.98492431640625
2024-02-26,280.5278625488281
2024-02-27,279.5603942871094
2024-02-28,281.989013671875
2024-02-29,279.037109375
2024-03-01,279.5505065917969
2024-03-04,276.95404052734375
2024-03-05,275.8186950683594
2024-03-06,276.85528564453125
2024-03-07,274.7129821777344
2024-03-08,276.47027587890625
2024-03-11,276.983642578125
2024-03-12,280.3008117675781
2024-03-13,281.50531005859375
2024-03-14,282.7590637207031
2024-03-15,279.4320983886719
2024-03-18,281.4163818359375
2024-03-19,283.6871337890625
2024-03-20,285.59246826171875
2024-03-21,286.6685791015625
2024-03-22,279.64923095703125
2024-03-25,277.6253356933594
2024-03-26,277.02313232421875
2024-03-27,275.4632873535156
2024-03-28,275.5224609375
2024-04-01,274.73272705078125
2024-04-02,274.8906555175781
2024-04-03,273.4295349121094
2024-04-04,270.50726318359375
2024-04-05,273.60723876953125
2024-04-08,274.2193603515625
2024-04-09,273.1925964355469
2024-04-10,270.9811706542969
2024-04-11,272.16583251953125
2024-04-12,272.4422912597656
2024-04-15,267.8219299316406
2024-04-16,267.89111328125
2024-04-17,269.2139587402344
2024-04-18,267.9107360839844
2024-04-19,266.3410339355469
2024-04-22,268.85858154296875
2024-04-23,270.6158447265625
2024-04-24,271.5142822265625
2024-04-25,271.65252685546875
2024-04-26,271.0206604003906
2024-04-29,268.37481689453125
2024-04-30,265.18597412109375
2024-05-01,263.91241455078125
2024-05-02,264.1986999511719
2024-05-03,265.0674743652344
2024-05-06,269.1942138671875
2024-05-07,272.9359130859375
2024-05-08,273.6566162109375
2024-05-09,274.9894104003906
2024-05-10,277.16131591796875
2024-05-13,275.82855224609375
2024-05-14,274.1995849609375
2024-05-15,277.9116516113281
2024-05-16,276.7841491699219
2024-05-17,277.041259765625
2024-05-20,275.4983215332031
2024-05-21,272.9366455078125
2024-05-22,272.57061767578125
2024-05-23,271.2353515625
2024-05-24,271.4925231933594
2024-05-28,268.0209045410156
2024-05-29,265.92401123046875
2024-05-30,268.3373718261719
2024-05-31,269.4847106933594
2024-06-03,267.4274597167969
2024-06-04,269.4451599121094
2024-06-05,271.5024719238281
2024-06-06,274.0147399902344
2024-06-07,275.6269226074219
2024-06-10,272.0364990234375
2024-06-11,271.67059326171875
2024-06-12,267.36810302734375
2024-06-13,268.22857666015625
2024-06-14,267.7043762207031
2024-06-17,268.20880126953125
2024-06-18,270.63201904296875
2024-06-20,273.7970886230469
2024-06-21,272.2146301269531
2024-06-24,273.2827453613281
2024-06-25,270.5429992675781
2024-06-26,270.6122741699219
2024-06-27,263.6788635253906
2024-06-28,259.60382080078125
2024-07-01,260.3653869628906
2024-07-02,265.3009033203125
2024-07-03,266.0525817871094
2024-07-05,267.4076232910156
2024-07-08,263.4908752441406
2024-07-09,262.5413818359375
2024-07-10,260.1280212402344
2024-07-11,259.68292236328125
2024-07-12,262.8380432128906
2024-07-15,265.5185241699219
2024-07-16,266.30975341796875
2024-07-17,269.72210693359375
2024-07-18,266.2108459472656
2024-07-19,262.5611267089844
2024-07-22,264.7865905761719
2024-07-23,261.8984375
2024-07-24,251.39443969726562
2024-07-25,250.96914672851562
2024-07-26,256.62664794921875
2024-07-29,258.7433166503906
2024-07-30,260.2269592285156
2024-07-31,262.7688903808594
2024-08-01,263.0260009765625
2024-08-02,263.66888427734375
2024-08-05,253.6396484375
2024-08-06,255.4397735595703
2024-08-07,253.71875
2024-08-08,256.9925842285156
2024-08-09,257.4385986328125
2024-08-12,257.56744384765625
2024-08-13,257.8052978515625
2024-08-14,258.8062744140625
2024-08-15,264.4156494140625
2024-08-16,264.990478515625
2024-08-19,264.088623046875
2024-08-20,265.64459228515625
2024-08-21,265.80316162109375
2024-08-22,265.5455017089844
2024-08-23,265.04998779296875
2024-08-26,265.8131103515625
2024-08-27,268.3006591796875
2024-08-28,266.78436279296875
2024-08-29,271.8684997558594
2024-08-30,273.9001159667969
2024-09-03,276.0507507324219
2024-09-04,277.98333740234375
2024-09-05,276.1300354003906
2024-09-06,276.8733825683594
2024-09-09,283.05755615234375
2024-09-10,282.7900085449219
2024-09-11,281.4223327636719
2024-09-12,282.8197326660156
2024-09-13,284.7820739746094
2024-09-16,287.8840637207031
2024-09-17,288.95440673828125
2024-09-18,285.9019470214844
2024-09-19,282.6908874511719
2024-09-20,282.22509765625
2024-09-23,286.05059814453125
2024-09-24,270.3422546386719
2024-09-25,267.22039794921875
2024-09-26,269.2619934082031
2024-09-27,272.71087646484375
2024-09-30,272.4928894042969
2024-10-01,275.11920166015625
2024-10-02,274.5245056152344
2024-10-03,274.3857421875
2024-10-04,275.44622802734375
2024-10-07,271.3432312011719
2024-10-08,272.5027770996094
2024-10-09,274.4551696777344
2024-10-10,274.9903564453125
2024-10-11,275.3570251464844
2024-10-14,278.171630859375
2024-10-15,276.7940979003906
2024-10-16,284.9505310058594
2024-10-17,287.7948913574219
2024-10-18,288.0228271484375
2024-10-21,284.2865295410156
2024-10-22,282.2449035644531
2024-10-23,281.2241516113281
2024-10-24,280.68896484375
2024-10-25,279.2122802734375
2024-10-28,281.6502685546875
2024-10-29,279.3609313964844
2024-10-30,287.56689453125
2024-10-31,287.2596740722656
2024-11-01,288.1417236328125
2024-11-04,289.2418518066406
2024-11-05,290.6689758300781
2024-11-06,304.6528625488281
2024-11-07,303.067138671875
2024-11-08,305.11865234375
2024-11-11,308.14141845703125
2024-11-12,307.6648254394531
2024-11-13,307.29742431640625
2024-11-14,306.0760803222656
2024-11-15,307.4562683105469
2024-11-18,309.95849609375
2024-11-19,309.65069580078125
2024-11-20,305.2221374511719
2024-11-21,307.71441650390625
2024-11-22,307.73431396484375
2024-11-25,310.981201171875
2024-11-26,309.6208801269531
2024-11-27,312.4805908203125
2024-11-29,312.8578796386719
2024-12-02,314.41680908203125
2024-12-03,310.8025207519531
2024-12-04,307.71441650390625
2024-12-05,306.90020751953125
2024-12-06,308.8166198730469
2024-12-09,306.1257019042969
2024-12-10,310.17694091796875
2024-12-11,311.5769958496094
2024-12-12,312.013916015625
2024-12-13,312.5202941894531
2024-12-16,313.6622314453125
2024-12-17,316.05517578125
2024-12-18,307.59527587890625
2024-12-19,312.6593322753906
2024-12-20,315.4693603515625
2024-12-23,314.9828186035156
2024-12-24,318.3885803222656
2024-12-26,318.64678955078125
2024-12-27,316.4126281738281
2024-12-30,313.0862731933594
2024-12-31,313.8111267089844
2025-01-02,312.1827087402344
2025-01-03,312.6891174316406
2025-01-06,310.8323059082031
2025-01-07,309.4719543457031
2025-01-08,310.3953552246094
2025-01-10,305.53985595703125
2025-01-13,304.7554626464844
2025-01-14,306.9101257324219
2025-01-15,314.0494384765625
2025-01-16,315.0126037597656
2025-01-17,317.3658752441406
2025-01-21,321.34759521484375
2025-01-22,321.2781066894531
2025-01-23,325.8952941894531
2025-01-24,327.87127685546875
2025-01-27,332.1806640625
2025-01-28,332.1211242675781
2025-01-29,333.5111999511719
2025-01-30,340.630615234375
2025-01-31,339.38946533203125
2025-02-03,343.381103515625
2025-02-04,342.7158508300781
2025-02-05,346.9755859375
2025-02-06,345.0293884277344
2025-02-07,345.5655517578125
2025-02-10,348.75299072265625
2025-02-11,348.83251953125
2025-02-12,349.598388671875
2025-02-13,353.7160949707031
2025-02-14,351.9058837890625
2025-02-18,354.8101806640625
2025-02-19,353.3182373046875
2025-02-20,348.603759765625
2025-02-21,346.6543273925781
2025-02-24,347.9771423339844
2025-02-25,350.19512939453125
2025-02-26,348.7430114746094
2025-02-27,353.82550048828125
2025-02-28,360.75799560546875
2025-03-03,359.8727722167969
2025-03-04,350.3343811035156
2025-03-05,350.781982421875
2025-03-06,342.3078308105469
2025-03-07,343.46160888671875
2025-03-10,339.64227294921875
2025-03-11,330.3525695800781
2025-03-12,331.0487365722656
2025-03-13,326.7818298339844
2025-03-14,330.01434326171875
2025-03-17,332.7495422363281
2025-03-18,332.9683532714844
2025-03-19,338.0409240722656
2025-03-20,337.67291259765625
2025-03-21,333.8536071777344
2025-03-24,342.0194091796875
2025-03-25,342.7653503417969
2025-03-26,342.3277282714844
2025-03-27,347.9771423339844
2025-03-28,341.0048828125
2025-03-31,348.57391357421875
2025-04-01,344.486083984375
2025-04-02,344.4661560058594
2025-04-03,337.56353759765625
2025-04-04,311.4448547363281
2025-04-07,310.6391906738281
2025-04-08,306.6109619140625
2025-04-09,330.6409606933594
2025-04-10,322.8630065917969
2025-04-11,331.605712890625
2025-04-14,333.37615966796875
2025-04-15,334.00274658203125
2025-04-16,329.546875
2025-04-17,327.83612060546875
2025-04-21,318.3773193359375
2025-04-22,329.6164855957031
2025-04-23,332.5705261230469
2025-04-24,333.9033203125
2025-04-25,333.3662414550781
2025-04-28,335.6936340332031
2025-04-29,339.6820373535156
2025-04-30,343.640625
2025-05-01,340.6070556640625
2025-05-02,345.7293395996094
2025-05-05,346.7637023925781
2025-05-06,345.8287658691406
2025-05-07,347.96722412109375
2025-05-08,349.3795471191406
2025-05-09,350.6427307128906
2025-05-12,353.9349365234375
2025-05-13,354.8116455078125
2025-05-14,355.13043212890625
2025-05-15,360.9486389160156
2025-05-16,363.75811767578125
2025-05-19,366.52777099609375
2025-05-20,365.47174072265625
2025-05-21,356.96356201171875
2025-05-22,356.63482666015625
2025-05-23,352.22137451171875
2025-05-27,357.9598693847656
2025-05-28,358.3882751464844
2025-05-29,361.0483093261719
2025-05-30,363.827880859375
2025-06-02,363.9574279785156
2025-06-03,364.4953918457031
2025-06-04,366.6274108886719
2025-06-05,365.4020080566406
2025-06-06,368.8391418457031
2025-06-09,365.29241943359375
2025-06-10,369.3173522949219
2025-06-11,371.9176025390625
2025-06-12,370.0147399902344
2025-06-13,351.5339050292969
2025-06-16,354.15411376953125
2025-06-17,356.50531005859375
2025-06-18,339.1104431152344
2025-06-20,337.30718994140625
2025-06-23,342.4678649902344
2025-06-24,350.3184509277344
2025-06-25,343.97222900390625
2025-06-26,344.7393493652344
2025-06-27,347.3097229003906
2025-06-30,353.7257080078125
2025-07-01,354.1441650390625
2025-07-02,352.8988342285156
2025-07-03,357.521484375
2025-07-07,355.309814453125
2025-07-08,353.2275695800781
2025-07-09,356.42559814453125
2025-07-10,354.5526123046875
2025-07-11,346.63226318359375
2025-07-14,349.19268798828125
2025-07-15,345.72564697265625
2025-07-16,348.59490966796875
2025-07-17,348.5052490234375
2025-07-18,347.7480773925781
2025-07-21,349.63104248046875
2025-07-22,350.5475769042969
2025-07-23,353.9648132324219
2025-07-24,352.6497497558594
2025-07-25,355.70831298828125
2025-07-28,354.1441650390625
2025-07-29,349.979736328125
2025-07-30,349.6011657714844
2025-07-31,344.1814270019531
2025-08-01,338.08428955078125
2025-08-04,340.8738098144531
2025-08-05,336.1714172363281
2025-08-06,338.4728088378906
2025-08-07,330.8513488769531
2025-08-08,335.5238342285156
2025-08-11,334.6471252441406
2025-08-12,336.0743103027344
2025-08-13,341.8728332519531
2025-08-14,344.8070068359375
2025-08-15,343.7890319824219
2025-08-18,342.06243896484375
2025-08-19,341.7730407714844
2025-08-20,343.2500915527344
2025-08-21,343.0105895996094
2025-08-22,349.3480224609375
2025-08-25,348.13043212890625
2025-08-26,350.4857482910156
2025-08-27,349.65740966796875
2025-08-28,349.1683654785156
2025-08-29,351.0845947265625
2025-09-02,349.3779602050781
2025-09-03,350.1763916015625
2025-09-04,350.296142578125
2025-09-05,342.54150390625
2025-09-08,341.6233215332031
2025-09-09,343.3099670410156
2025-09-10,337.4515686035156
2025-09-11,342.81097412109375
2025-09-12,338.7590026855469
2025-09-15,338.3797302246094
2025-09-16,339.3578186035156
2025-09-17,345.515625
2025-09-18,337.511474609375
2025-09-19,340.9346618652344
2025-09-22,343.6792297363281
2025-09-23,338.03045654296875
2025-09-24,338.0104675292969
2025-09-25,334.26788330078125
2025-09-26,336.70306396484375
2025-09-29,339.487548828125
2025-09-30,340.70513916015625
2025-10-01,347.1423645019531
2025-10-02,345.26611328125
2025-10-03,349.1484069824219
2025-10-06,348.58953857421875
2025-10-07,351.72332763671875
2025-10-08,350.6654052734375
2025-10-09,346.3539733886719
2025-10-10,342.97064208984375
2025-10-13,342.621337890625
2025-10-14,347.6913146972656
2025-10-15,345.0066223144531
2025-10-16,334.7369689941406
2025-10-17,341.2141418457031
2025-10-20,343.7291564941406
2025-10-21,346.52362060546875
2025-10-22,344.67724609375
2025-10-23,345.2760925292969
2025-10-24,346.69329833984375
2025-10-27,347.1324157714844
2025-10-28,346.2142333984375
2025-10-29,340.6053466796875
2025-10-30,344.3479309082031
2025-10-31,340.06640625
2025-11-03,336.2340087890625
2025-11-04,339.62725830078125
2025-11-05,339.3677978515625
2025-11-06,336.29388427734375
2025-11-07,335.3557434082031
2025-11-10,334.18804931640625
2025-11-11,338.2500305175781
2025-11-12,338.8800048828125
2025-11-13,336.0799865722656
2025-11-14,330.0199890136719
2025-11-17,325.75
2025-11-18,321.17999267578125
2025-11-19,324.1199951171875
2025-11-20,323.7699890136719
2025-11-21,327.9800109863281
2025-11-24,329.29998779296875
2025-11-25,334.5299987792969
2025-11-26,333.7900085449219
2025-11-28,334.44000244140625
2025-12-01,330.3900146484375
2025-12-02,329.6199951171875
2025-12-03,329.6099853515625
2025-12-04,327.1000061035156
